-- Auto-generated by scripts/seed_curriculum.py
BEGIN;
INSERT INTO curriculum_subjects (id, slug, nombre, total_grados) VALUES ('1b12f349-1e35-4034-b00a-ed671effa227', 'artes_visuales', 'Artes Visuales', 6) ON CONFLICT (id) DO UPDATE SET slug = EXCLUDED.slug, nombre = EXCLUDED.nombre, total_grados = EXCLUDED.total_grados;
INSERT INTO curriculum_grades (id, subject_id, grado, label, total_objetivos) VALUES ('9c28ce04-b146-420b-8153-66273aabcce3', '1b12f349-1e35-4034-b00a-ed671effa227', '1', '1° Básico', 5) ON CONFLICT (id) DO UPDATE SET subject_id = EXCLUDED.subject_id, grado = EXCLUDED.grado, label = EXCLUDED.label, total_objetivos = EXCLUDED.total_objetivos;
INSERT INTO curriculum_objectives (id, grade_id, codigo, tipo, eje, descripcion) VALUES ('e4164429-087c-46bd-83c5-b31ef7489ce0', '9c28ce04-b146-420b-8153-66273aabcce3', 'OA1', 'conocimiento', 'Expresar y crear visualmente', 'Expresar y crear trabajos de arte a partir de la observación del: entorno natural: paisaje, animales y plantas') ON CONFLICT (id) DO UPDATE SET grade_id = EXCLUDED.grade_id, codigo = EXCLUDED.codigo, tipo = EXCLUDED.tipo, eje = EXCLUDED.eje, descripcion = EXCLUDED.descripcion;
INSERT INTO curriculum_objective_items (objective_id, orden, descripcion) VALUES ('e4164429-087c-46bd-83c5-b31ef7489ce0', 1, 'entorno cultural: vida cotidiana y familiar ú entorno artístico: obras de arte local, chileno, latinoamericano y del resto del mundo') ON CONFLICT (objective_id, orden) DO UPDATE SET descripcion = EXCLUDED.descripcion;
INSERT INTO curriculum_objectives (id, grade_id, codigo, tipo, eje, descripcion) VALUES ('1b6f67dd-552a-4bba-90c8-31173ad79d14', '9c28ce04-b146-420b-8153-66273aabcce3', 'OA2', 'conocimiento', 'Expresar y crear visualmente', 'Experimentar y aplicar elementos del lenguaje visual en sus trabajos de arte:') ON CONFLICT (id) DO UPDATE SET grade_id = EXCLUDED.grade_id, codigo = EXCLUDED.codigo, tipo = EXCLUDED.tipo, eje = EXCLUDED.eje, descripcion = EXCLUDED.descripcion;
INSERT INTO curriculum_objective_items (objective_id, orden, descripcion) VALUES ('1b6f67dd-552a-4bba-90c8-31173ad79d14', 1, 'línea (gruesa, delgada, recta, ondulada e irregular)') ON CONFLICT (objective_id, orden) DO UPDATE SET descripcion = EXCLUDED.descripcion;
INSERT INTO curriculum_objective_items (objective_id, orden, descripcion) VALUES ('1b6f67dd-552a-4bba-90c8-31173ad79d14', 2, 'color (puro, mezclado, fríos y cálidos)') ON CONFLICT (objective_id, orden) DO UPDATE SET descripcion = EXCLUDED.descripcion;
INSERT INTO curriculum_objective_items (objective_id, orden, descripcion) VALUES ('1b6f67dd-552a-4bba-90c8-31173ad79d14', 3, 'textura (visual y táctil)') ON CONFLICT (objective_id, orden) DO UPDATE SET descripcion = EXCLUDED.descripcion;
INSERT INTO curriculum_objectives (id, grade_id, codigo, tipo, eje, descripcion) VALUES ('06e2020a-a141-484e-9fa8-43dc3bd00d59', '9c28ce04-b146-420b-8153-66273aabcce3', 'OA3', 'conocimiento', 'Expresar y crear visualmente', 'Expresar emociones e ideas en sus trabajos de arte a partir de la experimentación con:') ON CONFLICT (id) DO UPDATE SET grade_id = EXCLUDED.grade_id, codigo = EXCLUDED.codigo, tipo = EXCLUDED.tipo, eje = EXCLUDED.eje, descripcion = EXCLUDED.descripcion;
INSERT INTO curriculum_objective_items (objective_id, orden, descripcion) VALUES ('06e2020a-a141-484e-9fa8-43dc3bd00d59', 1, 'materiales de modelado, de reciclaje, naturales, papeles, cartones, pegamentos, lápices, pinturas, textiles e imágenes digitales') ON CONFLICT (objective_id, orden) DO UPDATE SET descripcion = EXCLUDED.descripcion;
INSERT INTO curriculum_objective_items (objective_id, orden, descripcion) VALUES ('06e2020a-a141-484e-9fa8-43dc3bd00d59', 2, 'herramientas para dibujar, pintar, cortar, modelar, unir y tecnológicas (pincel, tijera, esteca, computador, entre otras)') ON CONFLICT (objective_id, orden) DO UPDATE SET descripcion = EXCLUDED.descripcion;
INSERT INTO curriculum_objective_items (objective_id, orden, descripcion) VALUES ('06e2020a-a141-484e-9fa8-43dc3bd00d59', 3, 'procedimientos de dibujo, pintura, collage, escultura, dibujo digital y otros') ON CONFLICT (objective_id, orden) DO UPDATE SET descripcion = EXCLUDED.descripcion;
INSERT INTO curriculum_objectives (id, grade_id, codigo, tipo, eje, descripcion) VALUES ('3a9e0c1c-6598-45c5-a1cf-c1460431f26f', '9c28ce04-b146-420b-8153-66273aabcce3', 'OA4', 'conocimiento', 'Apreciar y responder frente al arte', 'Observar y comunicar oralmente sus primeras impresiones de lo que sienten y piensan de obras de arte por variados medios. (Observar anualmente al menos 10 obras de arte local o chileno, 10 latinoamericanas y 10 de arte universal).') ON CONFLICT (id) DO UPDATE SET grade_id = EXCLUDED.grade_id, codigo = EXCLUDED.codigo, tipo = EXCLUDED.tipo, eje = EXCLUDED.eje, descripcion = EXCLUDED.descripcion;
INSERT INTO curriculum_objectives (id, grade_id, codigo, tipo, eje, descripcion) VALUES ('8f9b609b-f408-416d-8413-fe6f41d21a3c', '9c28ce04-b146-420b-8153-66273aabcce3', 'OA5', 'conocimiento', 'Apreciar y responder frente al arte', 'Explicar sus preferencias frente al trabajo de arte personal y de sus pares, usando elementos del lenguaje visual.') ON CONFLICT (id) DO UPDATE SET grade_id = EXCLUDED.grade_id, codigo = EXCLUDED.codigo, tipo = EXCLUDED.tipo, eje = EXCLUDED.eje, descripcion = EXCLUDED.descripcion;
INSERT INTO curriculum_grades (id, subject_id, grado, label, total_objetivos) VALUES ('af77b129-ceef-4a95-b551-b7cdc5b8d956', '1b12f349-1e35-4034-b00a-ed671effa227', '2', '2° Básico', 5) ON CONFLICT (id) DO UPDATE SET subject_id = EXCLUDED.subject_id, grado = EXCLUDED.grado, label = EXCLUDED.label, total_objetivos = EXCLUDED.total_objetivos;
INSERT INTO curriculum_objectives (id, grade_id, codigo, tipo, eje, descripcion) VALUES ('5f403aaa-8abe-4beb-bd4f-ad53e3ebf253', 'af77b129-ceef-4a95-b551-b7cdc5b8d956', 'OA1', 'conocimiento', 'Expresar y crear visualmente', 'Expresar y crear trabajos de arte a partir de la observación del: entorno natural: figura humana y paisajes chilenos') ON CONFLICT (id) DO UPDATE SET grade_id = EXCLUDED.grade_id, codigo = EXCLUDED.codigo, tipo = EXCLUDED.tipo, eje = EXCLUDED.eje, descripcion = EXCLUDED.descripcion;
INSERT INTO curriculum_objective_items (objective_id, orden, descripcion) VALUES ('5f403aaa-8abe-4beb-bd4f-ad53e3ebf253', 1, 'entorno cultural: personas y patrimonio cultural de Chile ú entorno artístico: obras de arte local, chileno, latinoamericano y del resto del mundo') ON CONFLICT (objective_id, orden) DO UPDATE SET descripcion = EXCLUDED.descripcion;
INSERT INTO curriculum_objectives (id, grade_id, codigo, tipo, eje, descripcion) VALUES ('20bbba40-ce0a-4439-870c-e3424539c683', 'af77b129-ceef-4a95-b551-b7cdc5b8d956', 'OA2', 'conocimiento', 'Expresar y crear visualmente', 'Experimentar y aplicar elementos de lenguaje visual (incluidos los del nivel anterior) en sus trabajos de arte:') ON CONFLICT (id) DO UPDATE SET grade_id = EXCLUDED.grade_id, codigo = EXCLUDED.codigo, tipo = EXCLUDED.tipo, eje = EXCLUDED.eje, descripcion = EXCLUDED.descripcion;
INSERT INTO curriculum_objective_items (objective_id, orden, descripcion) VALUES ('20bbba40-ce0a-4439-870c-e3424539c683', 1, 'línea (vertical, horizontal, diagonal, espiral y quebrada)') ON CONFLICT (objective_id, orden) DO UPDATE SET descripcion = EXCLUDED.descripcion;
INSERT INTO curriculum_objective_items (objective_id, orden, descripcion) VALUES ('20bbba40-ce0a-4439-870c-e3424539c683', 2, 'color (primarios y secundarios)') ON CONFLICT (objective_id, orden) DO UPDATE SET descripcion = EXCLUDED.descripcion;
INSERT INTO curriculum_objective_items (objective_id, orden, descripcion) VALUES ('20bbba40-ce0a-4439-870c-e3424539c683', 3, 'formas (geométricas)') ON CONFLICT (objective_id, orden) DO UPDATE SET descripcion = EXCLUDED.descripcion;
INSERT INTO curriculum_objectives (id, grade_id, codigo, tipo, eje, descripcion) VALUES ('b914b72e-5b3b-46a0-8791-891cb4ffe400', 'af77b129-ceef-4a95-b551-b7cdc5b8d956', 'OA3', 'conocimiento', 'Expresar y crear visualmente', 'Expresar emociones e ideas en sus trabajos de arte, a partir de la experimentación con:') ON CONFLICT (id) DO UPDATE SET grade_id = EXCLUDED.grade_id, codigo = EXCLUDED.codigo, tipo = EXCLUDED.tipo, eje = EXCLUDED.eje, descripcion = EXCLUDED.descripcion;
INSERT INTO curriculum_objective_items (objective_id, orden, descripcion) VALUES ('b914b72e-5b3b-46a0-8791-891cb4ffe400', 1, 'materiales de modelado, de reciclaje, naturales, papeles, cartones, pegamentos, lápices, pinturas, textiles e imágenes digitales') ON CONFLICT (objective_id, orden) DO UPDATE SET descripcion = EXCLUDED.descripcion;
INSERT INTO curriculum_objective_items (objective_id, orden, descripcion) VALUES ('b914b72e-5b3b-46a0-8791-891cb4ffe400', 2, 'herramientas para dibujar, pintar, cortar, modelar, unir y tecnológicas (pincel, tijera, mirete, computador, entre otras)') ON CONFLICT (objective_id, orden) DO UPDATE SET descripcion = EXCLUDED.descripcion;
INSERT INTO curriculum_objective_items (objective_id, orden, descripcion) VALUES ('b914b72e-5b3b-46a0-8791-891cb4ffe400', 3, 'procedimientos de dibujo, pintura, collage, escultura, dibujo digital, entre otros') ON CONFLICT (objective_id, orden) DO UPDATE SET descripcion = EXCLUDED.descripcion;
INSERT INTO curriculum_objectives (id, grade_id, codigo, tipo, eje, descripcion) VALUES ('bde1e9ce-bee8-4d56-9be4-12dc44556ef6', 'af77b129-ceef-4a95-b551-b7cdc5b8d956', 'OA4', 'conocimiento', 'Apreciar y responder frente al arte', 'Comunicar y explicar sus impresiones de lo que sienten y piensan de obras de arte por variados medios. (Observar anualmente al menos 10 obras de arte local o chileno, 10 latinoamericanas y 10 de arte universal).') ON CONFLICT (id) DO UPDATE SET grade_id = EXCLUDED.grade_id, codigo = EXCLUDED.codigo, tipo = EXCLUDED.tipo, eje = EXCLUDED.eje, descripcion = EXCLUDED.descripcion;
INSERT INTO curriculum_objectives (id, grade_id, codigo, tipo, eje, descripcion) VALUES ('62e4cdcd-3a1d-479e-bf58-276361219724', 'af77b129-ceef-4a95-b551-b7cdc5b8d956', 'OA5', 'conocimiento', 'Apreciar y responder frente al arte', 'Explicar sus preferencias frente al trabajo de arte personal y de sus pares, usando elementos del lenguaje visual.') ON CONFLICT (id) DO UPDATE SET grade_id = EXCLUDED.grade_id, codigo = EXCLUDED.codigo, tipo = EXCLUDED.tipo, eje = EXCLUDED.eje, descripcion = EXCLUDED.descripcion;
INSERT INTO curriculum_grades (id, subject_id, grado, label, total_objetivos) VALUES ('443500fa-c2f1-4f83-8164-ddd977ced57c', '1b12f349-1e35-4034-b00a-ed671effa227', '3', '3° Básico', 5) ON CONFLICT (id) DO UPDATE SET subject_id = EXCLUDED.subject_id, grado = EXCLUDED.grado, label = EXCLUDED.label, total_objetivos = EXCLUDED.total_objetivos;
INSERT INTO curriculum_objectives (id, grade_id, codigo, tipo, eje, descripcion) VALUES ('66f5d35e-da45-48fd-bfdd-5d89a552c89d', '443500fa-c2f1-4f83-8164-ddd977ced57c', 'OA1', 'conocimiento', 'Expresar y crear visualmente', 'Crear trabajos de arte con un propósito expresivo personal y basados en la observación del:') ON CONFLICT (id) DO UPDATE SET grade_id = EXCLUDED.grade_id, codigo = EXCLUDED.codigo, tipo = EXCLUDED.tipo, eje = EXCLUDED.eje, descripcion = EXCLUDED.descripcion;
INSERT INTO curriculum_objective_items (objective_id, orden, descripcion) VALUES ('66f5d35e-da45-48fd-bfdd-5d89a552c89d', 1, 'entorno natural: animales, plantas y fenómenos naturales ú entorno cultural: creencias de distintas culturas (mitos, seres imaginarios, dioses, fiestas, tradiciones, otros)') ON CONFLICT (objective_id, orden) DO UPDATE SET descripcion = EXCLUDED.descripcion;
INSERT INTO curriculum_objective_items (objective_id, orden, descripcion) VALUES ('66f5d35e-da45-48fd-bfdd-5d89a552c89d', 2, 'entorno artístico: arte de la Antigüedad y movimientos artísticos como fauvismo, expresionismo y art nouveau') ON CONFLICT (objective_id, orden) DO UPDATE SET descripcion = EXCLUDED.descripcion;
INSERT INTO curriculum_objectives (id, grade_id, codigo, tipo, eje, descripcion) VALUES ('73ea3190-125f-463d-985b-2b2b0ef193eb', '443500fa-c2f1-4f83-8164-ddd977ced57c', 'OA2', 'conocimiento', 'Expresar y crear visualmente', 'Aplicar elementos del lenguaje visual (incluidos los de niveles anteriores) en sus trabajos de arte, con diversos propósitos expresivos y creativos:') ON CONFLICT (id) DO UPDATE SET grade_id = EXCLUDED.grade_id, codigo = EXCLUDED.codigo, tipo = EXCLUDED.tipo, eje = EXCLUDED.eje, descripcion = EXCLUDED.descripcion;
INSERT INTO curriculum_objective_items (objective_id, orden, descripcion) VALUES ('73ea3190-125f-463d-985b-2b2b0ef193eb', 1, 'color (frío, cálido y expresivo)') ON CONFLICT (objective_id, orden) DO UPDATE SET descripcion = EXCLUDED.descripcion;
INSERT INTO curriculum_objective_items (objective_id, orden, descripcion) VALUES ('73ea3190-125f-463d-985b-2b2b0ef193eb', 2, 'textura (en plano y volumen)') ON CONFLICT (objective_id, orden) DO UPDATE SET descripcion = EXCLUDED.descripcion;
INSERT INTO curriculum_objective_items (objective_id, orden, descripcion) VALUES ('73ea3190-125f-463d-985b-2b2b0ef193eb', 3, 'forma (real y recreada') ON CONFLICT (objective_id, orden) DO UPDATE SET descripcion = EXCLUDED.descripcion;
INSERT INTO curriculum_objectives (id, grade_id, codigo, tipo, eje, descripcion) VALUES ('7ff69d8f-3cec-48b6-b6fc-a777c3990c64', '443500fa-c2f1-4f83-8164-ddd977ced57c', 'OA3', 'conocimiento', 'Expresar y crear visualmente', 'Crear trabajos de arte a partir de experiencias, intereses y temas del entorno natural y artístico, demostrando manejo de:') ON CONFLICT (id) DO UPDATE SET grade_id = EXCLUDED.grade_id, codigo = EXCLUDED.codigo, tipo = EXCLUDED.tipo, eje = EXCLUDED.eje, descripcion = EXCLUDED.descripcion;
INSERT INTO curriculum_objective_items (objective_id, orden, descripcion) VALUES ('7ff69d8f-3cec-48b6-b6fc-a777c3990c64', 1, 'materiales de modelado, de reciclaje, naturales, papeles, cartones, pegamentos, lápices, pinturas, textiles e imágenes digitales') ON CONFLICT (objective_id, orden) DO UPDATE SET descripcion = EXCLUDED.descripcion;
INSERT INTO curriculum_objective_items (objective_id, orden, descripcion) VALUES ('7ff69d8f-3cec-48b6-b6fc-a777c3990c64', 2, 'herramientas para dibujar, pintar, cortar, modelar, unir y tecnológicas (pincel, tijera, mirete, computador, cámara fotográfica, entre otras)') ON CONFLICT (objective_id, orden) DO UPDATE SET descripcion = EXCLUDED.descripcion;
INSERT INTO curriculum_objective_items (objective_id, orden, descripcion) VALUES ('7ff69d8f-3cec-48b6-b6fc-a777c3990c64', 3, 'procedimientos de dibujo, pintura, grabado, escultura, técnicas mixtas, artesanía, fotografía, entre otros') ON CONFLICT (objective_id, orden) DO UPDATE SET descripcion = EXCLUDED.descripcion;
INSERT INTO curriculum_objectives (id, grade_id, codigo, tipo, eje, descripcion) VALUES ('1120231e-b467-449c-9ef6-1bf6829d85fe', '443500fa-c2f1-4f83-8164-ddd977ced57c', 'OA4', 'conocimiento', 'Apreciar y responder frente al arte', 'Describir sus observaciones de obras de arte y objetos, usando elementos del lenguaje visual y expresando lo que sienten y piensan. (Observar anualmente al menos 15 obras de arte y artesanía local y chilena, 15 latinoamericanas y 15 de arte universal).') ON CONFLICT (id) DO UPDATE SET grade_id = EXCLUDED.grade_id, codigo = EXCLUDED.codigo, tipo = EXCLUDED.tipo, eje = EXCLUDED.eje, descripcion = EXCLUDED.descripcion;
INSERT INTO curriculum_objectives (id, grade_id, codigo, tipo, eje, descripcion) VALUES ('9a84beac-5237-413b-ab88-750820f11d36', '443500fa-c2f1-4f83-8164-ddd977ced57c', 'OA5', 'conocimiento', 'Apreciar y responder frente al arte', 'Describir fortalezas y aspectos a mejorar en el trabajo de arte personal y de sus pares, usando criterios de uso de materiales, procedimientos técnicos y propósito expresivo.') ON CONFLICT (id) DO UPDATE SET grade_id = EXCLUDED.grade_id, codigo = EXCLUDED.codigo, tipo = EXCLUDED.tipo, eje = EXCLUDED.eje, descripcion = EXCLUDED.descripcion;
INSERT INTO curriculum_grades (id, subject_id, grado, label, total_objetivos) VALUES ('a6ef94af-1b00-4544-88c5-15eac569fd9c', '1b12f349-1e35-4034-b00a-ed671effa227', '4', '4° Básico', 5) ON CONFLICT (id) DO UPDATE SET subject_id = EXCLUDED.subject_id, grado = EXCLUDED.grado, label = EXCLUDED.label, total_objetivos = EXCLUDED.total_objetivos;
INSERT INTO curriculum_objectives (id, grade_id, codigo, tipo, eje, descripcion) VALUES ('1eaa2e62-afce-48ef-be72-4a3c2d625453', 'a6ef94af-1b00-4544-88c5-15eac569fd9c', 'OA1', 'conocimiento', 'Expresar y crear visualmente', 'Crear trabajos de arte con un propósito expresivo personal y basados en la observación del:') ON CONFLICT (id) DO UPDATE SET grade_id = EXCLUDED.grade_id, codigo = EXCLUDED.codigo, tipo = EXCLUDED.tipo, eje = EXCLUDED.eje, descripcion = EXCLUDED.descripcion;
INSERT INTO curriculum_objective_items (objective_id, orden, descripcion) VALUES ('1eaa2e62-afce-48ef-be72-4a3c2d625453', 1, 'entorno natural: naturaleza y paisaje americano ú entorno cultural: América y sus tradiciones (cultura precolombina, tradiciones y artesanía americana)') ON CONFLICT (objective_id, orden) DO UPDATE SET descripcion = EXCLUDED.descripcion;
INSERT INTO curriculum_objective_items (objective_id, orden, descripcion) VALUES ('1eaa2e62-afce-48ef-be72-4a3c2d625453', 2, 'entorno artístico: arte precolombino y de movimientos artísticos como muralismo mexicano, naif y surrealismo en Chile, Latinoamérica y en el resto del mundo') ON CONFLICT (objective_id, orden) DO UPDATE SET descripcion = EXCLUDED.descripcion;
INSERT INTO curriculum_objectives (id, grade_id, codigo, tipo, eje, descripcion) VALUES ('f7363302-434c-4b6e-b14c-b3cb90d2ade6', 'a6ef94af-1b00-4544-88c5-15eac569fd9c', 'OA2', 'conocimiento', 'Expresar y crear visualmente', 'Aplicar elementos del lenguaje visual (incluidos los de niveles anteriores) en sus trabajos de arte, con diversos propósitos expresivos y creativos:') ON CONFLICT (id) DO UPDATE SET grade_id = EXCLUDED.grade_id, codigo = EXCLUDED.codigo, tipo = EXCLUDED.tipo, eje = EXCLUDED.eje, descripcion = EXCLUDED.descripcion;
INSERT INTO curriculum_objective_items (objective_id, orden, descripcion) VALUES ('f7363302-434c-4b6e-b14c-b3cb90d2ade6', 1, 'líneas de contorno') ON CONFLICT (objective_id, orden) DO UPDATE SET descripcion = EXCLUDED.descripcion;
INSERT INTO curriculum_objective_items (objective_id, orden, descripcion) VALUES ('f7363302-434c-4b6e-b14c-b3cb90d2ade6', 2, 'color (tono y matiz)') ON CONFLICT (objective_id, orden) DO UPDATE SET descripcion = EXCLUDED.descripcion;
INSERT INTO curriculum_objective_items (objective_id, orden, descripcion) VALUES ('f7363302-434c-4b6e-b14c-b3cb90d2ade6', 3, 'forma (figurativa y no figurativa)') ON CONFLICT (objective_id, orden) DO UPDATE SET descripcion = EXCLUDED.descripcion;
INSERT INTO curriculum_objectives (id, grade_id, codigo, tipo, eje, descripcion) VALUES ('95ef60ef-f8bb-471b-bb79-b32942fa39fe', 'a6ef94af-1b00-4544-88c5-15eac569fd9c', 'OA3', 'conocimiento', 'Expresar y crear visualmente', 'Crear trabajos de arte a partir de experiencias, intereses y temas del entorno natural, cultural y artístico, demostrando manejo de:') ON CONFLICT (id) DO UPDATE SET grade_id = EXCLUDED.grade_id, codigo = EXCLUDED.codigo, tipo = EXCLUDED.tipo, eje = EXCLUDED.eje, descripcion = EXCLUDED.descripcion;
INSERT INTO curriculum_objective_items (objective_id, orden, descripcion) VALUES ('95ef60ef-f8bb-471b-bb79-b32942fa39fe', 1, 'materiales de modelado, de reciclaje, naturales, papeles, cartones, pegamentos, lápices, pinturas, textiles e imágenes digitales') ON CONFLICT (objective_id, orden) DO UPDATE SET descripcion = EXCLUDED.descripcion;
INSERT INTO curriculum_objective_items (objective_id, orden, descripcion) VALUES ('95ef60ef-f8bb-471b-bb79-b32942fa39fe', 2, 'herramientas para dibujar, pintar, cortar, unir, modelar y tecnológicas (pincel, tijera, mirete, computador, cámara fotográfica, entre otras)') ON CONFLICT (objective_id, orden) DO UPDATE SET descripcion = EXCLUDED.descripcion;
INSERT INTO curriculum_objective_items (objective_id, orden, descripcion) VALUES ('95ef60ef-f8bb-471b-bb79-b32942fa39fe', 3, 'procedimientos de dibujo, pintura, grabado, escultura, técnicas mixtas, artesanía, fotografía, entre otros') ON CONFLICT (objective_id, orden) DO UPDATE SET descripcion = EXCLUDED.descripcion;
INSERT INTO curriculum_objectives (id, grade_id, codigo, tipo, eje, descripcion) VALUES ('3146f847-2e80-488f-bab9-a2c55b8942bf', 'a6ef94af-1b00-4544-88c5-15eac569fd9c', 'OA4', 'conocimiento', 'Apreciar y responder frente al arte', 'Describir sus observaciones de obras de arte y objetos, usando elementos del lenguaje visual y expresando lo que sienten y piensan. (Observar anualmente al menos 15 obras de arte y artesanía local y chilena, 15 de arte latinoamericano y 15 de arte universal).') ON CONFLICT (id) DO UPDATE SET grade_id = EXCLUDED.grade_id, codigo = EXCLUDED.codigo, tipo = EXCLUDED.tipo, eje = EXCLUDED.eje, descripcion = EXCLUDED.descripcion;
INSERT INTO curriculum_objectives (id, grade_id, codigo, tipo, eje, descripcion) VALUES ('9bc6095d-00e6-4cb4-aef7-fcee0ff1a494', 'a6ef94af-1b00-4544-88c5-15eac569fd9c', 'OA5', 'conocimiento', 'Apreciar y responder frente al arte', 'Describir fortalezas y aspectos a mejorar en el trabajo de arte personal y de sus pares, aplicando criterios de uso de materiales, procedimientos técnicos y propósito expresivo.') ON CONFLICT (id) DO UPDATE SET grade_id = EXCLUDED.grade_id, codigo = EXCLUDED.codigo, tipo = EXCLUDED.tipo, eje = EXCLUDED.eje, descripcion = EXCLUDED.descripcion;
INSERT INTO curriculum_grades (id, subject_id, grado, label, total_objetivos) VALUES ('d493446c-4fb1-42f4-80d8-4696411a7a65', '1b12f349-1e35-4034-b00a-ed671effa227', '5', '5° Básico', 5) ON CONFLICT (id) DO UPDATE SET subject_id = EXCLUDED.subject_id, grado = EXCLUDED.grado, label = EXCLUDED.label, total_objetivos = EXCLUDED.total_objetivos;
INSERT INTO curriculum_objectives (id, grade_id, codigo, tipo, eje, descripcion) VALUES ('67d3da07-18ec-4e20-b3a1-b672230072b1', 'd493446c-4fb1-42f4-80d8-4696411a7a65', 'OA1', 'conocimiento', 'Expresar y crear visualmente', 'Crear trabajos de arte y diseños a partir de sus propias ideas y de la observación del:') ON CONFLICT (id) DO UPDATE SET grade_id = EXCLUDED.grade_id, codigo = EXCLUDED.codigo, tipo = EXCLUDED.tipo, eje = EXCLUDED.eje, descripcion = EXCLUDED.descripcion;
INSERT INTO curriculum_objective_items (objective_id, orden, descripcion) VALUES ('67d3da07-18ec-4e20-b3a1-b672230072b1', 1, 'entorno cultural: Chile, su paisaje y sus costumbres en el pasado y en el presente') ON CONFLICT (objective_id, orden) DO UPDATE SET descripcion = EXCLUDED.descripcion;
INSERT INTO curriculum_objective_items (objective_id, orden, descripcion) VALUES ('67d3da07-18ec-4e20-b3a1-b672230072b1', 2, 'entorno artístico: impresionismo y postimpresionismo; y diseño en Chile,') ON CONFLICT (objective_id, orden) DO UPDATE SET descripcion = EXCLUDED.descripcion;
INSERT INTO curriculum_objectives (id, grade_id, codigo, tipo, eje, descripcion) VALUES ('20b878e3-1215-4ad3-abd2-d6646c149b11', 'd493446c-4fb1-42f4-80d8-4696411a7a65', 'OA2', 'conocimiento', 'Expresar y crear visualmente', 'Aplicar y combinar elementos del lenguaje visual (incluidos los de niveles anteriores) en trabajos de arte y diseños con diferentes propósitos expresivos y creativos:') ON CONFLICT (id) DO UPDATE SET grade_id = EXCLUDED.grade_id, codigo = EXCLUDED.codigo, tipo = EXCLUDED.tipo, eje = EXCLUDED.eje, descripcion = EXCLUDED.descripcion;
INSERT INTO curriculum_objective_items (objective_id, orden, descripcion) VALUES ('20b878e3-1215-4ad3-abd2-d6646c149b11', 1, 'color (complementario)') ON CONFLICT (objective_id, orden) DO UPDATE SET descripcion = EXCLUDED.descripcion;
INSERT INTO curriculum_objective_items (objective_id, orden, descripcion) VALUES ('20b878e3-1215-4ad3-abd2-d6646c149b11', 2, 'formas (abiertas y cerradas)') ON CONFLICT (objective_id, orden) DO UPDATE SET descripcion = EXCLUDED.descripcion;
INSERT INTO curriculum_objective_items (objective_id, orden, descripcion) VALUES ('20b878e3-1215-4ad3-abd2-d6646c149b11', 3, 'luz y sombra') ON CONFLICT (objective_id, orden) DO UPDATE SET descripcion = EXCLUDED.descripcion;
INSERT INTO curriculum_objectives (id, grade_id, codigo, tipo, eje, descripcion) VALUES ('393906a7-5a99-484d-961f-fb3b7805719d', 'd493446c-4fb1-42f4-80d8-4696411a7a65', 'OA3', 'conocimiento', 'Expresar y crear visualmente', 'Crear trabajos de arte y diseños a partir de diferentes desafíos y temas del entorno cultural y artístico, demostrando dominio en el uso de:') ON CONFLICT (id) DO UPDATE SET grade_id = EXCLUDED.grade_id, codigo = EXCLUDED.codigo, tipo = EXCLUDED.tipo, eje = EXCLUDED.eje, descripcion = EXCLUDED.descripcion;
INSERT INTO curriculum_objective_items (objective_id, orden, descripcion) VALUES ('393906a7-5a99-484d-961f-fb3b7805719d', 1, 'materiales de modelado, de reciclaje, naturales, papeles, cartones, pegamentos, lápices, pinturas, textiles e imágenes digitales') ON CONFLICT (objective_id, orden) DO UPDATE SET descripcion = EXCLUDED.descripcion;
INSERT INTO curriculum_objective_items (objective_id, orden, descripcion) VALUES ('393906a7-5a99-484d-961f-fb3b7805719d', 2, 'herramientas para dibujar, pintar, cortar, unir, modelar y tecnológicas (brocha, sierra de calar, esteca, cámara de video y proyector multimedia, entre otros)') ON CONFLICT (objective_id, orden) DO UPDATE SET descripcion = EXCLUDED.descripcion;
INSERT INTO curriculum_objective_items (objective_id, orden, descripcion) VALUES ('393906a7-5a99-484d-961f-fb3b7805719d', 3, 'procedimientos de pintura, escultura, construcción, fotografía, video, diseño gráfico digital, entre otros') ON CONFLICT (objective_id, orden) DO UPDATE SET descripcion = EXCLUDED.descripcion;
INSERT INTO curriculum_objectives (id, grade_id, codigo, tipo, eje, descripcion) VALUES ('60fda741-dd09-4434-8364-b7266a1c5cc0', 'd493446c-4fb1-42f4-80d8-4696411a7a65', 'OA4', 'conocimiento', 'Apreciar y responder frente al arte', 'Analizar e interpretar obras de arte y diseño en relación con la aplicación del lenguaje visual, contextos, materiales, estilos u otros. (Observar anualmente al menos 50 obras de arte y diseño chileno, latinoamericano y universal).') ON CONFLICT (id) DO UPDATE SET grade_id = EXCLUDED.grade_id, codigo = EXCLUDED.codigo, tipo = EXCLUDED.tipo, eje = EXCLUDED.eje, descripcion = EXCLUDED.descripcion;
INSERT INTO curriculum_objectives (id, grade_id, codigo, tipo, eje, descripcion) VALUES ('ff076549-039f-476e-a886-02487e7895e4', 'd493446c-4fb1-42f4-80d8-4696411a7a65', 'OA5', 'conocimiento', 'Apreciar y responder frente al arte', 'Describir y comparar trabajos de arte y diseños personales y de sus pares, considerando:') ON CONFLICT (id) DO UPDATE SET grade_id = EXCLUDED.grade_id, codigo = EXCLUDED.codigo, tipo = EXCLUDED.tipo, eje = EXCLUDED.eje, descripcion = EXCLUDED.descripcion;
INSERT INTO curriculum_objective_items (objective_id, orden, descripcion) VALUES ('ff076549-039f-476e-a886-02487e7895e4', 1, 'fortalezas y aspectos a mejorar') ON CONFLICT (objective_id, orden) DO UPDATE SET descripcion = EXCLUDED.descripcion;
INSERT INTO curriculum_objective_items (objective_id, orden, descripcion) VALUES ('ff076549-039f-476e-a886-02487e7895e4', 2, 'uso de materiales y procedimientos') ON CONFLICT (objective_id, orden) DO UPDATE SET descripcion = EXCLUDED.descripcion;
INSERT INTO curriculum_objective_items (objective_id, orden, descripcion) VALUES ('ff076549-039f-476e-a886-02487e7895e4', 3, 'aplicación de elementos del lenguaje visual') ON CONFLICT (objective_id, orden) DO UPDATE SET descripcion = EXCLUDED.descripcion;
INSERT INTO curriculum_objective_items (objective_id, orden, descripcion) VALUES ('ff076549-039f-476e-a886-02487e7895e4', 4, 'propósitos expresivos') ON CONFLICT (objective_id, orden) DO UPDATE SET descripcion = EXCLUDED.descripcion;
INSERT INTO curriculum_grades (id, subject_id, grado, label, total_objetivos) VALUES ('a5ac997c-757c-441c-b7be-44a773c22132', '1b12f349-1e35-4034-b00a-ed671effa227', '6', '6° Básico', 10) ON CONFLICT (id) DO UPDATE SET subject_id = EXCLUDED.subject_id, grado = EXCLUDED.grado, label = EXCLUDED.label, total_objetivos = EXCLUDED.total_objetivos;
INSERT INTO curriculum_objectives (id, grade_id, codigo, tipo, eje, descripcion) VALUES ('86d4e1ac-9274-45b3-9e89-09993e0446d7', 'a5ac997c-757c-441c-b7be-44a773c22132', 'OA1', 'conocimiento', 'Expresar y crear visualmente', 'Crear trabajos de arte y diseños a partir de sus propias ideas y de la observación del:') ON CONFLICT (id) DO UPDATE SET grade_id = EXCLUDED.grade_id, codigo = EXCLUDED.codigo, tipo = EXCLUDED.tipo, eje = EXCLUDED.eje, descripcion = EXCLUDED.descripcion;
INSERT INTO curriculum_objective_items (objective_id, orden, descripcion) VALUES ('86d4e1ac-9274-45b3-9e89-09993e0446d7', 1, 'entorno cultural: el hombre contemporáneo y la ciudad ú entorno artístico: el arte contemporáneo y el arte en el espacio público (murales y esculturas)') ON CONFLICT (objective_id, orden) DO UPDATE SET descripcion = EXCLUDED.descripcion;
INSERT INTO curriculum_objectives (id, grade_id, codigo, tipo, eje, descripcion) VALUES ('dbfef868-4a07-46c9-bcb0-f21b07540c21', 'a5ac997c-757c-441c-b7be-44a773c22132', 'OA2', 'conocimiento', 'Expresar y crear visualmente', 'Aplicar y combinar elementos del lenguaje visual (incluidos los de niveles anteriores) en trabajos de arte y diseños con diferentes propósitos expresivos y creativos:') ON CONFLICT (id) DO UPDATE SET grade_id = EXCLUDED.grade_id, codigo = EXCLUDED.codigo, tipo = EXCLUDED.tipo, eje = EXCLUDED.eje, descripcion = EXCLUDED.descripcion;
INSERT INTO curriculum_objective_items (objective_id, orden, descripcion) VALUES ('dbfef868-4a07-46c9-bcb0-f21b07540c21', 1, 'color (gamas y contrastes)') ON CONFLICT (objective_id, orden) DO UPDATE SET descripcion = EXCLUDED.descripcion;
INSERT INTO curriculum_objective_items (objective_id, orden, descripcion) VALUES ('dbfef868-4a07-46c9-bcb0-f21b07540c21', 2, 'volumen (lleno y vacío)') ON CONFLICT (objective_id, orden) DO UPDATE SET descripcion = EXCLUDED.descripcion;
INSERT INTO curriculum_objectives (id, grade_id, codigo, tipo, eje, descripcion) VALUES ('6ff67062-841b-4b90-a7f0-c77003b6fb79', 'a5ac997c-757c-441c-b7be-44a773c22132', 'OA3', 'conocimiento', 'Expresar y crear visualmente', 'Crear trabajos de arte y diseños a partir de diferentes desafíos y temas del entorno cultural y artístico, demostrando dominio en el uso de:') ON CONFLICT (id) DO UPDATE SET grade_id = EXCLUDED.grade_id, codigo = EXCLUDED.codigo, tipo = EXCLUDED.tipo, eje = EXCLUDED.eje, descripcion = EXCLUDED.descripcion;
INSERT INTO curriculum_objective_items (objective_id, orden, descripcion) VALUES ('6ff67062-841b-4b90-a7f0-c77003b6fb79', 1, 'materiales de modelado, de reciclaje, naturales, papeles, cartones, pegamentos, lápices, pinturas e imágenes digitales') ON CONFLICT (objective_id, orden) DO UPDATE SET descripcion = EXCLUDED.descripcion;
INSERT INTO curriculum_objective_items (objective_id, orden, descripcion) VALUES ('6ff67062-841b-4b90-a7f0-c77003b6fb79', 2, 'herramientas para dibujar, pintar, cortar, unir, modelar y tecnológicas (rodillos de grabado, sierra de calar, mirete, cámara de video y proyector multimedia, entre otros)') ON CONFLICT (objective_id, orden) DO UPDATE SET descripcion = EXCLUDED.descripcion;
INSERT INTO curriculum_objective_items (objective_id, orden, descripcion) VALUES ('6ff67062-841b-4b90-a7f0-c77003b6fb79', 3, 'procedimientos de pintura, grabado, escultura, instalación, técnicas mixtas, arte digital, fotografía, video, murales, entre otros') ON CONFLICT (objective_id, orden) DO UPDATE SET descripcion = EXCLUDED.descripcion;
INSERT INTO curriculum_objectives (id, grade_id, codigo, tipo, eje, descripcion) VALUES ('df0ad39d-fa2a-4852-9642-9e05df21d843', 'a5ac997c-757c-441c-b7be-44a773c22132', 'OA4', 'conocimiento', 'Apreciar y responder frente al arte', 'Analizar e interpretar obras de arte y objetos en relación con la aplicación del lenguaje visual, contextos, materiales, estilos u otros. (Observar anualmente al menos 50 obras de arte chileno, latinoamericano y universal).') ON CONFLICT (id) DO UPDATE SET grade_id = EXCLUDED.grade_id, codigo = EXCLUDED.codigo, tipo = EXCLUDED.tipo, eje = EXCLUDED.eje, descripcion = EXCLUDED.descripcion;
INSERT INTO curriculum_objectives (id, grade_id, codigo, tipo, eje, descripcion) VALUES ('99c67ce8-8b6a-4ebf-bf98-df5b49648078', 'a5ac997c-757c-441c-b7be-44a773c22132', 'OA5', 'conocimiento', 'Apreciar y responder frente al arte', 'Evaluar críticamente trabajos de arte y diseños personales y de sus pares, considerando:') ON CONFLICT (id) DO UPDATE SET grade_id = EXCLUDED.grade_id, codigo = EXCLUDED.codigo, tipo = EXCLUDED.tipo, eje = EXCLUDED.eje, descripcion = EXCLUDED.descripcion;
INSERT INTO curriculum_objective_items (objective_id, orden, descripcion) VALUES ('99c67ce8-8b6a-4ebf-bf98-df5b49648078', 1, 'expresión de emociones y problemáticas sociales') ON CONFLICT (objective_id, orden) DO UPDATE SET descripcion = EXCLUDED.descripcion;
INSERT INTO curriculum_objective_items (objective_id, orden, descripcion) VALUES ('99c67ce8-8b6a-4ebf-bf98-df5b49648078', 2, 'uso de materiales y procedimientos') ON CONFLICT (objective_id, orden) DO UPDATE SET descripcion = EXCLUDED.descripcion;
INSERT INTO curriculum_objective_items (objective_id, orden, descripcion) VALUES ('99c67ce8-8b6a-4ebf-bf98-df5b49648078', 3, 'aplicación de elementos del lenguaje visual') ON CONFLICT (objective_id, orden) DO UPDATE SET descripcion = EXCLUDED.descripcion;
INSERT INTO curriculum_objective_items (objective_id, orden, descripcion) VALUES ('99c67ce8-8b6a-4ebf-bf98-df5b49648078', 4, 'propósitos expresivos llas disciplinas que aplicar una mirada científica a su aproximación a la natunaturaleza, como la raleza. En esta línea, la asignatura promueve una actitud Botánica, la Geología de respeto hacia las pruebas o evidencias, un contacto tas disciplinas aborreflexivo con el mundo natural y una actitud flexible para s naturales: los reconsiderar ideas carentes de sustento empírico1. sus distintas formas de eria, la energía y sus Actualmente, existe consenso respecto de la importancia sus componentes de iniciar en forma temprana la educación científica en versas dinámicas. El el ciclo escolar, tanto por su valor formativo como por ite, por un lado, su capacidad para potenciar la disposición de los niños a olística de la naturaleza, hacerse preguntas y buscar explicaciones sobre la natues procesos de transraleza y el entorno. En efecto, la ciencia es, esencialmente, una forma para descubrir y aprender y una excelente escuela para adquirir competencias que preparen a los erspectiva episteniños para desenvolverse en la sociedad actual2. entífico. En esta, en el entorno Para que este proceso sea exitoso, es fundamental que ante diversas metolos estudiantes se aproximen a las grandes ideas de la que son sometidas ciencia, cuya comprensión les permita dotar de senundo. El estudio de tido a los fenómenos del mundo que los rodea. Estas de razonamiento ideas no se limitan a ofrecer explicaciones casuísticas rencias, explicaciones y sobre preguntas que surgen en la vida cotidiana, sino ias registradas. Estos que identifican, de forma abstracta, relaciones entre rpo de conocimiento fenómenos y propiedades observadas3. La comprensión rales a lo largo de de estas ideas facilita la predicción de fenómenos, la yen en un determinado evaluación crítica de la evidencia científica y la toma o. En este sentido, el de conciencia de la estrecha relación entre ciencia y inición, dinámico, sociedad. En este aspecto, es importante que, paulatiestá la posibilidad namente, los estudiantes puedan trabajar con diversas aciones refuten a las fuentes de información, de modo que conozcan el contenido de estas grandes ideas y sus implicancias en múltiples ámbitos de la naturaleza. permite despertar Asimismo, es imprescindible que los alumnos comel mundo que lo plementen la comprensión de las grandes ideas con el dologías para estudesarrollo de un modelo de habilidades de investigación diante la posibilidad de científica, que los faculte para emprender proyectos de Introducción 71 ar. En este plano, alfabetización científica, entonces, es un objetivo de la procedimientos inciencia escolar, entendida esta como los conocimientos como el planteamiento científicos construidos y elaborados en la escuela. Este tesis, la observación proceso se conduce principalmente desde el docente, imentos, el registro y pues él tiene la facultad para transformar el saber cientíta en común de ideas fico en uno posible de ser enseñado en el aula. La alfabetización científica cobra especial sentido frente cias Naturales a la tecnología y su relación con la ciencia en la sociedad des ideas de la actual. Los objetivos de aprendizaje promueven que los de habilidades de estudiantes analicen y apliquen conceptos científicos en pios del quehacer sus experiencias cotidianas, en las cuales están presentes s contribuyen a las actuales tecnologías. Esto les permitirá, por una parte, la capacidad reflexiva tomar conciencia del estrecho vínculo entre ciencia, e de conocimiento. sociedad y tecnología y, por otra, explicar las bases sobre científicas como el las que asientan los adelantos tecnológicos que usamos ad, la búsqueda de la día a día. amplitud de mente, el definitiva, el permaEn este plano, también son relevantes las destrezas espeorno natural. cíficas en el uso de las TIC, pues contribuyen al desarrollo de diversas habilidades propias de la asignatura. Por s ideas y habilidades ejemplo, en una primera instancia, se promueve el uso científica de todos los de las TIC como un medio para registrar información y idad de los estutransmitir ideas y evidencias científicas. Una vez que los naria los conocimienestudiantes se interioricen de dicha función, se espera cerse preguntas sobre que integren profusamente las TIC en el desarrollo de siones basadas diversos proyectos y actividades en todas las etapas del mitirá comprender aprendizaje científico. De este modo, tendrán la posinformadas dentro bilidad de internalizar las formas de aprender y pensar iversas actividades asociadas a estas herramientas. omunidad5. De aje no pretenden s destrezas de un oportunidades que les ollar una determinaretar el entorno. La Naturales proveen las trabajo con estas habilidades no implica una secuencia tes desarrollen de o prioridad definida. En este sentido, se sugiere que las habilidades y el sean trabajadas por el docente de forma independiente . y flexible en el primer ciclo, desarrollando actividades específicas para cada una de ellas. unes a todas las disNaturales y deberán A continuación se describen las habilidades científicas en a los Objetivos de orden alfabético: Cabe destacar que el Evaluar o procesos y sus Analizar información, procesos o ideas para determinar ión de gráficos, para su precisión, calidad y confiabilidad. uso apropiado de las Experimentar Probar y examinar de manera práctica un objeto o un fenómeno. terísticas comunes Explorar Descubrir y conocer el medio a través de los sentidos y del contacto directo, tanto en la sala de clases como en os o procesos para terreno. as entre ellos.') ON CONFLICT (objective_id, orden) DO UPDATE SET descripcion = EXCLUDED.descripcion;
INSERT INTO curriculum_objectives (id, grade_id, codigo, tipo, eje, descripcion) VALUES ('a9bac09f-fbee-4178-beee-d42dbb3c0bae', 'a5ac997c-757c-441c-b7be-44a773c22132', 'OA_e', 'habilidad', 'Apreciar y responder frente al arte', 'O b j etivo d e ap r en d i z a j e') ON CONFLICT (id) DO UPDATE SET grade_id = EXCLUDED.grade_id, codigo = EXCLUDED.codigo, tipo = EXCLUDED.tipo, eje = EXCLUDED.eje, descripcion = EXCLUDED.descripcion;
INSERT INTO curriculum_objectives (id, grade_id, codigo, tipo, eje, descripcion) VALUES ('bd1378c8-2e9d-41bc-b517-62814d095d04', 'a5ac997c-757c-441c-b7be-44a773c22132', 'OA_a', 'habilidad', 'Apreciar y responder frente al arte', 'Explorar y observar la naturaleza, usando los sentidos apropiadamente durante investigaciones experimentales guiadas.') ON CONFLICT (id) DO UPDATE SET grade_id = EXCLUDED.grade_id, codigo = EXCLUDED.codigo, tipo = EXCLUDED.tipo, eje = EXCLUDED.eje, descripcion = EXCLUDED.descripcion;
INSERT INTO curriculum_objectives (id, grade_id, codigo, tipo, eje, descripcion) VALUES ('927aafc7-4cb1-4f05-8196-c8f58d265069', 'a5ac997c-757c-441c-b7be-44a773c22132', 'OA_b', 'habilidad', 'Expresar y crear visualmente', 'Explorar y experimentar, en forma guiada, con elementos del entorno, utilizando la observación, la medición con unidades no estandarizadas y la manipulación de materiales simples.') ON CONFLICT (id) DO UPDATE SET grade_id = EXCLUDED.grade_id, codigo = EXCLUDED.codigo, tipo = EXCLUDED.tipo, eje = EXCLUDED.eje, descripcion = EXCLUDED.descripcion;
INSERT INTO curriculum_objectives (id, grade_id, codigo, tipo, eje, descripcion) VALUES ('67a755be-a298-4c22-a802-4634e2fbe582', 'a5ac997c-757c-441c-b7be-44a773c22132', 'OA_c', 'habilidad', 'Expresar y crear visualmente', 'Seguir las instrucciones para utilizar los materiales y los instrumentos en forma segura.') ON CONFLICT (id) DO UPDATE SET grade_id = EXCLUDED.grade_id, codigo = EXCLUDED.codigo, tipo = EXCLUDED.tipo, eje = EXCLUDED.eje, descripcion = EXCLUDED.descripcion;
INSERT INTO curriculum_objectives (id, grade_id, codigo, tipo, eje, descripcion) VALUES ('050df685-4514-406e-8df2-0f9a43364adb', 'a5ac997c-757c-441c-b7be-44a773c22132', 'OA_d', 'habilidad', 'Apreciar y responder frente al arte', 'Comunicar y comparar con otros sus ideas, observaciones y experiencias de forma oral y escrita, y por medio de juegos de roles y dibujos, entre otros.') ON CONFLICT (id) DO UPDATE SET grade_id = EXCLUDED.grade_id, codigo = EXCLUDED.codigo, tipo = EXCLUDED.tipo, eje = EXCLUDED.eje, descripcion = EXCLUDED.descripcion;
INSERT INTO curriculum_subjects (id, slug, nombre, total_grados) VALUES ('c501f8cc-ddd6-42df-92cf-c77bbfa2ded6', 'ciencias_naturales', 'Ciencias Naturales', 6) ON CONFLICT (id) DO UPDATE SET slug = EXCLUDED.slug, nombre = EXCLUDED.nombre, total_grados = EXCLUDED.total_grados;
INSERT INTO curriculum_grades (id, subject_id, grado, label, total_objetivos) VALUES ('dd10638e-9453-4373-a946-253dc336c933', 'c501f8cc-ddd6-42df-92cf-c77bbfa2ded6', '1', '1° Básico', 14) ON CONFLICT (id) DO UPDATE SET subject_id = EXCLUDED.subject_id, grado = EXCLUDED.grado, label = EXCLUDED.label, total_objetivos = EXCLUDED.total_objetivos;
INSERT INTO curriculum_objectives (id, grade_id, codigo, tipo, eje, descripcion) VALUES ('a0135659-c89e-456f-98da-3c6d739a3ac2', 'dd10638e-9453-4373-a946-253dc336c933', 'OA1', 'conocimiento', 'Ciencias de la Vida', 'Reconocer y observar, por medio de la exploración, que los seres vivos crecen, responden a estímulos del medio, se reproducen y necesitan agua, alimento y aire para vivir, comparándolos con las cosas no vivas.') ON CONFLICT (id) DO UPDATE SET grade_id = EXCLUDED.grade_id, codigo = EXCLUDED.codigo, tipo = EXCLUDED.tipo, eje = EXCLUDED.eje, descripcion = EXCLUDED.descripcion;
INSERT INTO curriculum_objectives (id, grade_id, codigo, tipo, eje, descripcion) VALUES ('80172f4d-3925-4e58-b8ef-55d682824019', 'dd10638e-9453-4373-a946-253dc336c933', 'OA2', 'conocimiento', 'Ciencias de la Vida', 'Observar y comparar animales de acuerdo a características como tamaño, cubierta corporal, estructuras de desplazamiento y hábitat, entre otras.') ON CONFLICT (id) DO UPDATE SET grade_id = EXCLUDED.grade_id, codigo = EXCLUDED.codigo, tipo = EXCLUDED.tipo, eje = EXCLUDED.eje, descripcion = EXCLUDED.descripcion;
INSERT INTO curriculum_objectives (id, grade_id, codigo, tipo, eje, descripcion) VALUES ('12eaf65c-8c82-4a8b-9d0e-c9719dfd8069', 'dd10638e-9453-4373-a946-253dc336c933', 'OA3', 'conocimiento', 'Ciencias de la Vida', 'Observar e identificar, por medio de la exploración, las estructuras principales de las plantas: hojas, flores, tallos y raíces.') ON CONFLICT (id) DO UPDATE SET grade_id = EXCLUDED.grade_id, codigo = EXCLUDED.codigo, tipo = EXCLUDED.tipo, eje = EXCLUDED.eje, descripcion = EXCLUDED.descripcion;
INSERT INTO curriculum_objectives (id, grade_id, codigo, tipo, eje, descripcion) VALUES ('584198a9-0235-4375-a13f-8f08de309cf9', 'dd10638e-9453-4373-a946-253dc336c933', 'OA4', 'conocimiento', 'Ciencias de la Vida', 'Observar y clasificar semillas, frutos, flores y tallos a partir de criterios como tamaño, forma, textura y color, entre otros.') ON CONFLICT (id) DO UPDATE SET grade_id = EXCLUDED.grade_id, codigo = EXCLUDED.codigo, tipo = EXCLUDED.tipo, eje = EXCLUDED.eje, descripcion = EXCLUDED.descripcion;
INSERT INTO curriculum_objectives (id, grade_id, codigo, tipo, eje, descripcion) VALUES ('6a81c1d6-8150-4036-b46e-6402aa988a7b', 'dd10638e-9453-4373-a946-253dc336c933', 'OA5', 'conocimiento', 'Ciencias de la Vida', 'Reconocer y comparar diversas plantas y animales de nuestro país, considerando las características observables y proponiendo medidas para su cuidado.') ON CONFLICT (id) DO UPDATE SET grade_id = EXCLUDED.grade_id, codigo = EXCLUDED.codigo, tipo = EXCLUDED.tipo, eje = EXCLUDED.eje, descripcion = EXCLUDED.descripcion;
INSERT INTO curriculum_objectives (id, grade_id, codigo, tipo, eje, descripcion) VALUES ('8958d626-defb-4dad-9375-d6717992d4f3', 'dd10638e-9453-4373-a946-253dc336c933', 'OA6', 'conocimiento', 'Ciencias de la Vida', 'Identificar y describir la ubicación y la función de los sentidos, proponiendo medidas para protegerlos y para prevenir situaciones de riesgo.') ON CONFLICT (id) DO UPDATE SET grade_id = EXCLUDED.grade_id, codigo = EXCLUDED.codigo, tipo = EXCLUDED.tipo, eje = EXCLUDED.eje, descripcion = EXCLUDED.descripcion;
INSERT INTO curriculum_objectives (id, grade_id, codigo, tipo, eje, descripcion) VALUES ('8bebc3bc-203f-4f5a-8ed9-4de180d8a0a0', 'dd10638e-9453-4373-a946-253dc336c933', 'OA7', 'conocimiento', 'Ciencias de la Vida', 'Describir, dar ejemplos y practicar hábitos de vida saludable para mantener el cuerpo sano y prevenir enfermedades (actividad física, aseo del cuerpo, lavado de alimentos y alimentación saludable, entre otros).') ON CONFLICT (id) DO UPDATE SET grade_id = EXCLUDED.grade_id, codigo = EXCLUDED.codigo, tipo = EXCLUDED.tipo, eje = EXCLUDED.eje, descripcion = EXCLUDED.descripcion;
INSERT INTO curriculum_objectives (id, grade_id, codigo, tipo, eje, descripcion) VALUES ('bd139820-281b-49c9-b2ef-68ba003f02c1', 'dd10638e-9453-4373-a946-253dc336c933', 'OA8', 'conocimiento', 'Ciencias de la Vida', 'Explorar y describir los diferentes tipos de materiales en diversos objetos, clasificándolos según sus propiedades (goma-flexible, plástico-impermeable) e identificando su uso en la vida cotidiana.') ON CONFLICT (id) DO UPDATE SET grade_id = EXCLUDED.grade_id, codigo = EXCLUDED.codigo, tipo = EXCLUDED.tipo, eje = EXCLUDED.eje, descripcion = EXCLUDED.descripcion;
INSERT INTO curriculum_objectives (id, grade_id, codigo, tipo, eje, descripcion) VALUES ('f21993b1-a8f1-4170-becb-810ac91c66bc', 'dd10638e-9453-4373-a946-253dc336c933', 'OA9', 'conocimiento', 'Ciencias Físicas y Químicas', 'Observar y describir los cambios que se producen en los materiales al aplicarles fuerza, luz, calor y agua. 10 Diseñar instrumentos tecnológicos simples, considerando diversos materiales y sus propiedades para resolver problemas cotidianos. istrar el ciclo diario y las diferencias entre el día y la noche, a servación del Sol, la Luna, las estrellas y la luminosidad del cielo, entre otras, y sus efectos en los seres vivos y el ambiente. unicar los cambios del ciclo de las estaciones y sus efectos en los seres vivos y el ambiente.') ON CONFLICT (id) DO UPDATE SET grade_id = EXCLUDED.grade_id, codigo = EXCLUDED.codigo, tipo = EXCLUDED.tipo, eje = EXCLUDED.eje, descripcion = EXCLUDED.descripcion;
INSERT INTO curriculum_objectives (id, grade_id, codigo, tipo, eje, descripcion) VALUES ('60593513-5c2f-4efa-b9e0-bf36fbf611ca', 'dd10638e-9453-4373-a946-253dc336c933', 'OA_a', 'habilidad', 'Ciencias de la Vida', 'Explorar, observar y formular inferencias y predicciones, en forma guiada, sobre objetos y eventos del entorno.') ON CONFLICT (id) DO UPDATE SET grade_id = EXCLUDED.grade_id, codigo = EXCLUDED.codigo, tipo = EXCLUDED.tipo, eje = EXCLUDED.eje, descripcion = EXCLUDED.descripcion;
INSERT INTO curriculum_objectives (id, grade_id, codigo, tipo, eje, descripcion) VALUES ('61770dfa-c8e4-433b-94c4-41cd6aa01d07', 'dd10638e-9453-4373-a946-253dc336c933', 'OA_b', 'habilidad', 'Habilidades: Experimentar', 'Explorar y experimentar, en forma guiada, con elementos del entorno:') ON CONFLICT (id) DO UPDATE SET grade_id = EXCLUDED.grade_id, codigo = EXCLUDED.codigo, tipo = EXCLUDED.tipo, eje = EXCLUDED.eje, descripcion = EXCLUDED.descripcion;
INSERT INTO curriculum_objective_items (objective_id, orden, descripcion) VALUES ('61770dfa-c8e4-433b-94c4-41cd6aa01d07', 1, 'a partir de preguntas dadas') ON CONFLICT (objective_id, orden) DO UPDATE SET descripcion = EXCLUDED.descripcion;
INSERT INTO curriculum_objective_items (objective_id, orden, descripcion) VALUES ('61770dfa-c8e4-433b-94c4-41cd6aa01d07', 2, 'en forma individual y colaborativa') ON CONFLICT (objective_id, orden) DO UPDATE SET descripcion = EXCLUDED.descripcion;
INSERT INTO curriculum_objective_items (objective_id, orden, descripcion) VALUES ('61770dfa-c8e4-433b-94c4-41cd6aa01d07', 3, 'utilizando la observación, la manipulación y la clasificación de materiales simples') ON CONFLICT (objective_id, orden) DO UPDATE SET descripcion = EXCLUDED.descripcion;
INSERT INTO curriculum_objectives (id, grade_id, codigo, tipo, eje, descripcion) VALUES ('6f66a753-d382-4ed5-b7e8-3d618a65d408', 'dd10638e-9453-4373-a946-253dc336c933', 'OA_c', 'habilidad', 'Habilidades: Experimentar', 'Observar, medir y registrar los datos cuidadosamente, utilizando unidades no estandarizadas.') ON CONFLICT (id) DO UPDATE SET grade_id = EXCLUDED.grade_id, codigo = EXCLUDED.codigo, tipo = EXCLUDED.tipo, eje = EXCLUDED.eje, descripcion = EXCLUDED.descripcion;
INSERT INTO curriculum_objectives (id, grade_id, codigo, tipo, eje, descripcion) VALUES ('c439a106-2ace-4965-852a-a8b708114f30', 'dd10638e-9453-4373-a946-253dc336c933', 'OA_d', 'habilidad', 'Habilidades: Experimentar', 'Seguir las instrucciones para utilizar los materiales y los instrumentos en forma segura.') ON CONFLICT (id) DO UPDATE SET grade_id = EXCLUDED.grade_id, codigo = EXCLUDED.codigo, tipo = EXCLUDED.tipo, eje = EXCLUDED.eje, descripcion = EXCLUDED.descripcion;
INSERT INTO curriculum_objectives (id, grade_id, codigo, tipo, eje, descripcion) VALUES ('c8436c6b-9fef-4201-a173-9e18d584cf53', 'dd10638e-9453-4373-a946-253dc336c933', 'OA_e', 'habilidad', 'Habilidades: Analizar la evidencia y comunicar', 'Comunicar y comparar con otros sus ideas, observaciones, mediciones y experiencias de forma oral y escrita, y por medio de presentaciones, TIC, dibujos, entre otros.') ON CONFLICT (id) DO UPDATE SET grade_id = EXCLUDED.grade_id, codigo = EXCLUDED.codigo, tipo = EXCLUDED.tipo, eje = EXCLUDED.eje, descripcion = EXCLUDED.descripcion;
INSERT INTO curriculum_grades (id, subject_id, grado, label, total_objetivos) VALUES ('47b20544-a2e9-4f25-8029-f93c40741b5b', 'c501f8cc-ddd6-42df-92cf-c77bbfa2ded6', '2', '2° Básico', 15) ON CONFLICT (id) DO UPDATE SET subject_id = EXCLUDED.subject_id, grado = EXCLUDED.grado, label = EXCLUDED.label, total_objetivos = EXCLUDED.total_objetivos;
INSERT INTO curriculum_objectives (id, grade_id, codigo, tipo, eje, descripcion) VALUES ('2f76fe73-eaa5-4d70-97a0-cb3eafef8eb3', '47b20544-a2e9-4f25-8029-f93c40741b5b', 'OA1', 'conocimiento', 'Ciencias de la Vida', 'Observar, describir y clasificar los vertebrados en mamíferos, aves, reptiles, anfibios y peces, a partir de características como cubierta corporal, presencia de mamas y estructuras para la respiración, entre otras.') ON CONFLICT (id) DO UPDATE SET grade_id = EXCLUDED.grade_id, codigo = EXCLUDED.codigo, tipo = EXCLUDED.tipo, eje = EXCLUDED.eje, descripcion = EXCLUDED.descripcion;
INSERT INTO curriculum_objectives (id, grade_id, codigo, tipo, eje, descripcion) VALUES ('53e0a017-2449-46cf-b874-b908ac88ff45', '47b20544-a2e9-4f25-8029-f93c40741b5b', 'OA2', 'conocimiento', 'Ciencias de la Vida', 'Observar, describir y clasificar, por medio de la exploración, las características de los animales sin columna vertebral, como insectos, arácnidos, crustáceos, entre otros, y compararlos con los vertebrados.') ON CONFLICT (id) DO UPDATE SET grade_id = EXCLUDED.grade_id, codigo = EXCLUDED.codigo, tipo = EXCLUDED.tipo, eje = EXCLUDED.eje, descripcion = EXCLUDED.descripcion;
INSERT INTO curriculum_objectives (id, grade_id, codigo, tipo, eje, descripcion) VALUES ('70848fa3-4ee8-4ad6-8e78-e6332e05a8c0', '47b20544-a2e9-4f25-8029-f93c40741b5b', 'OA3', 'conocimiento', 'Ciencias de la Vida', 'Observar y comparar las características de las etapas del ciclo de vida de distintos animales (mamíferos, aves, insectos y anfibios), relacionándolas con su hábitat.') ON CONFLICT (id) DO UPDATE SET grade_id = EXCLUDED.grade_id, codigo = EXCLUDED.codigo, tipo = EXCLUDED.tipo, eje = EXCLUDED.eje, descripcion = EXCLUDED.descripcion;
INSERT INTO curriculum_objectives (id, grade_id, codigo, tipo, eje, descripcion) VALUES ('01adf0e7-fe9a-44d7-a34d-47321b655495', '47b20544-a2e9-4f25-8029-f93c40741b5b', 'OA4', 'conocimiento', 'Ciencias de la Vida', 'Observar y comparar las características de distintos hábitat, identificando la luminosidad, la humedad y la temperatura necesarias para la supervivencia de los animales que habitan en él.') ON CONFLICT (id) DO UPDATE SET grade_id = EXCLUDED.grade_id, codigo = EXCLUDED.codigo, tipo = EXCLUDED.tipo, eje = EXCLUDED.eje, descripcion = EXCLUDED.descripcion;
INSERT INTO curriculum_objectives (id, grade_id, codigo, tipo, eje, descripcion) VALUES ('7e559ada-9f30-4420-828e-968b8adfde72', '47b20544-a2e9-4f25-8029-f93c40741b5b', 'OA5', 'conocimiento', 'Ciencias de la Vida', 'Observar e identificar algunos animales nativos que se encuentran en peligro de extinción, así como el deterioro de su hábitat, proponiendo medidas para protegerlos.') ON CONFLICT (id) DO UPDATE SET grade_id = EXCLUDED.grade_id, codigo = EXCLUDED.codigo, tipo = EXCLUDED.tipo, eje = EXCLUDED.eje, descripcion = EXCLUDED.descripcion;
INSERT INTO curriculum_objectives (id, grade_id, codigo, tipo, eje, descripcion) VALUES ('b692f5e2-d207-4b33-9310-ba83f9809916', '47b20544-a2e9-4f25-8029-f93c40741b5b', 'OA6', 'conocimiento', 'Ciencias de la Vida', 'Identificar y comunicar los efectos de la actividad humana sobre los animales y su hábitat.') ON CONFLICT (id) DO UPDATE SET grade_id = EXCLUDED.grade_id, codigo = EXCLUDED.codigo, tipo = EXCLUDED.tipo, eje = EXCLUDED.eje, descripcion = EXCLUDED.descripcion;
INSERT INTO curriculum_objectives (id, grade_id, codigo, tipo, eje, descripcion) VALUES ('5e686e3c-686a-41a1-a768-2e082bd3a5d2', '47b20544-a2e9-4f25-8029-f93c40741b5b', 'OA7', 'conocimiento', 'Ciencias de la Vida', 'Identificar la ubicación y explicar la función de algunas partes del cuerpo que son fundamentales para vivir: corazón, pulmones, estómago, esqueleto y músculos.') ON CONFLICT (id) DO UPDATE SET grade_id = EXCLUDED.grade_id, codigo = EXCLUDED.codigo, tipo = EXCLUDED.tipo, eje = EXCLUDED.eje, descripcion = EXCLUDED.descripcion;
INSERT INTO curriculum_objectives (id, grade_id, codigo, tipo, eje, descripcion) VALUES ('c6d67288-2413-457b-834b-9612745779a3', '47b20544-a2e9-4f25-8029-f93c40741b5b', 'OA8', 'conocimiento', 'Ciencias de la Vida', 'Explicar la importancia de la actividad física para el desarrollo de los músculos y el fortalecimiento del corazón, proponiendo formas de ejercitarla e incorporarla en sus hábitos diarios.') ON CONFLICT (id) DO UPDATE SET grade_id = EXCLUDED.grade_id, codigo = EXCLUDED.codigo, tipo = EXCLUDED.tipo, eje = EXCLUDED.eje, descripcion = EXCLUDED.descripcion;
INSERT INTO curriculum_objectives (id, grade_id, codigo, tipo, eje, descripcion) VALUES ('3989241b-122f-4ba2-b97d-ae63bc374686', '47b20544-a2e9-4f25-8029-f93c40741b5b', 'OA9', 'conocimiento', 'Ciencias de la Vida', 'Observar y describir, por medio de la investigación experimental, algunas características del agua, como: 10 Identificar y comparar, por medio de la exploración, los estados sólido, líquido y gaseoso del agua. 11 Describir el ciclo del agua en la naturaleza, reconociendo que el agua es un recurso preciado y proponiendo acciones cotidianas para su cuidado. otras, y sus cambios a lo largo del año. do algunos instrumentos tecnológicos útiles para su localidad, como termómetro, pluviómetro o veleta. 14 Describir la relación de los cambios del tiempo atmosférico con las estaciones del año y sus efectos sobre los seres vivos y el ambiente.') ON CONFLICT (id) DO UPDATE SET grade_id = EXCLUDED.grade_id, codigo = EXCLUDED.codigo, tipo = EXCLUDED.tipo, eje = EXCLUDED.eje, descripcion = EXCLUDED.descripcion;
INSERT INTO curriculum_objective_items (objective_id, orden, descripcion) VALUES ('3989241b-122f-4ba2-b97d-ae63bc374686', 1, 'escurrir ú adaptarse a la forma del recipiente') ON CONFLICT (objective_id, orden) DO UPDATE SET descripcion = EXCLUDED.descripcion;
INSERT INTO curriculum_objective_items (objective_id, orden, descripcion) VALUES ('3989241b-122f-4ba2-b97d-ae63bc374686', 2, 'disolver algunos sólidos, como el azúcar y la sal') ON CONFLICT (objective_id, orden) DO UPDATE SET descripcion = EXCLUDED.descripcion;
INSERT INTO curriculum_objective_items (objective_id, orden, descripcion) VALUES ('3989241b-122f-4ba2-b97d-ae63bc374686', 3, 'ser transparente e inodora') ON CONFLICT (objective_id, orden) DO UPDATE SET descripcion = EXCLUDED.descripcion;
INSERT INTO curriculum_objective_items (objective_id, orden, descripcion) VALUES ('3989241b-122f-4ba2-b97d-ae63bc374686', 4, 'evaporarse y congelarse con los cambios de temperatura cribir algunas características del tiempo atmosférico, como (lluvia, granizo, nieve), viento y temperatura ambiente, entre aracterísticas del tiempo atmosférico, construyendo y/o usan-') ON CONFLICT (objective_id, orden) DO UPDATE SET descripcion = EXCLUDED.descripcion;
INSERT INTO curriculum_objectives (id, grade_id, codigo, tipo, eje, descripcion) VALUES ('2f8cd214-a451-4118-bf58-b09ddb0f473e', '47b20544-a2e9-4f25-8029-f93c40741b5b', 'OA_a', 'habilidad', 'Ciencias Físicas y Químicas', 'Observar, plantear preguntas, formular inferencias y predicciones, en forma guiada, sobre objetos y eventos del entorno.') ON CONFLICT (id) DO UPDATE SET grade_id = EXCLUDED.grade_id, codigo = EXCLUDED.codigo, tipo = EXCLUDED.tipo, eje = EXCLUDED.eje, descripcion = EXCLUDED.descripcion;
INSERT INTO curriculum_objectives (id, grade_id, codigo, tipo, eje, descripcion) VALUES ('7e49bdc1-2ae5-42b3-ae13-e75e58081b17', '47b20544-a2e9-4f25-8029-f93c40741b5b', 'OA_b', 'habilidad', 'Habilidades: Planificar y conducir una investigación', 'Participar en investigaciones experimentales y no experimentales guiadas: obteniendo información para responder a preguntas dadas a partir de diverú sas fuentes ú por medio de la observación, la manipulación y la clasificación de la evidencia') ON CONFLICT (id) DO UPDATE SET grade_id = EXCLUDED.grade_id, codigo = EXCLUDED.codigo, tipo = EXCLUDED.tipo, eje = EXCLUDED.eje, descripcion = EXCLUDED.descripcion;
INSERT INTO curriculum_objective_items (objective_id, orden, descripcion) VALUES ('7e49bdc1-2ae5-42b3-ae13-e75e58081b17', 1, 'en forma individual y colaborativa') ON CONFLICT (objective_id, orden) DO UPDATE SET descripcion = EXCLUDED.descripcion;
INSERT INTO curriculum_objectives (id, grade_id, codigo, tipo, eje, descripcion) VALUES ('53fd8af9-bbdc-46cc-be64-a804dc97d388', '47b20544-a2e9-4f25-8029-f93c40741b5b', 'OA_c', 'habilidad', 'Habilidades: Planificar y conducir una investigación', 'Observar, medir y registrar datos en forma precisa, utilizando instrumentos y unidades estandarizadas, organizándolos en tablas y gráficos y utilizando TIC cuando corresponda.') ON CONFLICT (id) DO UPDATE SET grade_id = EXCLUDED.grade_id, codigo = EXCLUDED.codigo, tipo = EXCLUDED.tipo, eje = EXCLUDED.eje, descripcion = EXCLUDED.descripcion;
INSERT INTO curriculum_objectives (id, grade_id, codigo, tipo, eje, descripcion) VALUES ('2b3a4c07-8fc3-4029-99ce-39a93d16be77', '47b20544-a2e9-4f25-8029-f93c40741b5b', 'OA_d', 'habilidad', 'Habilidades: Planificar y conducir una investigación', 'Usar materiales e instrumentos en forma segura y autónoma, como reglas, termómetros, entre otros, para hacer observaciones y mediciones.') ON CONFLICT (id) DO UPDATE SET grade_id = EXCLUDED.grade_id, codigo = EXCLUDED.codigo, tipo = EXCLUDED.tipo, eje = EXCLUDED.eje, descripcion = EXCLUDED.descripcion;
INSERT INTO curriculum_objectives (id, grade_id, codigo, tipo, eje, descripcion) VALUES ('d7bbfd4a-baa3-4c9f-bb11-2a71e92bdfc7', '47b20544-a2e9-4f25-8029-f93c40741b5b', 'OA_e', 'habilidad', 'Habilidades: Analizar la evidencia y comunicar', 'Resumir las evidencias obtenidas a partir de sus observaciones para responder la pregunta inicial.') ON CONFLICT (id) DO UPDATE SET grade_id = EXCLUDED.grade_id, codigo = EXCLUDED.codigo, tipo = EXCLUDED.tipo, eje = EXCLUDED.eje, descripcion = EXCLUDED.descripcion;
INSERT INTO curriculum_objectives (id, grade_id, codigo, tipo, eje, descripcion) VALUES ('14f78942-be32-4988-a49f-3e18a73c2c98', '47b20544-a2e9-4f25-8029-f93c40741b5b', 'OA_f', 'habilidad', 'Habilidades: Analizar la evidencia y comunicar', 'Comunicar y comparar con otros sus ideas, observaciones, mediciones y experiencias, utilizando diagramas, material concreto, modelos, informes sencillos, presentaciones y TIC, entre otros.') ON CONFLICT (id) DO UPDATE SET grade_id = EXCLUDED.grade_id, codigo = EXCLUDED.codigo, tipo = EXCLUDED.tipo, eje = EXCLUDED.eje, descripcion = EXCLUDED.descripcion;
INSERT INTO curriculum_grades (id, subject_id, grado, label, total_objetivos) VALUES ('64da1f58-a7fb-4679-89ba-bc5f4e1c4830', 'c501f8cc-ddd6-42df-92cf-c77bbfa2ded6', '3', '3° Básico', 15) ON CONFLICT (id) DO UPDATE SET subject_id = EXCLUDED.subject_id, grado = EXCLUDED.grado, label = EXCLUDED.label, total_objetivos = EXCLUDED.total_objetivos;
INSERT INTO curriculum_objectives (id, grade_id, codigo, tipo, eje, descripcion) VALUES ('5ade6d49-2abb-4607-adbd-8f2ed4c14bd9', '64da1f58-a7fb-4679-89ba-bc5f4e1c4830', 'OA1', 'conocimiento', 'Ciencias de la Vida', 'Observar y describir, por medio de la investigación experimental, las necesidades de las plantas y su relación con la raíz, el tallo y las hojas.') ON CONFLICT (id) DO UPDATE SET grade_id = EXCLUDED.grade_id, codigo = EXCLUDED.codigo, tipo = EXCLUDED.tipo, eje = EXCLUDED.eje, descripcion = EXCLUDED.descripcion;
INSERT INTO curriculum_objectives (id, grade_id, codigo, tipo, eje, descripcion) VALUES ('c8a6ee4d-df26-4a7b-91cc-0006bdaceea3', '64da1f58-a7fb-4679-89ba-bc5f4e1c4830', 'OA2', 'conocimiento', 'Ciencias de la Vida', 'Observar, registrar e identificar variadas plantas de nuestro país, incluyendo vegetales autóctonos y cultivos principales a nivel nacional y regional.') ON CONFLICT (id) DO UPDATE SET grade_id = EXCLUDED.grade_id, codigo = EXCLUDED.codigo, tipo = EXCLUDED.tipo, eje = EXCLUDED.eje, descripcion = EXCLUDED.descripcion;
INSERT INTO curriculum_objectives (id, grade_id, codigo, tipo, eje, descripcion) VALUES ('f002341b-419c-4591-9ac8-73ffe7f94391', '64da1f58-a7fb-4679-89ba-bc5f4e1c4830', 'OA3', 'conocimiento', 'Ciencias de la Vida', 'Observar y describir algunos cambios de las plantas con flor durante su ciclo de vida (germinación, crecimiento, reproducción, formación de la flor y del fruto), reconociendo la importancia de la polinización y de la dispersión de la semilla.') ON CONFLICT (id) DO UPDATE SET grade_id = EXCLUDED.grade_id, codigo = EXCLUDED.codigo, tipo = EXCLUDED.tipo, eje = EXCLUDED.eje, descripcion = EXCLUDED.descripcion;
INSERT INTO curriculum_objectives (id, grade_id, codigo, tipo, eje, descripcion) VALUES ('48e2e1ba-928f-48fe-8edc-ba8c74dd388a', '64da1f58-a7fb-4679-89ba-bc5f4e1c4830', 'OA4', 'conocimiento', 'Ciencias de la Vida', 'Describir la importancia de las plantas para los seres vivos, el ser humano y el medioambiente (por ejemplo: alimentación, aire para respirar, productos derivados, ornamentación, uso medicinal), proponiendo y comunicando medidas de cuidado.') ON CONFLICT (id) DO UPDATE SET grade_id = EXCLUDED.grade_id, codigo = EXCLUDED.codigo, tipo = EXCLUDED.tipo, eje = EXCLUDED.eje, descripcion = EXCLUDED.descripcion;
INSERT INTO curriculum_objectives (id, grade_id, codigo, tipo, eje, descripcion) VALUES ('3875dc22-c185-49ca-a4be-756cee30cfe2', '64da1f58-a7fb-4679-89ba-bc5f4e1c4830', 'OA5', 'conocimiento', 'Ciencias de la Vida', 'Explicar la importancia de usar adecuadamente los recursos, proponiendo acciones y construyendo instrumentos tecnológicos para reutilizarlos, reducirlos y reciclarlos en la casa y en la escuela.') ON CONFLICT (id) DO UPDATE SET grade_id = EXCLUDED.grade_id, codigo = EXCLUDED.codigo, tipo = EXCLUDED.tipo, eje = EXCLUDED.eje, descripcion = EXCLUDED.descripcion;
INSERT INTO curriculum_objectives (id, grade_id, codigo, tipo, eje, descripcion) VALUES ('099dc8ce-b640-4728-9a16-51e455045fa8', '64da1f58-a7fb-4679-89ba-bc5f4e1c4830', 'OA6', 'conocimiento', 'Ciencias de la Vida', 'Clasificar los alimentos, distinguiendo sus efectos sobre la salud, y proponer hábitos alimenticios saludables.') ON CONFLICT (id) DO UPDATE SET grade_id = EXCLUDED.grade_id, codigo = EXCLUDED.codigo, tipo = EXCLUDED.tipo, eje = EXCLUDED.eje, descripcion = EXCLUDED.descripcion;
INSERT INTO curriculum_objectives (id, grade_id, codigo, tipo, eje, descripcion) VALUES ('638a639d-b8b7-4d5f-8d97-1a2ef66bd8dd', '64da1f58-a7fb-4679-89ba-bc5f4e1c4830', 'OA7', 'conocimiento', 'Ciencias de la Vida', 'Proponer, comunicar y ejercitar buenas prácticas de higiene en la manipulación de alimentos para prevenir enfermedades.') ON CONFLICT (id) DO UPDATE SET grade_id = EXCLUDED.grade_id, codigo = EXCLUDED.codigo, tipo = EXCLUDED.tipo, eje = EXCLUDED.eje, descripcion = EXCLUDED.descripcion;
INSERT INTO curriculum_objectives (id, grade_id, codigo, tipo, eje, descripcion) VALUES ('42c1bbe2-e0b7-4aaa-8927-53b62e0bc924', '64da1f58-a7fb-4679-89ba-bc5f4e1c4830', 'OA8', 'conocimiento', 'Ciencias de la Vida', 'Distinguir fuentes naturales y artificiales de luz, como el Sol, las ampolletas y el fuego, entre otras.') ON CONFLICT (id) DO UPDATE SET grade_id = EXCLUDED.grade_id, codigo = EXCLUDED.codigo, tipo = EXCLUDED.tipo, eje = EXCLUDED.eje, descripcion = EXCLUDED.descripcion;
INSERT INTO curriculum_objectives (id, grade_id, codigo, tipo, eje, descripcion) VALUES ('67fcfa07-0afe-41f7-b61a-0b8046578c0f', '64da1f58-a7fb-4679-89ba-bc5f4e1c4830', 'OA9', 'conocimiento', 'Ciencias Físicas y Químicas', 'Investigar experimentalmente y explicar algunas características de la luz; por ejemplo: viaja en línea recta, se refleja, puede ser separada en colores. 10 Investigar experimentalmente y explicar las características del sonido; por ejemplo: viaja en todas las direcciones, se absorbe o se refleja, se transmite por medio de distintos materiales, tiene tono e intensidad. aracterísticas de algunos de los componentes del Sistema Solar lunas, cometas y asteroides) en relación con su tamaño, localización, apariencia y distancia relativa a la Tierra, entre otros. edio de modelos, los movimientos de rotación y traslación, considerando sus efectos en la Tierra. 13 Diseñar y construir modelos tecnológicos para explicar eventos del Sistema Solar, como la sucesión de las fases de la Luna y los eclipses de Luna y de Sol, entre otros.') ON CONFLICT (id) DO UPDATE SET grade_id = EXCLUDED.grade_id, codigo = EXCLUDED.codigo, tipo = EXCLUDED.tipo, eje = EXCLUDED.eje, descripcion = EXCLUDED.descripcion;
INSERT INTO curriculum_objectives (id, grade_id, codigo, tipo, eje, descripcion) VALUES ('6cbbc665-c411-4c81-b156-8de188386104', '64da1f58-a7fb-4679-89ba-bc5f4e1c4830', 'OA_a', 'habilidad', 'Ciencias de la Vida', 'Plantear preguntas y formular predicciones, en forma guiada, sobre objetos y eventos del entorno.') ON CONFLICT (id) DO UPDATE SET grade_id = EXCLUDED.grade_id, codigo = EXCLUDED.codigo, tipo = EXCLUDED.tipo, eje = EXCLUDED.eje, descripcion = EXCLUDED.descripcion;
INSERT INTO curriculum_objectives (id, grade_id, codigo, tipo, eje, descripcion) VALUES ('6ff329e0-dd83-4be1-8032-f1c405bb51aa', '64da1f58-a7fb-4679-89ba-bc5f4e1c4830', 'OA_b', 'habilidad', 'Habilidades: Planificar y conducir una investigación', 'Planificar y llevar a cabo investigaciones guiadas experimentales y no experimentales: ú obteniendo información para responder a preguntas dadas a partir de diverú sas fuentes sobre la base de una pregunta formulada por ellos u otros') ON CONFLICT (id) DO UPDATE SET grade_id = EXCLUDED.grade_id, codigo = EXCLUDED.codigo, tipo = EXCLUDED.tipo, eje = EXCLUDED.eje, descripcion = EXCLUDED.descripcion;
INSERT INTO curriculum_objective_items (objective_id, orden, descripcion) VALUES ('6ff329e0-dd83-4be1-8032-f1c405bb51aa', 1, 'estableciendo un procedimiento previo simple para responderla') ON CONFLICT (objective_id, orden) DO UPDATE SET descripcion = EXCLUDED.descripcion;
INSERT INTO curriculum_objective_items (objective_id, orden, descripcion) VALUES ('6ff329e0-dd83-4be1-8032-f1c405bb51aa', 2, 'trabajando en forma individual o colaborativa') ON CONFLICT (objective_id, orden) DO UPDATE SET descripcion = EXCLUDED.descripcion;
INSERT INTO curriculum_objectives (id, grade_id, codigo, tipo, eje, descripcion) VALUES ('aafcb391-6061-41f8-a7dd-e743af166da5', '64da1f58-a7fb-4679-89ba-bc5f4e1c4830', 'OA_c', 'habilidad', 'Habilidades: Planificar y conducir una investigación', 'Observar, medir, registrar y comparar datos en forma precisa con instrumentos de medición, utilizando tablas, gráficos y TIC cuando corresponda.') ON CONFLICT (id) DO UPDATE SET grade_id = EXCLUDED.grade_id, codigo = EXCLUDED.codigo, tipo = EXCLUDED.tipo, eje = EXCLUDED.eje, descripcion = EXCLUDED.descripcion;
INSERT INTO curriculum_objectives (id, grade_id, codigo, tipo, eje, descripcion) VALUES ('057bcbbb-53ac-4fac-a4a2-aeafbf08938f', '64da1f58-a7fb-4679-89ba-bc5f4e1c4830', 'OA_d', 'habilidad', 'Habilidades: Planificar y conducir una investigación', 'Usar materiales e instrumentos en forma segura y autónoma, como reglas, termómetros y vasos graduados, entre otros, para hacer observaciones y mediciones.') ON CONFLICT (id) DO UPDATE SET grade_id = EXCLUDED.grade_id, codigo = EXCLUDED.codigo, tipo = EXCLUDED.tipo, eje = EXCLUDED.eje, descripcion = EXCLUDED.descripcion;
INSERT INTO curriculum_objectives (id, grade_id, codigo, tipo, eje, descripcion) VALUES ('1495d30e-4a32-4fa6-84fd-b5a362a9a519', '64da1f58-a7fb-4679-89ba-bc5f4e1c4830', 'OA_e', 'habilidad', 'Habilidades: Analizar la evidencia y comunicar', 'Comparar sus predicciones con la pregunta inicial, utilizando sus observaciones como evidencia para apoyar ideas.') ON CONFLICT (id) DO UPDATE SET grade_id = EXCLUDED.grade_id, codigo = EXCLUDED.codigo, tipo = EXCLUDED.tipo, eje = EXCLUDED.eje, descripcion = EXCLUDED.descripcion;
INSERT INTO curriculum_objectives (id, grade_id, codigo, tipo, eje, descripcion) VALUES ('b1b06409-923c-49b5-aacd-69ed483efa0f', '64da1f58-a7fb-4679-89ba-bc5f4e1c4830', 'OA_f', 'habilidad', 'Habilidades: Analizar la evidencia y comunicar', 'Comunicar ideas, explicaciones, observaciones y mediciones, utilizando diagramas, modelos físicos, informes y presentaciones, usando TIC.') ON CONFLICT (id) DO UPDATE SET grade_id = EXCLUDED.grade_id, codigo = EXCLUDED.codigo, tipo = EXCLUDED.tipo, eje = EXCLUDED.eje, descripcion = EXCLUDED.descripcion;
INSERT INTO curriculum_grades (id, subject_id, grado, label, total_objetivos) VALUES ('05dce6d2-6102-473d-874d-afb5086f3ddc', 'c501f8cc-ddd6-42df-92cf-c77bbfa2ded6', '4', '4° Básico', 17) ON CONFLICT (id) DO UPDATE SET subject_id = EXCLUDED.subject_id, grado = EXCLUDED.grado, label = EXCLUDED.label, total_objetivos = EXCLUDED.total_objetivos;
INSERT INTO curriculum_objectives (id, grade_id, codigo, tipo, eje, descripcion) VALUES ('66665dc2-75a9-4a10-942e-c64e60b31952', '05dce6d2-6102-473d-874d-afb5086f3ddc', 'OA1', 'conocimiento', 'Ciencias de la Vida', 'Reconocer, por medio de la exploración, que un ecosistema está compuesto por elementos vivos (animales, plantas, etc.) y no vivos (piedras, agua, tierra, etc.) que interactúan entre sí.') ON CONFLICT (id) DO UPDATE SET grade_id = EXCLUDED.grade_id, codigo = EXCLUDED.codigo, tipo = EXCLUDED.tipo, eje = EXCLUDED.eje, descripcion = EXCLUDED.descripcion;
INSERT INTO curriculum_objectives (id, grade_id, codigo, tipo, eje, descripcion) VALUES ('5b929aa9-1047-4116-ba33-f1eda9fed028', '05dce6d2-6102-473d-874d-afb5086f3ddc', 'OA2', 'conocimiento', 'Ciencias de la Vida', 'Observar y comparar adaptaciones de plantas y animales para sobrevivir en los ecosistemas en relación con su estructura y conducta; por ejemplo: cubierta corporal, camuflaje, tipo de hojas, hibernación, entre otras.') ON CONFLICT (id) DO UPDATE SET grade_id = EXCLUDED.grade_id, codigo = EXCLUDED.codigo, tipo = EXCLUDED.tipo, eje = EXCLUDED.eje, descripcion = EXCLUDED.descripcion;
INSERT INTO curriculum_objectives (id, grade_id, codigo, tipo, eje, descripcion) VALUES ('87cb8162-d21b-42c6-8685-d39bb3d2d4f7', '05dce6d2-6102-473d-874d-afb5086f3ddc', 'OA3', 'conocimiento', 'Ciencias de la Vida', 'Dar ejemplos de cadenas alimentarias, identificando la función de los organismos productores, consumidores y descomponedores, en diferentes ecosistemas de Chile.') ON CONFLICT (id) DO UPDATE SET grade_id = EXCLUDED.grade_id, codigo = EXCLUDED.codigo, tipo = EXCLUDED.tipo, eje = EXCLUDED.eje, descripcion = EXCLUDED.descripcion;
INSERT INTO curriculum_objectives (id, grade_id, codigo, tipo, eje, descripcion) VALUES ('00d566f4-b83c-46bf-95fb-d33641565ee2', '05dce6d2-6102-473d-874d-afb5086f3ddc', 'OA4', 'conocimiento', 'Ciencias de la Vida', 'Analizar los efectos de la actividad humana en ecosistemas de Chile, proponiendo medidas para protegerlos (parques nacionales y vedas, entre otras).') ON CONFLICT (id) DO UPDATE SET grade_id = EXCLUDED.grade_id, codigo = EXCLUDED.codigo, tipo = EXCLUDED.tipo, eje = EXCLUDED.eje, descripcion = EXCLUDED.descripcion;
INSERT INTO curriculum_objectives (id, grade_id, codigo, tipo, eje, descripcion) VALUES ('d55cbeaf-e80a-4808-9f2f-82b8eea76858', '05dce6d2-6102-473d-874d-afb5086f3ddc', 'OA5', 'conocimiento', 'Ciencias de la Vida', 'Identificar y describir, usando modelos, estructuras del sistema esquelético y algunas de sus funciones, como protección (costillas y cráneo), soporte (vértebras y columna vertebral) y movimiento (pelvis y fémur).') ON CONFLICT (id) DO UPDATE SET grade_id = EXCLUDED.grade_id, codigo = EXCLUDED.codigo, tipo = EXCLUDED.tipo, eje = EXCLUDED.eje, descripcion = EXCLUDED.descripcion;
INSERT INTO curriculum_objectives (id, grade_id, codigo, tipo, eje, descripcion) VALUES ('8769c47f-326a-4735-a0b5-632395cc688c', '05dce6d2-6102-473d-874d-afb5086f3ddc', 'OA6', 'conocimiento', 'Ciencias de la Vida', 'Explicar, con apoyo de modelos, el movimiento del cuerpo, considerando la acción coordinada de músculos, huesos, tendones y articulación (ejemplo: brazo y pierna), y describir los beneficios de la actividad física para el sistema músculo-esquelético.') ON CONFLICT (id) DO UPDATE SET grade_id = EXCLUDED.grade_id, codigo = EXCLUDED.codigo, tipo = EXCLUDED.tipo, eje = EXCLUDED.eje, descripcion = EXCLUDED.descripcion;
INSERT INTO curriculum_objectives (id, grade_id, codigo, tipo, eje, descripcion) VALUES ('954b7db4-bd45-4fa4-88f8-8eac1f499078', '05dce6d2-6102-473d-874d-afb5086f3ddc', 'OA7', 'conocimiento', 'Ciencias de la Vida', 'Identificar estructuras del sistema nervioso y describir algunas de sus funciones, como conducción de información (médula espinal y nervios) y elaboración y control (cerebro).') ON CONFLICT (id) DO UPDATE SET grade_id = EXCLUDED.grade_id, codigo = EXCLUDED.codigo, tipo = EXCLUDED.tipo, eje = EXCLUDED.eje, descripcion = EXCLUDED.descripcion;
INSERT INTO curriculum_objectives (id, grade_id, codigo, tipo, eje, descripcion) VALUES ('692ce826-5e49-4350-b769-c8338b2c9ea6', '05dce6d2-6102-473d-874d-afb5086f3ddc', 'OA8', 'conocimiento', 'Ciencias de la Vida', 'Investigar en diversas fuentes y comunicar los efectos que produce el consumo excesivo de alcohol en la salud humana (como descoordinación, confusión y lentitud, entre otras).') ON CONFLICT (id) DO UPDATE SET grade_id = EXCLUDED.grade_id, codigo = EXCLUDED.codigo, tipo = EXCLUDED.tipo, eje = EXCLUDED.eje, descripcion = EXCLUDED.descripcion;
INSERT INTO curriculum_objectives (id, grade_id, codigo, tipo, eje, descripcion) VALUES ('f33e9d02-ddda-4445-af43-3d7b7915d000', '05dce6d2-6102-473d-874d-afb5086f3ddc', 'OA9', 'conocimiento', 'Ciencias de la Vida', 'Demostrar, por medio de la investigación experimental, que la materia tiene masa y ocupa espacio, usando materiales del entorno. parar los tres estados de la materia (sólido, líquido y gaseoso) en relación con criterios como la capacidad de fluir y cambiar de forma y volumen, entre otros. 11 Medir la masa, el volumen y la temperatura de la materia (en estados sólido, líquido y gaseoso), utilizando instrumentos y unidades de medida apropiados. 12 Demostrar, por medio de la investigación experimental, los efectos de la aplicación de fuerzas sobre objetos, considerando cambios en la forma, la rapidez y la dirección del movimiento, entre otros. 13 Identificar, por medio de la investigación experimental, diferentes tipos de fuerzas y sus efectos en situaciones concretas: úfuerza de roce (arrastrando objetos) úpeso (fuerza de gravedad) úfuerza magnética (en imanes) 14 Diseñar y construir objetos tecnológicos que usen la fuerza, para resolver problemas cotidianos. medio de modelos, que la Tierra tiene una estructura de capas y núcleo) con características distintivas en cuanto a su composición, rigidez y temperatura. mbios de la superficie de la Tierra a partir de la interacción de sus capas y los movimientos de las placas tectónicas (sismos, tsunamis y erupciones volcánicas). 17 Proponer medidas de prevención y seguridad ante riesgos naturales en la escuela, la calle y el hogar, para desarrollar una cultura preventiva.') ON CONFLICT (id) DO UPDATE SET grade_id = EXCLUDED.grade_id, codigo = EXCLUDED.codigo, tipo = EXCLUDED.tipo, eje = EXCLUDED.eje, descripcion = EXCLUDED.descripcion;
INSERT INTO curriculum_objectives (id, grade_id, codigo, tipo, eje, descripcion) VALUES ('122c6f00-04bb-4122-8cc7-bf03fd33bbaa', '05dce6d2-6102-473d-874d-afb5086f3ddc', 'OA_a', 'habilidad', 'Ciencias Físicas y Químicas', 'Seleccionar preguntas significativas que se puedan investigar.') ON CONFLICT (id) DO UPDATE SET grade_id = EXCLUDED.grade_id, codigo = EXCLUDED.codigo, tipo = EXCLUDED.tipo, eje = EXCLUDED.eje, descripcion = EXCLUDED.descripcion;
INSERT INTO curriculum_objectives (id, grade_id, codigo, tipo, eje, descripcion) VALUES ('f253c925-bb9b-44a6-8e32-08c1f84bd6a3', '05dce6d2-6102-473d-874d-afb5086f3ddc', 'OA_b', 'habilidad', 'Habilidades: Observar y preguntar', 'Formular predicciones de resultados de una investigación, de forma autónoma, fundamentándolas.') ON CONFLICT (id) DO UPDATE SET grade_id = EXCLUDED.grade_id, codigo = EXCLUDED.codigo, tipo = EXCLUDED.tipo, eje = EXCLUDED.eje, descripcion = EXCLUDED.descripcion;
INSERT INTO curriculum_objectives (id, grade_id, codigo, tipo, eje, descripcion) VALUES ('12f50928-6ede-477c-8bae-edcf67953230', '05dce6d2-6102-473d-874d-afb5086f3ddc', 'OA_c', 'habilidad', 'Habilidades: Planificar y conducir una investigación', 'Planificar y llevar a cabo investigaciones guiadas experimentales y no experimentales:') ON CONFLICT (id) DO UPDATE SET grade_id = EXCLUDED.grade_id, codigo = EXCLUDED.codigo, tipo = EXCLUDED.tipo, eje = EXCLUDED.eje, descripcion = EXCLUDED.descripcion;
INSERT INTO curriculum_objective_items (objective_id, orden, descripcion) VALUES ('12f50928-6ede-477c-8bae-edcf67953230', 1, 'sobre la base de una pregunta formulada por ellos u otros ú considerando el cambio de una sola variable') ON CONFLICT (objective_id, orden) DO UPDATE SET descripcion = EXCLUDED.descripcion;
INSERT INTO curriculum_objective_items (objective_id, orden, descripcion) VALUES ('12f50928-6ede-477c-8bae-edcf67953230', 2, 'trabajando de forma individual o colaborativa') ON CONFLICT (objective_id, orden) DO UPDATE SET descripcion = EXCLUDED.descripcion;
INSERT INTO curriculum_objective_items (objective_id, orden, descripcion) VALUES ('12f50928-6ede-477c-8bae-edcf67953230', 3, 'obteniendo información sobre el tema en estudio a partir de diversas fuentes y aplicando estrategias para organizar y comunicar la información.') ON CONFLICT (objective_id, orden) DO UPDATE SET descripcion = EXCLUDED.descripcion;
INSERT INTO curriculum_objectives (id, grade_id, codigo, tipo, eje, descripcion) VALUES ('65dc064a-b1a0-4f7f-980d-daf6b80f671c', '05dce6d2-6102-473d-874d-afb5086f3ddc', 'OA_d', 'habilidad', 'Habilidades: Planificar y conducir una investigación', 'Medir y registrar datos en forma precisa con instrumentos de medición, especificando las unidades de medida y comparándolos, utilizando tablas, gráficos y') ON CONFLICT (id) DO UPDATE SET grade_id = EXCLUDED.grade_id, codigo = EXCLUDED.codigo, tipo = EXCLUDED.tipo, eje = EXCLUDED.eje, descripcion = EXCLUDED.descripcion;
INSERT INTO curriculum_objectives (id, grade_id, codigo, tipo, eje, descripcion) VALUES ('e82f65f8-06a7-40d7-9f64-07a343088046', '05dce6d2-6102-473d-874d-afb5086f3ddc', 'OA_e', 'habilidad', 'Habilidades: Planificar y conducir una investigación', 'Seleccionar materiales e instrumentos, usándolos de manera segura y adecuada e identificando los riesgos potenciales.') ON CONFLICT (id) DO UPDATE SET grade_id = EXCLUDED.grade_id, codigo = EXCLUDED.codigo, tipo = EXCLUDED.tipo, eje = EXCLUDED.eje, descripcion = EXCLUDED.descripcion;
INSERT INTO curriculum_objectives (id, grade_id, codigo, tipo, eje, descripcion) VALUES ('1d123346-7955-428d-8632-6f8c84b03d96', '05dce6d2-6102-473d-874d-afb5086f3ddc', 'OA_f', 'habilidad', 'Habilidades: Analizar la evidencia y comunicar', 'Formular explicaciones razonables y conclusiones a partir de la comparación entre los resultados obtenidos y sus predicciones.') ON CONFLICT (id) DO UPDATE SET grade_id = EXCLUDED.grade_id, codigo = EXCLUDED.codigo, tipo = EXCLUDED.tipo, eje = EXCLUDED.eje, descripcion = EXCLUDED.descripcion;
INSERT INTO curriculum_objectives (id, grade_id, codigo, tipo, eje, descripcion) VALUES ('57e96fea-b109-4e0e-9098-003bc14e5956', '05dce6d2-6102-473d-874d-afb5086f3ddc', 'OA_g', 'habilidad', 'Habilidades: Analizar la evidencia y comunicar', 'Comunicar evidencias y conclusiones de una investigación, utilizando modelos, presentaciones, TIC e informes, entre otros.') ON CONFLICT (id) DO UPDATE SET grade_id = EXCLUDED.grade_id, codigo = EXCLUDED.codigo, tipo = EXCLUDED.tipo, eje = EXCLUDED.eje, descripcion = EXCLUDED.descripcion;
INSERT INTO curriculum_objectives (id, grade_id, codigo, tipo, eje, descripcion) VALUES ('8289f6b7-8c3f-43c5-bf8a-c4646d56dec2', '05dce6d2-6102-473d-874d-afb5086f3ddc', 'OA_h', 'habilidad', 'Habilidades: Analizar la evidencia y comunicar', 'Reflexionar y comunicar fortalezas y debilidades en la planificación y el desarrollo de sus investigaciones, en forma oral y escrita.') ON CONFLICT (id) DO UPDATE SET grade_id = EXCLUDED.grade_id, codigo = EXCLUDED.codigo, tipo = EXCLUDED.tipo, eje = EXCLUDED.eje, descripcion = EXCLUDED.descripcion;
INSERT INTO curriculum_grades (id, subject_id, grado, label, total_objetivos) VALUES ('7a9d03b8-8d95-4589-a898-92cabce2324e', 'c501f8cc-ddd6-42df-92cf-c77bbfa2ded6', '5', '5° Básico', 16) ON CONFLICT (id) DO UPDATE SET subject_id = EXCLUDED.subject_id, grado = EXCLUDED.grado, label = EXCLUDED.label, total_objetivos = EXCLUDED.total_objetivos;
INSERT INTO curriculum_objectives (id, grade_id, codigo, tipo, eje, descripcion) VALUES ('f81c9cf7-65a8-43d1-8a40-d363699075e4', '7a9d03b8-8d95-4589-a898-92cabce2324e', 'OA1', 'conocimiento', 'Ciencias de la Vida', 'Reconocer y explicar que los seres vivos están formados por una o más células y que estas se organizan en tejidos, órganos y sistemas.') ON CONFLICT (id) DO UPDATE SET grade_id = EXCLUDED.grade_id, codigo = EXCLUDED.codigo, tipo = EXCLUDED.tipo, eje = EXCLUDED.eje, descripcion = EXCLUDED.descripcion;
INSERT INTO curriculum_objectives (id, grade_id, codigo, tipo, eje, descripcion) VALUES ('fae593d2-793c-4bd3-9aca-98fa2df46fcb', '7a9d03b8-8d95-4589-a898-92cabce2324e', 'OA2', 'conocimiento', 'Ciencias de la Vida', 'Identificar y describir, por medio de modelos, las estructuras básicas del sistema digestivo (boca, esófago, estómago, hígado, intestino delgado, intestino grueso, recto y ano) y sus funciones en la digestión, la absorción de alimentos y la eliminación de desechos.') ON CONFLICT (id) DO UPDATE SET grade_id = EXCLUDED.grade_id, codigo = EXCLUDED.codigo, tipo = EXCLUDED.tipo, eje = EXCLUDED.eje, descripcion = EXCLUDED.descripcion;
INSERT INTO curriculum_objectives (id, grade_id, codigo, tipo, eje, descripcion) VALUES ('65d5148c-6d0f-4ce9-b2ad-93765a15bb18', '7a9d03b8-8d95-4589-a898-92cabce2324e', 'OA3', 'conocimiento', 'Ciencias de la Vida', 'Explicar, por medio de modelos, la respiración (inspiración-espiración-intercambio de oxígeno y dióxido de carbono), identificando las estructuras básicas del sistema respiratorio (nariz, tráquea, bronquios, alvéolos, pulmones).') ON CONFLICT (id) DO UPDATE SET grade_id = EXCLUDED.grade_id, codigo = EXCLUDED.codigo, tipo = EXCLUDED.tipo, eje = EXCLUDED.eje, descripcion = EXCLUDED.descripcion;
INSERT INTO curriculum_objectives (id, grade_id, codigo, tipo, eje, descripcion) VALUES ('1fb95742-b547-4701-b864-759271242ff6', '7a9d03b8-8d95-4589-a898-92cabce2324e', 'OA4', 'conocimiento', 'Ciencias de la Vida', 'Explicar la función de transporte del sistema circulatorio (sustancias alimenticias, oxígeno y dióxido de carbono), identificando sus estructuras básicas (corazón, vasos sanguíneos y sangre).') ON CONFLICT (id) DO UPDATE SET grade_id = EXCLUDED.grade_id, codigo = EXCLUDED.codigo, tipo = EXCLUDED.tipo, eje = EXCLUDED.eje, descripcion = EXCLUDED.descripcion;
INSERT INTO curriculum_objectives (id, grade_id, codigo, tipo, eje, descripcion) VALUES ('b27336fa-4627-4cad-be8f-645d5eb7c3a7', '7a9d03b8-8d95-4589-a898-92cabce2324e', 'OA5', 'conocimiento', 'Ciencias de la Vida', 'Analizar el consumo de alimento diario (variedad, tamaño y frecuencia de porciones), reconociendo los alimentos para el crecimiento, la reparación, el desarrollo y el movimiento del cuerpo.') ON CONFLICT (id) DO UPDATE SET grade_id = EXCLUDED.grade_id, codigo = EXCLUDED.codigo, tipo = EXCLUDED.tipo, eje = EXCLUDED.eje, descripcion = EXCLUDED.descripcion;
INSERT INTO curriculum_objectives (id, grade_id, codigo, tipo, eje, descripcion) VALUES ('b5b4fa73-a452-4fc2-a0ca-e459639bb2bc', '7a9d03b8-8d95-4589-a898-92cabce2324e', 'OA6', 'conocimiento', 'Ciencias de la Vida', 'Investigar en diversas fuentes y comunicar los efectos nocivos que produce el cigarrillo (humo del tabaco) en los sistemas respiratorio y circulatorio.') ON CONFLICT (id) DO UPDATE SET grade_id = EXCLUDED.grade_id, codigo = EXCLUDED.codigo, tipo = EXCLUDED.tipo, eje = EXCLUDED.eje, descripcion = EXCLUDED.descripcion;
INSERT INTO curriculum_objectives (id, grade_id, codigo, tipo, eje, descripcion) VALUES ('07d3fda2-c041-4464-9f41-3f169ed7ef9f', '7a9d03b8-8d95-4589-a898-92cabce2324e', 'OA7', 'conocimiento', 'Ciencias de la Vida', 'Investigar e identificar algunos microorganismos beneficiosos y dañinos para la salud (bacterias, virus y hongos), y proponer medidas de cuidado e higiene del cuerpo.') ON CONFLICT (id) DO UPDATE SET grade_id = EXCLUDED.grade_id, codigo = EXCLUDED.codigo, tipo = EXCLUDED.tipo, eje = EXCLUDED.eje, descripcion = EXCLUDED.descripcion;
INSERT INTO curriculum_objectives (id, grade_id, codigo, tipo, eje, descripcion) VALUES ('d2ea4d8a-1c33-48ab-8a26-eda8dd6283d6', '7a9d03b8-8d95-4589-a898-92cabce2324e', 'OA8', 'conocimiento', 'Ciencias de la Vida', 'Reconocer los cambios que experimenta la energía eléctrica al pasar de una forma a otra (eléctrica a calórica, sonora, lumínica, etc.) e investigar los principales aportes de científicos en su estudio a lo largo del tiempo.') ON CONFLICT (id) DO UPDATE SET grade_id = EXCLUDED.grade_id, codigo = EXCLUDED.codigo, tipo = EXCLUDED.tipo, eje = EXCLUDED.eje, descripcion = EXCLUDED.descripcion;
INSERT INTO curriculum_objectives (id, grade_id, codigo, tipo, eje, descripcion) VALUES ('11efc2f2-a977-4518-9f96-4b7ae77afd61', '7a9d03b8-8d95-4589-a898-92cabce2324e', 'OA9', 'conocimiento', 'Ciencias Físicas y Químicas', 'Construir un circuito eléctrico simple (cable, ampolleta, interruptor y pila), usarlo para resolver problemas cotidianos y explicar su funcionamiento. 10 Observar y distinguir, por medio de la investigación experimental, los materiales conductores (cobre y aluminio) y aisladores (plásticos y goma) de electricidad, relacionándolos con la manipulación segura de artefactos tecnológicos y circuitos eléctricos domiciliarios. 11 Explicar la importancia de la energía eléctrica en la vida cotidiana y proponer medidas para promover su ahorro y su uso responsable. istribución del agua dulce y salada en la Tierra, considerando ares, ríos y lagos, aguas subterráneas, nubes, vapor de agua, etc., y comparar sus volúmenes, reconociendo la escasez relativa de agua 13 Analizar y describir las características de los océanos y lagos: úvariación de temperatura, luminosidad y presión en relación con la profundidad údiversidad de flora y fauna úmovimiento de las aguas, como olas, mareas, corrientes (El Niño y Humboldt) 14 Investigar y explicar efectos positivos y negativos de la actividad humana en océanos, lagos, ríos, glaciares, entre otros, proponiendo acciones de protección de las reservas hídricas en Chile y comunicando sus resultados.') ON CONFLICT (id) DO UPDATE SET grade_id = EXCLUDED.grade_id, codigo = EXCLUDED.codigo, tipo = EXCLUDED.tipo, eje = EXCLUDED.eje, descripcion = EXCLUDED.descripcion;
INSERT INTO curriculum_objectives (id, grade_id, codigo, tipo, eje, descripcion) VALUES ('2efe6c1e-9a6e-45b0-977a-1f336ae193dc', '7a9d03b8-8d95-4589-a898-92cabce2324e', 'OA_a', 'habilidad', 'Ciencias de la Vida', 'Identificar preguntas simples de carácter científico, que permitan realizar una investigación y formular una predicción de los resultados de ésta, fundamentándolos.') ON CONFLICT (id) DO UPDATE SET grade_id = EXCLUDED.grade_id, codigo = EXCLUDED.codigo, tipo = EXCLUDED.tipo, eje = EXCLUDED.eje, descripcion = EXCLUDED.descripcion;
INSERT INTO curriculum_objectives (id, grade_id, codigo, tipo, eje, descripcion) VALUES ('bda00ab0-4d70-4a19-b7a0-abec426cb906', '7a9d03b8-8d95-4589-a898-92cabce2324e', 'OA_b', 'habilidad', 'Habilidades: Planificar y conducir una investigación', 'Planificar y llevar a cabo investigaciones experimentales y no experimentales de manera independiente:') ON CONFLICT (id) DO UPDATE SET grade_id = EXCLUDED.grade_id, codigo = EXCLUDED.codigo, tipo = EXCLUDED.tipo, eje = EXCLUDED.eje, descripcion = EXCLUDED.descripcion;
INSERT INTO curriculum_objective_items (objective_id, orden, descripcion) VALUES ('bda00ab0-4d70-4a19-b7a0-abec426cb906', 1, 'sobre la base de una pregunta formulada por ellos u otros ú identificando variables que se mantienen, que cambian y que dan resultado en una investigación experimental') ON CONFLICT (objective_id, orden) DO UPDATE SET descripcion = EXCLUDED.descripcion;
INSERT INTO curriculum_objective_items (objective_id, orden, descripcion) VALUES ('bda00ab0-4d70-4a19-b7a0-abec426cb906', 2, 'trabajando de forma individual o colaborativa') ON CONFLICT (objective_id, orden) DO UPDATE SET descripcion = EXCLUDED.descripcion;
INSERT INTO curriculum_objective_items (objective_id, orden, descripcion) VALUES ('bda00ab0-4d70-4a19-b7a0-abec426cb906', 3, 'obteniendo información sobre el tema en estudio a partir de diversas fuentes y aplicando estrategias para organizar y comunicar la información') ON CONFLICT (objective_id, orden) DO UPDATE SET descripcion = EXCLUDED.descripcion;
INSERT INTO curriculum_objectives (id, grade_id, codigo, tipo, eje, descripcion) VALUES ('339bf6e0-4401-40de-b4c7-16af525f8b9f', '7a9d03b8-8d95-4589-a898-92cabce2324e', 'OA_c', 'habilidad', 'Habilidades: Planificar y conducir una investigación', 'Medir y registrar datos en forma precisa con instrumentos de medición, especificando las unidades de medida, identificando patrones simples y usando las TIC cuando corresponda.') ON CONFLICT (id) DO UPDATE SET grade_id = EXCLUDED.grade_id, codigo = EXCLUDED.codigo, tipo = EXCLUDED.tipo, eje = EXCLUDED.eje, descripcion = EXCLUDED.descripcion;
INSERT INTO curriculum_objectives (id, grade_id, codigo, tipo, eje, descripcion) VALUES ('d0c336c5-b60e-499b-9064-3333a3d87028', '7a9d03b8-8d95-4589-a898-92cabce2324e', 'OA_d', 'habilidad', 'Habilidades: Planificar y conducir una investigación', 'Seleccionar materiales e instrumentos, usándolos de manera segura y adecuada e identificando los riesgos potenciales.') ON CONFLICT (id) DO UPDATE SET grade_id = EXCLUDED.grade_id, codigo = EXCLUDED.codigo, tipo = EXCLUDED.tipo, eje = EXCLUDED.eje, descripcion = EXCLUDED.descripcion;
INSERT INTO curriculum_objectives (id, grade_id, codigo, tipo, eje, descripcion) VALUES ('d9fd7bac-b108-4a6c-851a-ebcb568ccd50', '7a9d03b8-8d95-4589-a898-92cabce2324e', 'OA_e', 'habilidad', 'Habilidades: Analizar la evidencia y comunicar', 'Formular explicaciones razonables y conclusiones, a partir de la comparación entre los resultados obtenidos en la experimentación y sus predicciones.') ON CONFLICT (id) DO UPDATE SET grade_id = EXCLUDED.grade_id, codigo = EXCLUDED.codigo, tipo = EXCLUDED.tipo, eje = EXCLUDED.eje, descripcion = EXCLUDED.descripcion;
INSERT INTO curriculum_objectives (id, grade_id, codigo, tipo, eje, descripcion) VALUES ('3c8e56e6-2a2d-4f17-a79c-4d6c59006656', '7a9d03b8-8d95-4589-a898-92cabce2324e', 'OA_f', 'habilidad', 'Habilidades: Analizar la evidencia y comunicar', 'Comunicar y representar evidencias y conclusiones de una investigación, utilizando modelos, presentaciones, TIC e informes, entre otros.') ON CONFLICT (id) DO UPDATE SET grade_id = EXCLUDED.grade_id, codigo = EXCLUDED.codigo, tipo = EXCLUDED.tipo, eje = EXCLUDED.eje, descripcion = EXCLUDED.descripcion;
INSERT INTO curriculum_objectives (id, grade_id, codigo, tipo, eje, descripcion) VALUES ('f4375704-7bc0-4621-877d-5de8df7727f9', '7a9d03b8-8d95-4589-a898-92cabce2324e', 'OA_g', 'habilidad', 'Habilidades: Analizar la evidencia y comunicar', 'Reflexionar, comunicar y proponer mejoras en sus investigaciones, identificando errores y aspectos a mejorar en sus procedimientos.') ON CONFLICT (id) DO UPDATE SET grade_id = EXCLUDED.grade_id, codigo = EXCLUDED.codigo, tipo = EXCLUDED.tipo, eje = EXCLUDED.eje, descripcion = EXCLUDED.descripcion;
INSERT INTO curriculum_grades (id, subject_id, grado, label, total_objetivos) VALUES ('d755f7e0-ed6e-46e9-9be1-eaab302eb1fb', 'c501f8cc-ddd6-42df-92cf-c77bbfa2ded6', '6', '6° Básico', 9) ON CONFLICT (id) DO UPDATE SET subject_id = EXCLUDED.subject_id, grado = EXCLUDED.grado, label = EXCLUDED.label, total_objetivos = EXCLUDED.total_objetivos;
INSERT INTO curriculum_objectives (id, grade_id, codigo, tipo, eje, descripcion) VALUES ('ea733e72-6236-4907-93a0-4163b797d580', 'd755f7e0-ed6e-46e9-9be1-eaab302eb1fb', 'OA1', 'conocimiento', 'Ciencias de la Vida', 'Explicar, a partir de una investigación experimental, los requerimientos de agua, dióxido de carbono y energía lumínica para la producción de azúcar y la liberación de oxígeno en la fotosíntesis, comunicando sus resultados y los aportes de científicos en este campo a lo largo del tiempo.') ON CONFLICT (id) DO UPDATE SET grade_id = EXCLUDED.grade_id, codigo = EXCLUDED.codigo, tipo = EXCLUDED.tipo, eje = EXCLUDED.eje, descripcion = EXCLUDED.descripcion;
INSERT INTO curriculum_objectives (id, grade_id, codigo, tipo, eje, descripcion) VALUES ('6887ccfa-4540-426c-9eb1-992873d2d6cf', 'd755f7e0-ed6e-46e9-9be1-eaab302eb1fb', 'OA2', 'conocimiento', 'Ciencias de la Vida', 'Representar, por medio de modelos, la transferencia de energía y materia desde los organismos fotosintéticos a otros seres vivos por medio de cadenas y redes alimentarias en diferentes ecosistemas.') ON CONFLICT (id) DO UPDATE SET grade_id = EXCLUDED.grade_id, codigo = EXCLUDED.codigo, tipo = EXCLUDED.tipo, eje = EXCLUDED.eje, descripcion = EXCLUDED.descripcion;
INSERT INTO curriculum_objectives (id, grade_id, codigo, tipo, eje, descripcion) VALUES ('a5b35d55-7cd4-4056-a002-2b9f2a80d778', 'd755f7e0-ed6e-46e9-9be1-eaab302eb1fb', 'OA3', 'conocimiento', 'Ciencias de la Vida', 'Analizar los efectos de la actividad humana sobre las redes alimentarias.') ON CONFLICT (id) DO UPDATE SET grade_id = EXCLUDED.grade_id, codigo = EXCLUDED.codigo, tipo = EXCLUDED.tipo, eje = EXCLUDED.eje, descripcion = EXCLUDED.descripcion;
INSERT INTO curriculum_objectives (id, grade_id, codigo, tipo, eje, descripcion) VALUES ('5b3d01f0-dfcd-497f-b174-fa8e3747fc05', 'd755f7e0-ed6e-46e9-9be1-eaab302eb1fb', 'OA4', 'conocimiento', 'Ciencias de la Vida', 'Identificar y describir las funciones de las principales estructuras del sistema reproductor humano femenino y masculino.') ON CONFLICT (id) DO UPDATE SET grade_id = EXCLUDED.grade_id, codigo = EXCLUDED.codigo, tipo = EXCLUDED.tipo, eje = EXCLUDED.eje, descripcion = EXCLUDED.descripcion;
INSERT INTO curriculum_objectives (id, grade_id, codigo, tipo, eje, descripcion) VALUES ('d1128c23-f842-47a7-8d5b-172a7e5a69a2', 'd755f7e0-ed6e-46e9-9be1-eaab302eb1fb', 'OA5', 'conocimiento', 'Ciencias de la Vida', 'Describir y comparar los cambios que se producen en la pubertad en mujeres y hombres, reconociéndola como una etapa del desarrollo humano.') ON CONFLICT (id) DO UPDATE SET grade_id = EXCLUDED.grade_id, codigo = EXCLUDED.codigo, tipo = EXCLUDED.tipo, eje = EXCLUDED.eje, descripcion = EXCLUDED.descripcion;
INSERT INTO curriculum_objectives (id, grade_id, codigo, tipo, eje, descripcion) VALUES ('9652c628-69c0-4596-a9f7-7347719b2759', 'd755f7e0-ed6e-46e9-9be1-eaab302eb1fb', 'OA6', 'conocimiento', 'Ciencias de la Vida', 'Reconocer los beneficios de realizar actividad física en forma regular y de cuidar la higiene corporal en el período de la pubertad.') ON CONFLICT (id) DO UPDATE SET grade_id = EXCLUDED.grade_id, codigo = EXCLUDED.codigo, tipo = EXCLUDED.tipo, eje = EXCLUDED.eje, descripcion = EXCLUDED.descripcion;
INSERT INTO curriculum_objectives (id, grade_id, codigo, tipo, eje, descripcion) VALUES ('bb482e07-568e-4b22-8114-54d46b8450f0', 'd755f7e0-ed6e-46e9-9be1-eaab302eb1fb', 'OA7', 'conocimiento', 'Ciencias de la Vida', 'Investigar y comunicar los efectos nocivos de algunas drogas para la salud, proponiendo conductas de protección.') ON CONFLICT (id) DO UPDATE SET grade_id = EXCLUDED.grade_id, codigo = EXCLUDED.codigo, tipo = EXCLUDED.tipo, eje = EXCLUDED.eje, descripcion = EXCLUDED.descripcion;
INSERT INTO curriculum_objectives (id, grade_id, codigo, tipo, eje, descripcion) VALUES ('883433d5-5322-4136-a058-ac23211cce80', 'd755f7e0-ed6e-46e9-9be1-eaab302eb1fb', 'OA8', 'conocimiento', 'Ciencias de la Vida', 'Explicar que la energía es necesaria para que los objetos cambien y los seres vivos realicen sus procesos vitales, y que la mayoría de los recursos energéticos proviene directa o indirectamente del Sol, dando ejemplos de ello.') ON CONFLICT (id) DO UPDATE SET grade_id = EXCLUDED.grade_id, codigo = EXCLUDED.codigo, tipo = EXCLUDED.tipo, eje = EXCLUDED.eje, descripcion = EXCLUDED.descripcion;
INSERT INTO curriculum_objectives (id, grade_id, codigo, tipo, eje, descripcion) VALUES ('ab952e8d-1f1b-40e0-bf60-30aa34832fe6', 'd755f7e0-ed6e-46e9-9be1-eaab302eb1fb', 'OA9', 'conocimiento', 'Ciencias Físicas y Químicas', 'Investigar en forma experimental la transformación de la energía de una forma a otra, dando ejemplos y comunicando sus conclusiones. 10 Demostrar, por medio de la investigación experimental, que el calor fluye de un objeto caliente a uno frío hasta que ambos alcanzan la misma temperatura. 11 Clasificar los recursos naturales energéticos en no renovables y renovables y proponer medidas para el uso responsable de la energía. 12 Explicar, a partir de modelos, que la materia está formada por partículas en movimiento en sus estados sólido, líquido y gaseoso. 13 Demostrar, mediante la investigación experimental, los cambios de estado de la materia, como fusión, evaporación, ebullición, condensación, solidificación y sublimación. 14 Diferenciar entre calor y temperatura, considerando que el calor es una forma de energía y la temperatura es la medida de lo caliente de un objeto. 15 Medir e interpretar la información obtenida al calentar y enfriar el agua, considerando las transformaciones de un estado a otro. las características de las capas de la Tierra (atmósfera, litósfera e ) que posibilitan el desarrollo de la vida y proveen recursos para el ser humano, y proponer medidas de protección de dichas capas. experimentalmente la formación del suelo, sus propiedades (como color, textura y capacidad de retención de agua) y la importancia de protegerlo de la contaminación, comunicando sus resultados. 18 Explicar las consecuencias de la erosión sobre la superficie de la Tierra, identificando los agentes que la provocan, como el viento, el agua y las actividades humanas. e una asignatura enfermedades cardiovasculares y cardiorrespiratorias. ue se enmarca en el ser humano. A partir Para lograr los propósitos descritos, las') ON CONFLICT (id) DO UPDATE SET grade_id = EXCLUDED.grade_id, codigo = EXCLUDED.codigo, tipo = EXCLUDED.tipo, eje = EXCLUDED.eje, descripcion = EXCLUDED.descripcion;
INSERT INTO curriculum_subjects (id, slug, nombre, total_grados) VALUES ('aeb141f8-dd82-4341-b229-3312d4959f11', 'educacion_fisica_salud', 'Educación Física y Salud', 6) ON CONFLICT (id) DO UPDATE SET slug = EXCLUDED.slug, nombre = EXCLUDED.nombre, total_grados = EXCLUDED.total_grados;
INSERT INTO curriculum_grades (id, subject_id, grado, label, total_objetivos) VALUES ('cd6833ac-bb9b-49aa-87e8-75bbdb5658e9', 'aeb141f8-dd82-4341-b229-3312d4959f11', '1', '1° Básico', 9) ON CONFLICT (id) DO UPDATE SET subject_id = EXCLUDED.subject_id, grado = EXCLUDED.grado, label = EXCLUDED.label, total_objetivos = EXCLUDED.total_objetivos;
INSERT INTO curriculum_objectives (id, grade_id, codigo, tipo, eje, descripcion) VALUES ('b86c877d-52ad-4aa8-98e2-b703b013ed3e', 'cd6833ac-bb9b-49aa-87e8-75bbdb5658e9', 'OA1', 'conocimiento', '', 'Demostrar habilidades motrices básicas de locomoción, manipulación y estabilidad en una variedad de juegos y actividades físicas, como saltar con dos pies en una dirección, caminar y correr alternadamente, lanzar y recoger un balón, caminar sobre una línea manteniendo el control del cuerpo, realizar suspensiones, giros y rodadas o volteos.') ON CONFLICT (id) DO UPDATE SET grade_id = EXCLUDED.grade_id, codigo = EXCLUDED.codigo, tipo = EXCLUDED.tipo, eje = EXCLUDED.eje, descripcion = EXCLUDED.descripcion;
INSERT INTO curriculum_objectives (id, grade_id, codigo, tipo, eje, descripcion) VALUES ('feefc322-d768-4380-9455-72f362e3c1d6', 'cd6833ac-bb9b-49aa-87e8-75bbdb5658e9', 'OA2', 'conocimiento', 'Habilidades motrices', 'Ejecutar acciones motrices en relación a sí mismo, a un objeto o un compañero, usando diferentes categorías de ubicación espacial y temporal, como derecha, izquierda, adelante, atrás, arriba, abajo, adentro, afuera, entre, al lado, antes, durante, después, rápido y lento.') ON CONFLICT (id) DO UPDATE SET grade_id = EXCLUDED.grade_id, codigo = EXCLUDED.codigo, tipo = EXCLUDED.tipo, eje = EXCLUDED.eje, descripcion = EXCLUDED.descripcion;
INSERT INTO curriculum_objectives (id, grade_id, codigo, tipo, eje, descripcion) VALUES ('dc30f7c3-f13d-4c68-8f8e-9c4e219a64e6', 'cd6833ac-bb9b-49aa-87e8-75bbdb5658e9', 'OA3', 'conocimiento', 'Habilidades motrices', 'Practicar una amplia gama de juegos con y sin oposición, con y sin colaboración, de persecución, individuales y colectivos.') ON CONFLICT (id) DO UPDATE SET grade_id = EXCLUDED.grade_id, codigo = EXCLUDED.codigo, tipo = EXCLUDED.tipo, eje = EXCLUDED.eje, descripcion = EXCLUDED.descripcion;
INSERT INTO curriculum_objectives (id, grade_id, codigo, tipo, eje, descripcion) VALUES ('7865515f-f32d-42b4-b2e0-319b84a75c08', 'cd6833ac-bb9b-49aa-87e8-75bbdb5658e9', 'OA4', 'conocimiento', 'Habilidades motrices', 'Ejecutar habilidades motrices básicas en diferentes entornos, como las plazas activas, el patio del colegio, parques, playas, entre otros.') ON CONFLICT (id) DO UPDATE SET grade_id = EXCLUDED.grade_id, codigo = EXCLUDED.codigo, tipo = EXCLUDED.tipo, eje = EXCLUDED.eje, descripcion = EXCLUDED.descripcion;
INSERT INTO curriculum_objectives (id, grade_id, codigo, tipo, eje, descripcion) VALUES ('804fd4c3-81fb-4047-af87-f230e306a0eb', 'cd6833ac-bb9b-49aa-87e8-75bbdb5658e9', 'OA5', 'conocimiento', 'Habilidades motrices', 'Ejecutar movimientos corporales, expresando sensaciones, ideas, estados de ánimo y emociones en variados espacios y a diferentes ritmos.') ON CONFLICT (id) DO UPDATE SET grade_id = EXCLUDED.grade_id, codigo = EXCLUDED.codigo, tipo = EXCLUDED.tipo, eje = EXCLUDED.eje, descripcion = EXCLUDED.descripcion;
INSERT INTO curriculum_objectives (id, grade_id, codigo, tipo, eje, descripcion) VALUES ('002be988-5431-4191-a854-f39b60242ee6', 'cd6833ac-bb9b-49aa-87e8-75bbdb5658e9', 'OA6', 'conocimiento', 'Vida activa y saludable', 'Ejecutar actividades físicas de intensidad moderada a vigorosa que incrementen la condición física, por medio de juegos y circuitos.') ON CONFLICT (id) DO UPDATE SET grade_id = EXCLUDED.grade_id, codigo = EXCLUDED.codigo, tipo = EXCLUDED.tipo, eje = EXCLUDED.eje, descripcion = EXCLUDED.descripcion;
INSERT INTO curriculum_objectives (id, grade_id, codigo, tipo, eje, descripcion) VALUES ('8be96223-75e8-4587-a99e-e9469c8ae280', 'cd6833ac-bb9b-49aa-87e8-75bbdb5658e9', 'OA7', 'conocimiento', 'Vida activa y saludable', 'Practicar en su vida cotidiana de forma guiada actividades físicas de intensidad moderada a vigorosa por medio de juegos tradicionales y actividades lúdicas.') ON CONFLICT (id) DO UPDATE SET grade_id = EXCLUDED.grade_id, codigo = EXCLUDED.codigo, tipo = EXCLUDED.tipo, eje = EXCLUDED.eje, descripcion = EXCLUDED.descripcion;
INSERT INTO curriculum_objectives (id, grade_id, codigo, tipo, eje, descripcion) VALUES ('0d788b2c-f191-431b-b900-fce7beb85323', 'cd6833ac-bb9b-49aa-87e8-75bbdb5658e9', 'OA8', 'conocimiento', 'Vida activa y saludable', 'Reconocer las sensaciones y respuestas corporales provocadas por la práctica de actividad física, como cambios del color de la piel, sudor, agitación, ritmo de respiración, cansancio y dificultad al hablar.') ON CONFLICT (id) DO UPDATE SET grade_id = EXCLUDED.grade_id, codigo = EXCLUDED.codigo, tipo = EXCLUDED.tipo, eje = EXCLUDED.eje, descripcion = EXCLUDED.descripcion;
INSERT INTO curriculum_objectives (id, grade_id, codigo, tipo, eje, descripcion) VALUES ('85394939-ca07-42c9-8f1f-747b5727e087', 'cd6833ac-bb9b-49aa-87e8-75bbdb5658e9', 'OA9', 'conocimiento', 'Vida activa y saludable', 'Practicar actividades físicas en forma segura, demostrando la adquisición de hábitos de higiene, posturales y de vida saludable, como lavarse las manos y la cara después de la clase, mantener una correcta postura y comer una colación saludable antes y luego de la práctica de actividad física. os o actividades motrices para aprender a trabajar en equipo, rentes roles (respetar al otro, recoger los materiales solicitados o liderar si se le asigna ese rol). 11 Practicar actividades físicas, demostrando comportamientos seguros, como: úrealizar un calentamiento mediante un juego úescuchar y seguir instrucciones úutilizar implementos bajo supervisión úmantener su posición dentro de los límites establecidos para la actividad') ON CONFLICT (id) DO UPDATE SET grade_id = EXCLUDED.grade_id, codigo = EXCLUDED.codigo, tipo = EXCLUDED.tipo, eje = EXCLUDED.eje, descripcion = EXCLUDED.descripcion;
INSERT INTO curriculum_grades (id, subject_id, grado, label, total_objetivos) VALUES ('4abbfde5-c7db-4bf5-81b9-f4343d0ef096', 'aeb141f8-dd82-4341-b229-3312d4959f11', '2', '2° Básico', 9) ON CONFLICT (id) DO UPDATE SET subject_id = EXCLUDED.subject_id, grado = EXCLUDED.grado, label = EXCLUDED.label, total_objetivos = EXCLUDED.total_objetivos;
INSERT INTO curriculum_objectives (id, grade_id, codigo, tipo, eje, descripcion) VALUES ('e99c9ca4-5a7b-45ac-ac3c-5fa2b901756d', '4abbfde5-c7db-4bf5-81b9-f4343d0ef096', 'OA1', 'conocimiento', '', 'Demostrar habilidades motrices básicas de locomoción, manipulación y estabilidad en diferentes direcciones, alturas y niveles, como saltar de forma continua en un pie y luego en el otro, botear un balón mientras camina, mantener el equilibrio sobre una base a una pequeña altura, realizar suspensiones, giros y rodadas o volteos.') ON CONFLICT (id) DO UPDATE SET grade_id = EXCLUDED.grade_id, codigo = EXCLUDED.codigo, tipo = EXCLUDED.tipo, eje = EXCLUDED.eje, descripcion = EXCLUDED.descripcion;
INSERT INTO curriculum_objectives (id, grade_id, codigo, tipo, eje, descripcion) VALUES ('c7a1d5fb-2a94-4a3a-98e6-cc3c68de6674', '4abbfde5-c7db-4bf5-81b9-f4343d0ef096', 'OA2', 'conocimiento', 'Habilidades motrices', 'Ejecutar acciones motrices que presenten una solución a un problema, por ejemplo, agrupaciones, representaciones de símbolos, letras, números o figuras geométricas.') ON CONFLICT (id) DO UPDATE SET grade_id = EXCLUDED.grade_id, codigo = EXCLUDED.codigo, tipo = EXCLUDED.tipo, eje = EXCLUDED.eje, descripcion = EXCLUDED.descripcion;
INSERT INTO curriculum_objectives (id, grade_id, codigo, tipo, eje, descripcion) VALUES ('795d00ae-58b1-4b73-a240-2fc9b0301eb9', '4abbfde5-c7db-4bf5-81b9-f4343d0ef096', 'OA3', 'conocimiento', 'Habilidades motrices', 'Practicar una amplia gama de juegos con y sin oposición, con y sin colaboración, de persecución, individuales y colectivos.') ON CONFLICT (id) DO UPDATE SET grade_id = EXCLUDED.grade_id, codigo = EXCLUDED.codigo, tipo = EXCLUDED.tipo, eje = EXCLUDED.eje, descripcion = EXCLUDED.descripcion;
INSERT INTO curriculum_objectives (id, grade_id, codigo, tipo, eje, descripcion) VALUES ('71d9dce7-a23d-46e3-a837-755c0d69835a', '4abbfde5-c7db-4bf5-81b9-f4343d0ef096', 'OA4', 'conocimiento', 'Habilidades motrices', 'Ejecutar habilidades motrices básicas en diferentes entornos, como plazas activas, patio del colegio, playa, entre otros, utilizando referencias (rutas, mapas, símbolos, etc.) guiados por el profesor.') ON CONFLICT (id) DO UPDATE SET grade_id = EXCLUDED.grade_id, codigo = EXCLUDED.codigo, tipo = EXCLUDED.tipo, eje = EXCLUDED.eje, descripcion = EXCLUDED.descripcion;
INSERT INTO curriculum_objectives (id, grade_id, codigo, tipo, eje, descripcion) VALUES ('a7bebff2-45e2-4b59-97e4-12930ad715d7', '4abbfde5-c7db-4bf5-81b9-f4343d0ef096', 'OA5', 'conocimiento', 'Habilidades motrices', 'Ejecutar movimientos corporales, expresando sensaciones, ideas, estados de ánimo y emociones en variados espacios y a diferentes ritmos e intensidades.') ON CONFLICT (id) DO UPDATE SET grade_id = EXCLUDED.grade_id, codigo = EXCLUDED.codigo, tipo = EXCLUDED.tipo, eje = EXCLUDED.eje, descripcion = EXCLUDED.descripcion;
INSERT INTO curriculum_objectives (id, grade_id, codigo, tipo, eje, descripcion) VALUES ('744d6f11-b460-417d-8a28-005c63303e91', '4abbfde5-c7db-4bf5-81b9-f4343d0ef096', 'OA6', 'conocimiento', 'Vida activa y saludable', 'Ejecutar actividades físicas de intensidad moderada a vigorosa que incrementen la condición física por medio de juegos y circuitos.') ON CONFLICT (id) DO UPDATE SET grade_id = EXCLUDED.grade_id, codigo = EXCLUDED.codigo, tipo = EXCLUDED.tipo, eje = EXCLUDED.eje, descripcion = EXCLUDED.descripcion;
INSERT INTO curriculum_objectives (id, grade_id, codigo, tipo, eje, descripcion) VALUES ('9e6b08f7-a4fd-4180-bb35-48ccd33df451', '4abbfde5-c7db-4bf5-81b9-f4343d0ef096', 'OA7', 'conocimiento', 'Vida activa y saludable', 'Ejecutar e incorporar a su vida cotidiana juegos y actividades físicas de intensidad moderada a vigorosa (cinco veces por semana), como juegos tradicionales, saltar la cuerda y realizar caminatas al aire libre.') ON CONFLICT (id) DO UPDATE SET grade_id = EXCLUDED.grade_id, codigo = EXCLUDED.codigo, tipo = EXCLUDED.tipo, eje = EXCLUDED.eje, descripcion = EXCLUDED.descripcion;
INSERT INTO curriculum_objectives (id, grade_id, codigo, tipo, eje, descripcion) VALUES ('697afc4e-283f-4cc7-b9af-f2d32224b7d8', '4abbfde5-c7db-4bf5-81b9-f4343d0ef096', 'OA8', 'conocimiento', 'Vida activa y saludable', 'Describir las sensaciones y respuestas corporales provocadas por la práctica de actividad física, como cambios del color de la piel, sudor, agitación, ritmo de respiración, cansancio y dificultad al hablar.') ON CONFLICT (id) DO UPDATE SET grade_id = EXCLUDED.grade_id, codigo = EXCLUDED.codigo, tipo = EXCLUDED.tipo, eje = EXCLUDED.eje, descripcion = EXCLUDED.descripcion;
INSERT INTO curriculum_objectives (id, grade_id, codigo, tipo, eje, descripcion) VALUES ('c98ff73f-5925-4d99-a40e-c8377e67d82e', '4abbfde5-c7db-4bf5-81b9-f4343d0ef096', 'OA9', 'conocimiento', 'Vida activa y saludable', 'Practicar actividades físicas en forma segura, demostrando la adquisición de hábitos de higiene, posturales y de vida saludable, como lavarse las manos y la cara después de la clase, mantener una correcta postura y comer una colación saludable antes y luego de la práctica de actividad física. os o actividades motrices para aprender a trabajar en equipo, rentes roles (respetar al otro, recoger los materiales solicitados o liderar si se le asigna ese rol). vidades físicas, demostrando comportamientos seguros, como: úrealizar un calentamiento mediante un juego úescuchar y seguir instrucciones úutilizar implementos bajo supervisión úmantener su posición dentro de los límites establecidos para la actividad') ON CONFLICT (id) DO UPDATE SET grade_id = EXCLUDED.grade_id, codigo = EXCLUDED.codigo, tipo = EXCLUDED.tipo, eje = EXCLUDED.eje, descripcion = EXCLUDED.descripcion;
INSERT INTO curriculum_grades (id, subject_id, grado, label, total_objetivos) VALUES ('a8616bfb-b9ca-4034-be6f-ab064f259989', 'aeb141f8-dd82-4341-b229-3312d4959f11', '3', '3° Básico', 9) ON CONFLICT (id) DO UPDATE SET subject_id = EXCLUDED.subject_id, grado = EXCLUDED.grado, label = EXCLUDED.label, total_objetivos = EXCLUDED.total_objetivos;
INSERT INTO curriculum_objectives (id, grade_id, codigo, tipo, eje, descripcion) VALUES ('9c9b1708-3c83-4772-aaad-86d98c0e0b77', 'a8616bfb-b9ca-4034-be6f-ab064f259989', 'OA1', 'conocimiento', '', 'Demostrar capacidad para ejecutar de forma combinada las habilidades motrices básicas de locomoción, manipulación y estabilidad en diferentes direcciones, alturas y niveles, como correr y lanzar un objeto con una mano, caminar sobre una línea y realizar un giro de 180° en un pie.') ON CONFLICT (id) DO UPDATE SET grade_id = EXCLUDED.grade_id, codigo = EXCLUDED.codigo, tipo = EXCLUDED.tipo, eje = EXCLUDED.eje, descripcion = EXCLUDED.descripcion;
INSERT INTO curriculum_objectives (id, grade_id, codigo, tipo, eje, descripcion) VALUES ('16cdb285-d1d9-49b5-9c99-e37f4f008bda', 'a8616bfb-b9ca-4034-be6f-ab064f259989', 'OA2', 'conocimiento', 'Habilidades motrices', 'Ejecutar acciones motrices que presenten una solución a un problema, reconociendo diversos criterios (tiempo, espacio y números de personas), por ejemplo, juegos de uno contra uno, juegos en grupos reducidos y juegos con superioridad numérica.') ON CONFLICT (id) DO UPDATE SET grade_id = EXCLUDED.grade_id, codigo = EXCLUDED.codigo, tipo = EXCLUDED.tipo, eje = EXCLUDED.eje, descripcion = EXCLUDED.descripcion;
INSERT INTO curriculum_objectives (id, grade_id, codigo, tipo, eje, descripcion) VALUES ('23489051-aad7-4a08-b527-062bf7aa6057', 'a8616bfb-b9ca-4034-be6f-ab064f259989', 'OA3', 'conocimiento', 'Habilidades motrices', 'Practicar juegos pre-deportivos con reglas y espacios adaptados, aplicando los principios generales de juego, como avanzar y retroceder en bloque, recuperar el balón, acompañar la jugada y la visión periférica.') ON CONFLICT (id) DO UPDATE SET grade_id = EXCLUDED.grade_id, codigo = EXCLUDED.codigo, tipo = EXCLUDED.tipo, eje = EXCLUDED.eje, descripcion = EXCLUDED.descripcion;
INSERT INTO curriculum_objectives (id, grade_id, codigo, tipo, eje, descripcion) VALUES ('e4e9af14-f1f3-4e2e-b106-2df24cbdd1aa', 'a8616bfb-b9ca-4034-be6f-ab064f259989', 'OA4', 'conocimiento', 'Habilidades motrices', 'Ejecutar actividades físicas y/o lúdicas en diferentes entornos, aplicando medidas para conservar limpios y ordenados los espacios, por ejemplo:') ON CONFLICT (id) DO UPDATE SET grade_id = EXCLUDED.grade_id, codigo = EXCLUDED.codigo, tipo = EXCLUDED.tipo, eje = EXCLUDED.eje, descripcion = EXCLUDED.descripcion;
INSERT INTO curriculum_objective_items (objective_id, orden, descripcion) VALUES ('e4e9af14-f1f3-4e2e-b106-2df24cbdd1aa', 1, 'jugar en plazas activas') ON CONFLICT (objective_id, orden) DO UPDATE SET descripcion = EXCLUDED.descripcion;
INSERT INTO curriculum_objective_items (objective_id, orden, descripcion) VALUES ('e4e9af14-f1f3-4e2e-b106-2df24cbdd1aa', 2, 'jugar un partido en la plaza o la playa') ON CONFLICT (objective_id, orden) DO UPDATE SET descripcion = EXCLUDED.descripcion;
INSERT INTO curriculum_objective_items (objective_id, orden, descripcion) VALUES ('e4e9af14-f1f3-4e2e-b106-2df24cbdd1aa', 3, 'realizar caminatas en el entorno natural') ON CONFLICT (objective_id, orden) DO UPDATE SET descripcion = EXCLUDED.descripcion;
INSERT INTO curriculum_objective_items (objective_id, orden, descripcion) VALUES ('e4e9af14-f1f3-4e2e-b106-2df24cbdd1aa', 4, 'andar en bicicleta en un parque o en un camino rural') ON CONFLICT (objective_id, orden) DO UPDATE SET descripcion = EXCLUDED.descripcion;
INSERT INTO curriculum_objectives (id, grade_id, codigo, tipo, eje, descripcion) VALUES ('aa112cb9-38b3-40c2-8e01-3cfd421b8b5e', 'a8616bfb-b9ca-4034-be6f-ab064f259989', 'OA5', 'conocimiento', 'Habilidades motrices', 'Ejecutar movimientos o elementos de danzas tradicionales de forma coordinada, utilizando actividades rítmicas y lúdicas de forma individual o grupal.') ON CONFLICT (id) DO UPDATE SET grade_id = EXCLUDED.grade_id, codigo = EXCLUDED.codigo, tipo = EXCLUDED.tipo, eje = EXCLUDED.eje, descripcion = EXCLUDED.descripcion;
INSERT INTO curriculum_objectives (id, grade_id, codigo, tipo, eje, descripcion) VALUES ('e6d3a261-6e78-4386-bca3-40f481f68f21', 'a8616bfb-b9ca-4034-be6f-ab064f259989', 'OA6', 'conocimiento', 'Vida activa y saludable', 'Ejecutar actividades físicas de intensidad moderada a vigorosa que desarrollen la condición física por medio de la práctica de ejercicios de resistencia cardiovascular, fuerza, flexibilidad y velocidad, mejorando sus resultados personales.') ON CONFLICT (id) DO UPDATE SET grade_id = EXCLUDED.grade_id, codigo = EXCLUDED.codigo, tipo = EXCLUDED.tipo, eje = EXCLUDED.eje, descripcion = EXCLUDED.descripcion;
INSERT INTO curriculum_objectives (id, grade_id, codigo, tipo, eje, descripcion) VALUES ('3f28cef6-b91c-4c41-9cc0-1b1a8e90a814', 'a8616bfb-b9ca-4034-be6f-ab064f259989', 'OA7', 'conocimiento', 'Vida activa y saludable', 'Practicar de manera regular y autónoma actividades físicas de intensidad moderada a vigorosa, como saltar la cuerda y caminar hasta el colegio.') ON CONFLICT (id) DO UPDATE SET grade_id = EXCLUDED.grade_id, codigo = EXCLUDED.codigo, tipo = EXCLUDED.tipo, eje = EXCLUDED.eje, descripcion = EXCLUDED.descripcion;
INSERT INTO curriculum_objectives (id, grade_id, codigo, tipo, eje, descripcion) VALUES ('4ff6008d-0057-4462-a93d-043c438e01e2', 'a8616bfb-b9ca-4034-be6f-ab064f259989', 'OA8', 'conocimiento', 'Vida activa y saludable', 'Describir y registrar las respuestas corporales provocadas por la práctica de actividad física, como aumento de la frecuencia cardiaca y respiratoria.') ON CONFLICT (id) DO UPDATE SET grade_id = EXCLUDED.grade_id, codigo = EXCLUDED.codigo, tipo = EXCLUDED.tipo, eje = EXCLUDED.eje, descripcion = EXCLUDED.descripcion;
INSERT INTO curriculum_objectives (id, grade_id, codigo, tipo, eje, descripcion) VALUES ('0c8d4a7e-60bc-4147-b9ce-b0fe95560acf', 'a8616bfb-b9ca-4034-be6f-ab064f259989', 'OA9', 'conocimiento', 'Vida activa y saludable', 'Practicar actividades físicas en forma segura, demostrando la adquisición de hábitos de higiene, posturales y de vida saludable, como utilizar protección solar, lavarse y cambiarse de ropa después de la clase, hidratarse con agua, comer una colación saludable después de la práctica de actividad física. vidades físicas y /o juegos colectivos con responsabilidad y honesndo las reglas, los roles asignados y los principios de un juego limpio. vidades físicas, demostrando comportamientos seguros, como:') ON CONFLICT (id) DO UPDATE SET grade_id = EXCLUDED.grade_id, codigo = EXCLUDED.codigo, tipo = EXCLUDED.tipo, eje = EXCLUDED.eje, descripcion = EXCLUDED.descripcion;
INSERT INTO curriculum_objective_items (objective_id, orden, descripcion) VALUES ('0c8d4a7e-60bc-4147-b9ce-b0fe95560acf', 1, 'participar en actividades de calentamiento en forma apropiada') ON CONFLICT (objective_id, orden) DO UPDATE SET descripcion = EXCLUDED.descripcion;
INSERT INTO curriculum_objective_items (objective_id, orden, descripcion) VALUES ('0c8d4a7e-60bc-4147-b9ce-b0fe95560acf', 2, 'escuchar y seguir instrucciones') ON CONFLICT (objective_id, orden) DO UPDATE SET descripcion = EXCLUDED.descripcion;
INSERT INTO curriculum_objective_items (objective_id, orden, descripcion) VALUES ('0c8d4a7e-60bc-4147-b9ce-b0fe95560acf', 3, 'mantener su posición dentro de los límites establecidos para la actividad') ON CONFLICT (objective_id, orden) DO UPDATE SET descripcion = EXCLUDED.descripcion;
INSERT INTO curriculum_objective_items (objective_id, orden, descripcion) VALUES ('0c8d4a7e-60bc-4147-b9ce-b0fe95560acf', 4, 'asegurar que el espacio está libre de obstáculos') ON CONFLICT (objective_id, orden) DO UPDATE SET descripcion = EXCLUDED.descripcion;
INSERT INTO curriculum_grades (id, subject_id, grado, label, total_objetivos) VALUES ('548a3762-ccb4-4d9d-b096-1b6e85e8923f', 'aeb141f8-dd82-4341-b229-3312d4959f11', '4', '4° Básico', 5) ON CONFLICT (id) DO UPDATE SET subject_id = EXCLUDED.subject_id, grado = EXCLUDED.grado, label = EXCLUDED.label, total_objetivos = EXCLUDED.total_objetivos;
INSERT INTO curriculum_objectives (id, grade_id, codigo, tipo, eje, descripcion) VALUES ('dbb1151d-c8b6-4a90-a8d4-3bb6283ea90e', '548a3762-ccb4-4d9d-b096-1b6e85e8923f', 'OA1', 'conocimiento', '', 'Demostrar control en la ejecución de las habilidades motrices básicas de locomoción, manipulación y estabilidad en diferentes direcciones, alturas y niveles, por ejemplo, atrapar un objeto con una mano a diferentes alturas, desplazarse boteando un objeto en zig-zag y saltar, caminar sobre una base a una pequeña altura y realizar un giro de 360° en un solo pie.') ON CONFLICT (id) DO UPDATE SET grade_id = EXCLUDED.grade_id, codigo = EXCLUDED.codigo, tipo = EXCLUDED.tipo, eje = EXCLUDED.eje, descripcion = EXCLUDED.descripcion;
INSERT INTO curriculum_objectives (id, grade_id, codigo, tipo, eje, descripcion) VALUES ('2df0c8c8-2513-4579-9f35-379b0f891725', '548a3762-ccb4-4d9d-b096-1b6e85e8923f', 'OA2', 'conocimiento', 'Habilidades motrices', 'Ejecutar juegos colectivos y crear estrategias con el apoyo del docente para resolver problemas en relación al tiempo, el espacio y el número de personas, por ejemplo, dar cinco pases sin que el equipo rival lo intercepte o sin que el objeto caiga.') ON CONFLICT (id) DO UPDATE SET grade_id = EXCLUDED.grade_id, codigo = EXCLUDED.codigo, tipo = EXCLUDED.tipo, eje = EXCLUDED.eje, descripcion = EXCLUDED.descripcion;
INSERT INTO curriculum_objectives (id, grade_id, codigo, tipo, eje, descripcion) VALUES ('6a1d0be5-6429-4e08-8e22-fcf82c43265a', '548a3762-ccb4-4d9d-b096-1b6e85e8923f', 'OA3', 'conocimiento', 'Habilidades motrices', 'Practicar juegos pre-deportivos con reglas y espacios adaptados, aplicando los principios generales de juego, como acoplarse en ataque y replegarse en defensa, utilizar el campo de juego a lo largo y ancho o reconocer el espacio del adversario.') ON CONFLICT (id) DO UPDATE SET grade_id = EXCLUDED.grade_id, codigo = EXCLUDED.codigo, tipo = EXCLUDED.tipo, eje = EXCLUDED.eje, descripcion = EXCLUDED.descripcion;
INSERT INTO curriculum_objectives (id, grade_id, codigo, tipo, eje, descripcion) VALUES ('2d49f192-1097-41b9-979a-c9d8f9d6637c', '548a3762-ccb4-4d9d-b096-1b6e85e8923f', 'OA4', 'conocimiento', 'Habilidades motrices', 'Ejecutar actividades físicas y/o lúdicas en diferentes entornos, aplicando medidas para conservar limpios y ordenados los espacios, como:') ON CONFLICT (id) DO UPDATE SET grade_id = EXCLUDED.grade_id, codigo = EXCLUDED.codigo, tipo = EXCLUDED.tipo, eje = EXCLUDED.eje, descripcion = EXCLUDED.descripcion;
INSERT INTO curriculum_objective_items (objective_id, orden, descripcion) VALUES ('2d49f192-1097-41b9-979a-c9d8f9d6637c', 1, 'jugar en plazas activas') ON CONFLICT (objective_id, orden) DO UPDATE SET descripcion = EXCLUDED.descripcion;
INSERT INTO curriculum_objective_items (objective_id, orden, descripcion) VALUES ('2d49f192-1097-41b9-979a-c9d8f9d6637c', 2, 'jugar un partido en la plaza o la playa') ON CONFLICT (objective_id, orden) DO UPDATE SET descripcion = EXCLUDED.descripcion;
INSERT INTO curriculum_objective_items (objective_id, orden, descripcion) VALUES ('2d49f192-1097-41b9-979a-c9d8f9d6637c', 3, 'realizar caminatas en el entorno natural') ON CONFLICT (objective_id, orden) DO UPDATE SET descripcion = EXCLUDED.descripcion;
INSERT INTO curriculum_objective_items (objective_id, orden, descripcion) VALUES ('2d49f192-1097-41b9-979a-c9d8f9d6637c', 4, 'andar en bicicleta en un parque o en un camino rural') ON CONFLICT (objective_id, orden) DO UPDATE SET descripcion = EXCLUDED.descripcion;
INSERT INTO curriculum_objectives (id, grade_id, codigo, tipo, eje, descripcion) VALUES ('269d14ab-155e-4682-b220-10ff2564f5d6', '548a3762-ccb4-4d9d-b096-1b6e85e8923f', 'OA5', 'conocimiento', 'Habilidades motrices', 'Ejecutar movimientos o elementos de danzas tradicionales de forma coordinada, utilizando actividades rítmicas y lúdicas de forma individual o grupal. vidades físicas de intensidad moderada a vigorosa que desarrollen física por medio de la práctica de ejercicios de resistencia cardiovascular, fuerza, flexibilidad y velocidad, mejorando sus resultados personales. 7 Practicar de manera regular y autónoma actividades físicas de intensidad moderada a vigorosa, como saltar la cuerda y caminar hasta el colegio. 8 Medir y registrar las respuestas corporales provocadas por la actividad física mediante el pulso o utilizando escalas de percepción de esfuerzo. 9 Practicar actividades físicas en forma segura, demostrando la adquisición de hábitos de higiene, posturales y de vida saludable, como utilizar protección solar, lavarse y cambiarse de ropa después de la clase, hidratarse con agua, comer una colación saludable después de la práctica de actividad física. vidades físicas y /o juegos colectivos con responsabilidad y honesndo las reglas y los roles asignados, respetando las decisiones de la autoridad y organizar equitativamente los equipos. vidades físicas, demostrando comportamientos seguros, como: úrealizar un calentamiento en forma apropiada úutilizar de manera adecuada los materiales y las instalaciones para evitar el riesgo personal y de otros úescuchar y seguir instrucciones úasegurar que el espacio está libre de obstáculos') ON CONFLICT (id) DO UPDATE SET grade_id = EXCLUDED.grade_id, codigo = EXCLUDED.codigo, tipo = EXCLUDED.tipo, eje = EXCLUDED.eje, descripcion = EXCLUDED.descripcion;
INSERT INTO curriculum_grades (id, subject_id, grado, label, total_objetivos) VALUES ('b6cf8a34-e9ff-430c-b7b5-3dc37f8402e0', 'aeb141f8-dd82-4341-b229-3312d4959f11', '5', '5° Básico', 5) ON CONFLICT (id) DO UPDATE SET subject_id = EXCLUDED.subject_id, grado = EXCLUDED.grado, label = EXCLUDED.label, total_objetivos = EXCLUDED.total_objetivos;
INSERT INTO curriculum_objectives (id, grade_id, codigo, tipo, eje, descripcion) VALUES ('527a0059-ea17-46b6-ba67-c98e7c31655e', 'b6cf8a34-e9ff-430c-b7b5-3dc37f8402e0', 'OA1', 'conocimiento', '', 'Demostrar la aplicación de las habilidades motrices básicas adquiridas, en una variedad de actividades deportivas, por ejemplo, realizar un giro sobre una viga de equilibrio, lanzar un balón hacia la portería y correr una distancia determinada (por ejemplo, 50 u 80 metros).') ON CONFLICT (id) DO UPDATE SET grade_id = EXCLUDED.grade_id, codigo = EXCLUDED.codigo, tipo = EXCLUDED.tipo, eje = EXCLUDED.eje, descripcion = EXCLUDED.descripcion;
INSERT INTO curriculum_objectives (id, grade_id, codigo, tipo, eje, descripcion) VALUES ('07504ccc-4c75-4aff-8e79-6d7dadc707f5', 'b6cf8a34-e9ff-430c-b7b5-3dc37f8402e0', 'OA2', 'conocimiento', 'Habilidades motrices', 'Ejecutar juegos colectivos y deportes, creando tácticas y estrategias y demostrando formas para resolver un problema en relación al espacio, el objeto y los adversarios, por ejemplo, dar tres pases en cinco segundos o dar tres pasos y dar un pase a un compañero.') ON CONFLICT (id) DO UPDATE SET grade_id = EXCLUDED.grade_id, codigo = EXCLUDED.codigo, tipo = EXCLUDED.tipo, eje = EXCLUDED.eje, descripcion = EXCLUDED.descripcion;
INSERT INTO curriculum_objectives (id, grade_id, codigo, tipo, eje, descripcion) VALUES ('22d48c79-fb88-4ca5-b252-b43a537d26fa', 'b6cf8a34-e9ff-430c-b7b5-3dc37f8402e0', 'OA3', 'conocimiento', 'Habilidades motrices', 'Practicar deportes individuales y colectivos con reglas y espacios adaptados en los que aplican estrategias defensivas y ofensivas, por ejemplo, reducir y ampliar espacios, obtener y mantener la posesión del balón y transportar el balón de forma controlada.') ON CONFLICT (id) DO UPDATE SET grade_id = EXCLUDED.grade_id, codigo = EXCLUDED.codigo, tipo = EXCLUDED.tipo, eje = EXCLUDED.eje, descripcion = EXCLUDED.descripcion;
INSERT INTO curriculum_objectives (id, grade_id, codigo, tipo, eje, descripcion) VALUES ('cb2371f7-2d0e-496a-97af-d50e107e213d', 'b6cf8a34-e9ff-430c-b7b5-3dc37f8402e0', 'OA4', 'conocimiento', 'Habilidades motrices', 'Ejecutar actividades físicas y/o deportivas, utilizando diferentes entornos y aplicando medidas para conservar limpios y ordenados los espacios, ejemplo:') ON CONFLICT (id) DO UPDATE SET grade_id = EXCLUDED.grade_id, codigo = EXCLUDED.codigo, tipo = EXCLUDED.tipo, eje = EXCLUDED.eje, descripcion = EXCLUDED.descripcion;
INSERT INTO curriculum_objective_items (objective_id, orden, descripcion) VALUES ('cb2371f7-2d0e-496a-97af-d50e107e213d', 1, 'caminatas recreativas urbanas') ON CONFLICT (objective_id, orden) DO UPDATE SET descripcion = EXCLUDED.descripcion;
INSERT INTO curriculum_objective_items (objective_id, orden, descripcion) VALUES ('cb2371f7-2d0e-496a-97af-d50e107e213d', 2, 'bailes recreativos') ON CONFLICT (objective_id, orden) DO UPDATE SET descripcion = EXCLUDED.descripcion;
INSERT INTO curriculum_objective_items (objective_id, orden, descripcion) VALUES ('cb2371f7-2d0e-496a-97af-d50e107e213d', 3, 'cicletadas') ON CONFLICT (objective_id, orden) DO UPDATE SET descripcion = EXCLUDED.descripcion;
INSERT INTO curriculum_objective_items (objective_id, orden, descripcion) VALUES ('cb2371f7-2d0e-496a-97af-d50e107e213d', 4, 'juegos de balón en plazas y parques') ON CONFLICT (objective_id, orden) DO UPDATE SET descripcion = EXCLUDED.descripcion;
INSERT INTO curriculum_objectives (id, grade_id, codigo, tipo, eje, descripcion) VALUES ('46c69129-2c6e-41f2-a4fc-f8e4e37364b5', 'b6cf8a34-e9ff-430c-b7b5-3dc37f8402e0', 'OA5', 'conocimiento', 'Habilidades motrices', 'Demostrar la correcta ejecución de una danza nacional, utilizando pasos básicos y música folclórica de forma individual o grupal, por ejemplo, danzas de la zona norte, central, sur e Isla de Pascua. vidades físicas de intensidad moderada a vigorosa que desarrollen física por medio de la práctica de ejercicios de resistencia cardiovascular, fuerza, flexibilidad y velocidad, estableciendo metas de superación personal. 7 Practicar y planificar de forma regular actividades físicas y/o deportivas de intensidad moderada a vigorosa, como planificar un partido, participar en una caminata o corrida familiar e integrar talleres deportivos. 8 Determinar la intensidad del esfuerzo físico de forma manual, mediante el pulso o utilizando escalas de percepción de esfuerzo. 9 Practicar actividades físicas en forma segura, demostrando la adquisición de hábitos de higiene, posturales y de vida saludable, como utilizar una ropa distinta para la clase, mantener una correcta postura, utilizar protectores solares e hidratarse con agua antes, durante y después de la clase. vidades físicas y /o juegos colectivos, demostrando responsabiliy respeto al participar, por ejemplo: conversar y plantear discrepancias, aceptar las diferencias individuales e intentar llegar a acuerdos, jugar rativa, aceptar el resultado y manejar el triunfo. 11 Practicar actividades físicas y/o deportivas, demostrando comportamientos seguros y un manejo adecuado de los materiales y los procedimientos, como: úrealizar un calentamiento específico individual o grupal úusar ropa adecuada para la actividad úcuidar sus pertenencias úmanipular de forma segura los implementos y las instalaciones Básico Sexto') ON CONFLICT (id) DO UPDATE SET grade_id = EXCLUDED.grade_id, codigo = EXCLUDED.codigo, tipo = EXCLUDED.tipo, eje = EXCLUDED.eje, descripcion = EXCLUDED.descripcion;
INSERT INTO curriculum_grades (id, subject_id, grado, label, total_objetivos) VALUES ('c25ccb9e-cfad-4088-9226-da1daa2b2b84', 'aeb141f8-dd82-4341-b229-3312d4959f11', '6', '6° Básico', 11) ON CONFLICT (id) DO UPDATE SET subject_id = EXCLUDED.subject_id, grado = EXCLUDED.grado, label = EXCLUDED.label, total_objetivos = EXCLUDED.total_objetivos;
INSERT INTO curriculum_objectives (id, grade_id, codigo, tipo, eje, descripcion) VALUES ('da89e17f-376a-47a8-83cb-8776785bf9f7', 'c25ccb9e-cfad-4088-9226-da1daa2b2b84', 'OA1', 'conocimiento', '', 'Demostrar la aplicación de las habilidades motrices básicas adquiridas, en una variedad de actividades deportivas, por ejemplo, realizar un giro sobre una viga de equilibrio, lanzar un balón hacia la portería y correr una distancia determinada (por ejemplo, 50 u 80 metros), superando pequeños obstáculos.') ON CONFLICT (id) DO UPDATE SET grade_id = EXCLUDED.grade_id, codigo = EXCLUDED.codigo, tipo = EXCLUDED.tipo, eje = EXCLUDED.eje, descripcion = EXCLUDED.descripcion;
INSERT INTO curriculum_objectives (id, grade_id, codigo, tipo, eje, descripcion) VALUES ('d06018d8-ddee-4cf1-a538-d00c3a2792f7', 'c25ccb9e-cfad-4088-9226-da1daa2b2b84', 'OA2', 'conocimiento', 'Habilidades motrices', 'Ejecutar juegos colectivos y deportes que requieran tomar decisiones y evaluar las estrategias utilizadas para perfeccionar su juego, por ejemplo, aplicar las orientaciones dadas por el profesor durante el tiempo solicitado o reglamentado durante el juego.') ON CONFLICT (id) DO UPDATE SET grade_id = EXCLUDED.grade_id, codigo = EXCLUDED.codigo, tipo = EXCLUDED.tipo, eje = EXCLUDED.eje, descripcion = EXCLUDED.descripcion;
INSERT INTO curriculum_objectives (id, grade_id, codigo, tipo, eje, descripcion) VALUES ('c9a50c0e-96af-4a34-92a0-3e3c58c1806e', 'c25ccb9e-cfad-4088-9226-da1daa2b2b84', 'OA3', 'conocimiento', 'Habilidades motrices', 'Practicar deportes individuales y colectivos que apliquen reglas y estrategias específicas del juego, por ejemplo, generar superioridad numérica, cambiar la posición o la función de los jugadores durante el partido.') ON CONFLICT (id) DO UPDATE SET grade_id = EXCLUDED.grade_id, codigo = EXCLUDED.codigo, tipo = EXCLUDED.tipo, eje = EXCLUDED.eje, descripcion = EXCLUDED.descripcion;
INSERT INTO curriculum_objectives (id, grade_id, codigo, tipo, eje, descripcion) VALUES ('8c1e3657-6204-463c-8b50-9b7a139bc2a8', 'c25ccb9e-cfad-4088-9226-da1daa2b2b84', 'OA4', 'conocimiento', 'Habilidades motrices', 'Planificar y ejecutar actividades físicas y deportivas, utilizando diversos entornos y aplicando medidas para conservar limpios y ordenados los espacios, por ejemplo: planificar un campamento, incluyendo actividades deportivas, en el entorno natural.') ON CONFLICT (id) DO UPDATE SET grade_id = EXCLUDED.grade_id, codigo = EXCLUDED.codigo, tipo = EXCLUDED.tipo, eje = EXCLUDED.eje, descripcion = EXCLUDED.descripcion;
INSERT INTO curriculum_objectives (id, grade_id, codigo, tipo, eje, descripcion) VALUES ('17da2370-65b5-48e4-94cd-2bfd13fccb0c', 'c25ccb9e-cfad-4088-9226-da1daa2b2b84', 'OA5', 'conocimiento', 'Habilidades motrices', 'Demostrar la correcta ejecución de una danza nacional, utilizando pasos básicos y música folclórica de forma individual o grupal, por ejemplo, danzas de la zona norte, central, sur e Isla de Pascua. vidades físicas de intensidad moderada a vigorosa que desarrollen física por medio de la práctica de ejercicios de resistencia cardiovascular, fuerza, flexibilidad y velocidad, estableciendo metas de superación personal. 7 Practicar y planificar de forma regular actividades físicas y/o deportivas de intensidad moderada a vigorosa, como planificar un partido, participar en una caminata, corrida o cicletada familiar e integrar talleres deportivos. 8 Determinar la intensidad del esfuerzo físico de forma manual, mediante el pulso o utilizando escalas de percepción de esfuerzo. 9 Practicar actividades físicas en forma segura, demostrando la adquisición de hábitos de higiene, posturales y de vida saludable, como ducharse después de realizar actividad física, utilizar una ropa distinta para la clase, mantener una correcta postura, utilizar protectores solares e hidratarse con agua antes, durante y después de la clase. vidades físicas y/o juegos colectivos, demostrando responsabiliy respeto al participar, por ejemplo: conversar y plantear discrepancias, aceptar las diferencias individuales e intentar llegar a acuerdos, jugar rativa, aceptar el resultado y manejar el triunfo. 11 Practicar actividades físicas y/o deportivas, demostrando comportamientos seguros y un manejo adecuado de los materiales y los procedimientos, como: úrealizar un calentamiento específico individual o grupal úusar ropa adecuada para la actividad úcuidar sus pertenencias úmanipular de forma segura los implementos y las instalaciones ía y Ciencias Sociales relevante en ella, y al observar cómo interactúan entre mejor comprensión de ellos, comenzará a reconocer los vínculos y las relaciones sta asignatura está conque conforman la sociedad. A la vez, podrá apreciar cuádisciplinas que estules son las dinámicas que han permitido a su comunidad y como miembro de la adaptarse al entorno natural y transformarlo. as, entre las que se inGeografía, la Economía, En este sentido, en los primeros niveles, los OA de la Ciencia Política. El trabajo asignatura privilegian el conocimiento, por parte de los ite al alumno desarroestudiantes, de la sociedad en que se desenvuelven, actitudes necesarias para lo que requiere que identifiquen los grupos a los que cial contemporánea y pertenecen (familia, escuela, comunidad, región, país, o un ciudadano capaz humanidad), las principales instituciones y las costumte en la sociedad, y bres, normas y valores de su entorno, entre otros. ndo globalizado. En este proceso de desarrollo de la propia identidad, o central de esta resulta fundamental que reconozcan que cada ser humaadquieran un sentido no es único y que todas las personas son diferentes, pero sociedad. Saber quién que, a su vez, podemos encontrar muchos elementos dar los lazos con ella en común que son los que nos permiten sentirnos parte l desarrollo integral de comunidades específicas (familia, localidad, región, permite a los alumnos país, etc.). El respeto y la valoración de sí mismos, de la de ella y participar diversidad humana y de los aspectos que nos cohesionan quirirá un significado como sociedad, se desarrollan inicialmente en la interacde que también ción con el propio entorno, y su alcance y profundidad se an la diversidad inherenvan ampliando en la relación con los otros focos que se raleza y las diferentes plantean a continuación. entre sí. F o r m ación del p en s a m ien t o h i s t óric o ia, Geografía y Ciencias Pensar históricamente implica comprender que la exlos siguientes énfasis: periencia de vivir en sociedad está contextualizada en el tiempo; en tanto que seres humanos, nuestra existencia se desenvuelve en el devenir de la historia. En este senealidad cuando tido, la construcción gradual del pensamiento histórico al. Al distinguir los constituye un fundamento esencial de esta asignatura y sonas e instituciones) es una herramienta necesaria para que los estudiantes ana y cumplen un rol puedan desarrollar una visión crítica y comprensiva de su les Introducción 139 o, se espera que el sobre la cual existen distintas perspectivas para abordarla latina, de que vive e interpretaciones para comprenderla. Por ello, con el obrizonte inmediato jeto de evitar sesgos y promover el pensamiento histórico , circunstancias, etc.) crítico y riguroso, estos objetivos fomentan la revisión de sado que marca el diversas fuentes históricas y de distintas interpretaciones. ahí que se conA fin de que desarrollen adecuadamente un pensamiento nte solo es posible histórico, se espera que los alumnos vayan desarrollanos históricos que do progresivamente su capacidad de contextualización la que se reflejan las histórica, es decir, que puedan situar las sociedades esayer y el hoy. tudiadas en su época y lugar, y abordar el estudio del ser humano en el tiempo de forma crítica y empática. ta conciencia y ad cultural más En consecuencia, se busca evitar una visión de la histoartir del conociria como flujo de fuerzas impersonales y ajenas; por el algunas expresiones, contrario, se resalta que son los estudiantes, en tanto a configuración de personas y ciudadanos, quienes participan en el devenir s identidades locales histórico de la sociedad, en procesos que se desarrollan mirada hacia otros en torno a una multiplicidad de causas y fenómenos. cada vez más por medio del esValo ración y a p licación de lo s m é t o d o s de s diferentes, conozlas C iencias S ociales distintos modos en Para que los estudiantes logren los OA planteados para resuelto problemas la asignatura, es importante que vayan paulatinamente que se comparen identificando, interiorizando y aplicando los métodos ncias. fundamentales de las Ciencias Sociales, ya que estos contribuyen a desarrollar el pensamiento crítico, el rigor inOA de la asignatura telectual, la capacidad de relacionar múltiples variables y distintas sociedades de fundamentar los juicios, y, al mismo tiempo, ayudan a objetivo de que los incentivar la creatividad, la imaginación y la perseveranaciones dinámicas de cia. En síntesis, estas habilidades y competencias permiresente y futuro, ten a los alumnos comprender mejor la realidad, adquirir usas inherentes al y relacionar conocimientos y actuar de manera asertiva y complejidad de los consciente, constituyendo herramientas fundamentales s. De igual modo, para el logro de un desarrollo integral, ya que además dad social, ya sea pueden transferirse tanto a otras áreas del conocimiento a realidad compleja, como a la vida cotidiana del estudiante. h i s t o ria de C h ile la localización y el uso de mapas y representaciones en ice con su herengeneral. En segundo lugar, pensar geográficamente imdo de pertenencia a la plica reconocer el territorio como contexto de distintas ta fundamental estudiar actividades humanas (como el trabajo, la vivienda, la los elementos que alimentación, etc.) y afinar la capacidad de observar cia y entender que la e identificar las múltiples relaciones que se establea adquiriendo nuecen entre ser humano y ambiente, y su impacto en la ormaciones sociales y identidad y la cultura. Finalmente, requiere el análisis e reconocer aquellos del paisaje y del espacio geográfico chileno, desde vos en las identidades una perspectiva integrada con las otras disciplinas que de nuestra sociedad. componen la asignatura. Esta ampliación de escalas implica el aumento de la complejidad de los conceptos tudiantes logren una necesarios para analizar tanto el mundo circundante es necesario que se como el papel del territorio en las distintas sociedades ociedad y comprendan que se abordan en este currículum. diaria, su identidad y principales hitos, proSe busca que el estudiante, al finalizar su educación la historia de Chile, así básica, sea capaz de caracterizar un territorio y de es que les permiintegrar variables físicas y humanas, comprendiendo que han permanecido que problemas como los riesgos naturales, la contamial, como también nación, el agotamiento de los recursos y el aislamiento . De este modo geográfico, entre otros, tienen que enfrentarse desde para comprender perspectivas variadas. Por otra parte, se busca que los podrán apreciar que alumnos puedan explorar conceptos y principios básipresente, y que puecos de la economía, en el contexto de la relación que se ro, ya que todos somos establece entre el ser humano y los recursos presentes ermanente de nuestra en su espacio geográfico. A partir de lo anterior, se prenámica. tende que valoren el medioambiente, a escala local y global, de modo que esa valoración se traduzca en una en t o ge o gr á f ic o postura activa; es decir, que los estudiantes desarrollen vo para los estudiantes actitudes tendientes a protegerlo con medidas racionaPensar espacialmenles y concretas, que se enmarquen en el esfuerzo que to particular, que todos los actores de la sociedad debemos asumir con el y les aporta una visión fin de lograr un desarrollo sustentable. desde lo más próximo Desa r r ollo d e competencias ci u da danas uesta en práctica Es fundamental que los alumnos se reconozcan como sposiciones para ciudadanos y desarrollen una predisposición favorable ones y conexiones que hacia la vida en comunidad, en el marco de una sociedad En la educación democrática, poniendo en práctica los valores inherenprogresa en tres tes a ello. Se busca que reconozcan los ideales y las prácdentificar y conocer las ticas en las que se sustentan la ciudadanía y el Estado de desde la perspectiva derecho, y adquieran las herramientas necesarias para tación espacial) como participar de forma activa, informada y responsable en les Introducción 141 e, por una parte, se blemente en la sociedad. En un comienzo, esta particiscientes de sus pación se enmarca en acciones cotidianas al interior de onozcan algunos la escuela y el hogar, ampliándose progresivamente en orma en que estos los distintos niveles escolares. Igualmente relevante para ndiendo que perque los estudiantes puedan contribuir a la convivencia u vez, respetar los social, es el desarrollo de destrezas de comunicación y erie de obligaciode resolución pacífica de conflictos.') ON CONFLICT (id) DO UPDATE SET grade_id = EXCLUDED.grade_id, codigo = EXCLUDED.codigo, tipo = EXCLUDED.tipo, eje = EXCLUDED.eje, descripcion = EXCLUDED.descripcion;
INSERT INTO curriculum_objectives (id, grade_id, codigo, tipo, eje, descripcion) VALUES ('c386c4e9-0f2a-4957-b6c7-0ee1b825ecb0', 'c25ccb9e-cfad-4088-9226-da1daa2b2b84', 'OA_a', 'habilidad', 'Habilidades motrices', 'Secuenciar cronológicamente eventos de su familia.') ON CONFLICT (id) DO UPDATE SET grade_id = EXCLUDED.grade_id, codigo = EXCLUDED.codigo, tipo = EXCLUDED.tipo, eje = EXCLUDED.eje, descripcion = EXCLUDED.descripcion;
INSERT INTO curriculum_objectives (id, grade_id, codigo, tipo, eje, descripcion) VALUES ('6ebdb667-8c23-4939-910f-968d7b67118d', 'c25ccb9e-cfad-4088-9226-da1daa2b2b84', 'OA_b', 'habilidad', 'Habilidades motrices', 'Aplicar conceptos relacionados con el tiempo (días, semanas, meses, años, antes, después).') ON CONFLICT (id) DO UPDATE SET grade_id = EXCLUDED.grade_id, codigo = EXCLUDED.codigo, tipo = EXCLUDED.tipo, eje = EXCLUDED.eje, descripcion = EXCLUDED.descripcion;
INSERT INTO curriculum_objectives (id, grade_id, codigo, tipo, eje, descripcion) VALUES ('71feb3f7-210a-46ab-a651-d53ae523466d', 'c25ccb9e-cfad-4088-9226-da1daa2b2b84', 'OA_c', 'habilidad', 'Habilidades motrices', 'Localizar a Chile en mapamundis o globos terráqueos y distinguir diferentes representaciones de la Tierra.') ON CONFLICT (id) DO UPDATE SET grade_id = EXCLUDED.grade_id, codigo = EXCLUDED.codigo, tipo = EXCLUDED.tipo, eje = EXCLUDED.eje, descripcion = EXCLUDED.descripcion;
INSERT INTO curriculum_objectives (id, grade_id, codigo, tipo, eje, descripcion) VALUES ('0c96dbff-1775-4aac-82f5-746297659bba', 'c25ccb9e-cfad-4088-9226-da1daa2b2b84', 'OA_d', 'habilidad', 'Habilidades motrices', 'Orientarse en el espacio, utilizando categorías de ubicación relativa (derecha, izquierda, lejos, cerca, delante, detrás, arriba, abajo, adentro, afuera). mación explícita sobre su entorno a partir de fuentes orales y s (narraciones, fotografías, medios audiovisuales), mediante preguntas dirigidas.') ON CONFLICT (id) DO UPDATE SET grade_id = EXCLUDED.grade_id, codigo = EXCLUDED.codigo, tipo = EXCLUDED.tipo, eje = EXCLUDED.eje, descripcion = EXCLUDED.descripcion;
INSERT INTO curriculum_objectives (id, grade_id, codigo, tipo, eje, descripcion) VALUES ('4af27d09-a470-4101-8133-43caecac79e4', 'c25ccb9e-cfad-4088-9226-da1daa2b2b84', 'OA_f', 'habilidad', 'Habilidades motrices', 'Formular opiniones sobre situaciones del presente y del pasado, propias de su entorno familiar, escolar o local, y sobre otros temas de su interés.') ON CONFLICT (id) DO UPDATE SET grade_id = EXCLUDED.grade_id, codigo = EXCLUDED.codigo, tipo = EXCLUDED.tipo, eje = EXCLUDED.eje, descripcion = EXCLUDED.descripcion;
INSERT INTO curriculum_objectives (id, grade_id, codigo, tipo, eje, descripcion) VALUES ('bd40f4b2-1e85-4ddb-a818-5d28e257cfc9', 'c25ccb9e-cfad-4088-9226-da1daa2b2b84', 'OA_g', 'habilidad', 'Habilidades: Comunicación', 'Comunicar oralmente temas de su interés, experiencias personales o información sobre sí mismos, de manera clara y coherente.') ON CONFLICT (id) DO UPDATE SET grade_id = EXCLUDED.grade_id, codigo = EXCLUDED.codigo, tipo = EXCLUDED.tipo, eje = EXCLUDED.eje, descripcion = EXCLUDED.descripcion;
INSERT INTO curriculum_subjects (id, slug, nombre, total_grados) VALUES ('dcddbbf8-21ad-4c4f-8da1-8496fdf657b1', 'historia_geografia_cs_sociales', 'Historia, Geografía y Ciencias Sociales', 6) ON CONFLICT (id) DO UPDATE SET slug = EXCLUDED.slug, nombre = EXCLUDED.nombre, total_grados = EXCLUDED.total_grados;
INSERT INTO curriculum_grades (id, subject_id, grado, label, total_objetivos) VALUES ('e3d4a093-47d6-4505-a3ff-e21053c15c5a', 'dcddbbf8-21ad-4c4f-8da1-8496fdf657b1', '1', '1° Básico', 15) ON CONFLICT (id) DO UPDATE SET subject_id = EXCLUDED.subject_id, grado = EXCLUDED.grado, label = EXCLUDED.label, total_objetivos = EXCLUDED.total_objetivos;
INSERT INTO curriculum_objectives (id, grade_id, codigo, tipo, eje, descripcion) VALUES ('60d7b08c-adcd-4ce6-aaee-c80c569ca6fb', 'e3d4a093-47d6-4505-a3ff-e21053c15c5a', 'OA1', 'conocimiento', 'Historia', 'Nombrar y secuenciar días de la semana y meses del año, utilizando calendarios, e identificar el año en curso.') ON CONFLICT (id) DO UPDATE SET grade_id = EXCLUDED.grade_id, codigo = EXCLUDED.codigo, tipo = EXCLUDED.tipo, eje = EXCLUDED.eje, descripcion = EXCLUDED.descripcion;
INSERT INTO curriculum_objectives (id, grade_id, codigo, tipo, eje, descripcion) VALUES ('49175d1b-0616-4696-99c5-a1714ba4efc5', 'e3d4a093-47d6-4505-a3ff-e21053c15c5a', 'OA2', 'conocimiento', 'Historia', 'Secuenciar acontecimientos y actividades de la vida cotidiana, personal y familiar, utilizando categorías relativas de ubicación temporal, como antes, después; ayer, hoy, mañana; día, noche; este año, el año pasado, el año próximo.') ON CONFLICT (id) DO UPDATE SET grade_id = EXCLUDED.grade_id, codigo = EXCLUDED.codigo, tipo = EXCLUDED.tipo, eje = EXCLUDED.eje, descripcion = EXCLUDED.descripcion;
INSERT INTO curriculum_objectives (id, grade_id, codigo, tipo, eje, descripcion) VALUES ('f6e8b401-93df-4165-884f-a1680736ac73', 'e3d4a093-47d6-4505-a3ff-e21053c15c5a', 'OA3', 'conocimiento', 'Historia', 'Registrar y comunicar información sobre elementos que forman parte de su identidad personal (nombre, fecha de nacimiento, lugar de procedencia, ascendencias, gustos, intereses, amigos y otros) para reconocer sus características individuales.') ON CONFLICT (id) DO UPDATE SET grade_id = EXCLUDED.grade_id, codigo = EXCLUDED.codigo, tipo = EXCLUDED.tipo, eje = EXCLUDED.eje, descripcion = EXCLUDED.descripcion;
INSERT INTO curriculum_objectives (id, grade_id, codigo, tipo, eje, descripcion) VALUES ('4f117847-66a0-4ad6-ae2a-db64749e8135', 'e3d4a093-47d6-4505-a3ff-e21053c15c5a', 'OA4', 'conocimiento', 'Historia', 'Obtener y comunicar aspectos de la historia de su familia y sus características, como costumbres, tradiciones, ritos, fiestas, recuerdos y roles que desempeñan los distintos miembros de su grupo familiar, mediante la formulación de preguntas a adultos de su entorno cercano.') ON CONFLICT (id) DO UPDATE SET grade_id = EXCLUDED.grade_id, codigo = EXCLUDED.codigo, tipo = EXCLUDED.tipo, eje = EXCLUDED.eje, descripcion = EXCLUDED.descripcion;
INSERT INTO curriculum_objectives (id, grade_id, codigo, tipo, eje, descripcion) VALUES ('305d6256-564a-46ef-a453-c423ca66802e', 'e3d4a093-47d6-4505-a3ff-e21053c15c5a', 'OA5', 'conocimiento', 'Historia', 'Reconocer los símbolos representativos de Chile (como la bandera, el escudo y el himno nacional), describir costumbres, actividades y la participación de hombres y mujeres respecto de conmemoraciones nacionales (como Fiestas Patrias, Día del Descubrimiento de dos mundos y Combate Naval de Iquique) y reconocer en ellos un elemento de unidad e identidad nacional.') ON CONFLICT (id) DO UPDATE SET grade_id = EXCLUDED.grade_id, codigo = EXCLUDED.codigo, tipo = EXCLUDED.tipo, eje = EXCLUDED.eje, descripcion = EXCLUDED.descripcion;
INSERT INTO curriculum_objectives (id, grade_id, codigo, tipo, eje, descripcion) VALUES ('fbed2f34-22ca-4fb4-aa11-16d251755d46', 'e3d4a093-47d6-4505-a3ff-e21053c15c5a', 'OA6', 'conocimiento', 'Historia', 'Conocer expresiones culturales locales y nacionales (como comidas, flores y animales típicos, música y juegos, entre otros), describir fiestas y tradiciones importantes de nivel local (como Fiesta de La Tirana, Fiesta de San Pedro, Fiesta de Cuasimodo, carreras a la chilena, el rodeo, la vendimia y la fundación del pueblo o de la ciudad, entre otras) y reconocer estas expresiones como elementos de unidad e identidad local y/o nacional.') ON CONFLICT (id) DO UPDATE SET grade_id = EXCLUDED.grade_id, codigo = EXCLUDED.codigo, tipo = EXCLUDED.tipo, eje = EXCLUDED.eje, descripcion = EXCLUDED.descripcion;
INSERT INTO curriculum_objectives (id, grade_id, codigo, tipo, eje, descripcion) VALUES ('c2497026-f131-4d52-92c8-3e75add1e24e', 'e3d4a093-47d6-4505-a3ff-e21053c15c5a', 'OA7', 'conocimiento', 'Historia', 'Conocer sobre la vida de hombres y mujeres que han contribuido a la sociedad chilena en diversos ámbitos; por ejemplo, los fundadores de las ciudades, los exploradores, las personas que han fundado o creado instituciones, las personas que se han destacado por su emprendimiento y su solidaridad, los deportistas, los científicos, los artistas y los grandes poetas, entre otros. mapas y los planos son formas de representar lugares. e en mapas, incluyendo la cordillera de los Andes, el océano Pacífico, la ciudad de Santiago, su región, su capital y su localidad. r paisajes de su entorno local, utilizando vocabulario geoaís, ciudad, camino, pueblo, construcciones, cordillera, esierto) y categorías de ubicación relativa (derecha, izquier- , entre otros). s y productos de su familia y su localidad y cómo estos apora, reconociendo la importancia de todos los trabajos, tanto remunerados. otros niños en diferentes partes del mundo por medio de ubicando en un globo terráqueo o mapamundi los países parando su idioma, vestimenta, comida, fiestas, costumtareas con las de niños chilenos. realizar acciones concretas en su entorno cercano (familia, ) que reflejen: úrespeto al otro (ejemplos: escuchar atentamente al otro, tratar con cortesía a los demás, etc.) úempatía (ejemplos: ayudar a los demás cuando sea necesario, no discriminar a otros por su aspecto o costumbres, etc.) úresponsabilidad (ejemplos: asumir encargos en su casa y en la sala de clases, cuidar sus pertenencias y la de los demás, cuidar los espacios comunes, etc.) algunas normas para la buena convivencia y para la seguridad su familia, en la escuela y en la vía pública. r que cumplen, en beneficio de la comunidad, instituciones municipalidad, el hospital o la posta, Carabineros de Chile, trabajan en ellas.') ON CONFLICT (id) DO UPDATE SET grade_id = EXCLUDED.grade_id, codigo = EXCLUDED.codigo, tipo = EXCLUDED.tipo, eje = EXCLUDED.eje, descripcion = EXCLUDED.descripcion;
INSERT INTO curriculum_objectives (id, grade_id, codigo, tipo, eje, descripcion) VALUES ('870f3e12-9b24-4028-8b4c-ac3c34c6335d', 'e3d4a093-47d6-4505-a3ff-e21053c15c5a', 'OA_a', 'habilidad', 'Geografía', 'Secuenciar cronológicamente eventos significativos ocurridos en la escuela o la comunidad durante el año y leer líneas de tiempo simples.') ON CONFLICT (id) DO UPDATE SET grade_id = EXCLUDED.grade_id, codigo = EXCLUDED.codigo, tipo = EXCLUDED.tipo, eje = EXCLUDED.eje, descripcion = EXCLUDED.descripcion;
INSERT INTO curriculum_objectives (id, grade_id, codigo, tipo, eje, descripcion) VALUES ('032d23e2-646c-469e-85fe-c52046efe1d2', 'e3d4a093-47d6-4505-a3ff-e21053c15c5a', 'OA_b', 'habilidad', 'Habilidades: Pensamiento temporal y espacial', 'Aplicar conceptos relacionados con el tiempo (pasado, presente, futuro, días, semanas, meses, años, antiguamente, este año, el año pasado, el año próximo).') ON CONFLICT (id) DO UPDATE SET grade_id = EXCLUDED.grade_id, codigo = EXCLUDED.codigo, tipo = EXCLUDED.tipo, eje = EXCLUDED.eje, descripcion = EXCLUDED.descripcion;
INSERT INTO curriculum_objectives (id, grade_id, codigo, tipo, eje, descripcion) VALUES ('234a8d30-cc8a-454c-92bc-67e5f483151d', 'e3d4a093-47d6-4505-a3ff-e21053c15c5a', 'OA_c', 'habilidad', 'Habilidades: Pensamiento temporal y espacial', 'Identificar elementos de continuidad y cambio entre modos de vida del pasado y del presente.') ON CONFLICT (id) DO UPDATE SET grade_id = EXCLUDED.grade_id, codigo = EXCLUDED.codigo, tipo = EXCLUDED.tipo, eje = EXCLUDED.eje, descripcion = EXCLUDED.descripcion;
INSERT INTO curriculum_objectives (id, grade_id, codigo, tipo, eje, descripcion) VALUES ('c594ac00-22f1-4cc6-b663-8ebda810f005', 'e3d4a093-47d6-4505-a3ff-e21053c15c5a', 'OA_d', 'habilidad', 'Habilidades: Pensamiento temporal y espacial', 'Leer y comunicar información geográfica mediante distintas herramientas (planos, mapas, globos terráqueos y diagramas).') ON CONFLICT (id) DO UPDATE SET grade_id = EXCLUDED.grade_id, codigo = EXCLUDED.codigo, tipo = EXCLUDED.tipo, eje = EXCLUDED.eje, descripcion = EXCLUDED.descripcion;
INSERT INTO curriculum_objectives (id, grade_id, codigo, tipo, eje, descripcion) VALUES ('bdc141aa-45fa-4169-990a-9097784858db', 'e3d4a093-47d6-4505-a3ff-e21053c15c5a', 'OA_e', 'habilidad', 'Habilidades: Pensamiento temporal y espacial', 'Orientarse en el espacio, utilizando categorías de ubicación relativa (derecha, izquierda, lejos, cerca) y asociando referentes locales (cordillera, cerro, mar u otros) a los puntos cardinales. Obtener información explícita sobre el pasado y el presente a partir de imágenes y de fuentes escritas y orales dadas (narraciones, relatos históricos, leyendas, imágenes, mapas y preguntas a adultos cercanos), mediante preguntas dirigidas.') ON CONFLICT (id) DO UPDATE SET grade_id = EXCLUDED.grade_id, codigo = EXCLUDED.codigo, tipo = EXCLUDED.tipo, eje = EXCLUDED.eje, descripcion = EXCLUDED.descripcion;
INSERT INTO curriculum_objectives (id, grade_id, codigo, tipo, eje, descripcion) VALUES ('aa286059-bba7-4a80-bc2e-56fda692e7c2', 'e3d4a093-47d6-4505-a3ff-e21053c15c5a', 'OA_g', 'habilidad', 'Habilidades: Análisis y trabajo con fuentes', 'Formular opiniones justificadas sobre temas de su interés.') ON CONFLICT (id) DO UPDATE SET grade_id = EXCLUDED.grade_id, codigo = EXCLUDED.codigo, tipo = EXCLUDED.tipo, eje = EXCLUDED.eje, descripcion = EXCLUDED.descripcion;
INSERT INTO curriculum_objectives (id, grade_id, codigo, tipo, eje, descripcion) VALUES ('70cf0e2e-22f0-4f7f-8334-1e09a3fa7c4e', 'e3d4a093-47d6-4505-a3ff-e21053c15c5a', 'OA_h', 'habilidad', 'Habilidades: Comunicación', 'Participar en conversaciones grupales, respetando turnos y otros puntos de vista.') ON CONFLICT (id) DO UPDATE SET grade_id = EXCLUDED.grade_id, codigo = EXCLUDED.codigo, tipo = EXCLUDED.tipo, eje = EXCLUDED.eje, descripcion = EXCLUDED.descripcion;
INSERT INTO curriculum_objectives (id, grade_id, codigo, tipo, eje, descripcion) VALUES ('c17d124f-03f6-4698-a609-0c7ea0b36038', 'e3d4a093-47d6-4505-a3ff-e21053c15c5a', 'OA_i', 'habilidad', 'Habilidades: Comunicación', 'Presentar temas dados en forma oral, visual o escrita, incorporando material de apoyo.') ON CONFLICT (id) DO UPDATE SET grade_id = EXCLUDED.grade_id, codigo = EXCLUDED.codigo, tipo = EXCLUDED.tipo, eje = EXCLUDED.eje, descripcion = EXCLUDED.descripcion;
INSERT INTO curriculum_grades (id, subject_id, grado, label, total_objetivos) VALUES ('fd54e4b5-5f9b-4816-9600-facd32280ff1', 'dcddbbf8-21ad-4c4f-8da1-8496fdf657b1', '2', '2° Básico', 16) ON CONFLICT (id) DO UPDATE SET subject_id = EXCLUDED.subject_id, grado = EXCLUDED.grado, label = EXCLUDED.label, total_objetivos = EXCLUDED.total_objetivos;
INSERT INTO curriculum_objectives (id, grade_id, codigo, tipo, eje, descripcion) VALUES ('61363250-749f-4020-b9b4-98ba69dad6a5', 'fd54e4b5-5f9b-4816-9600-facd32280ff1', 'OA1', 'conocimiento', 'Historia', 'Describir los modos de vida de algunos pueblos originarios de Chile en el período precolombino, incluyendo ubicación geográfica, medio natural en que habitaban, vida nómade o sedentaria, roles de hombres y mujeres, herramientas y tecnología, principales actividades, vivienda, costumbres, idioma, creencias, alimentación y fiestas, entre otros.') ON CONFLICT (id) DO UPDATE SET grade_id = EXCLUDED.grade_id, codigo = EXCLUDED.codigo, tipo = EXCLUDED.tipo, eje = EXCLUDED.eje, descripcion = EXCLUDED.descripcion;
INSERT INTO curriculum_objectives (id, grade_id, codigo, tipo, eje, descripcion) VALUES ('6561c80a-4a88-41ee-b40b-db5c72c71b75', 'fd54e4b5-5f9b-4816-9600-facd32280ff1', 'OA2', 'conocimiento', 'Historia', 'Comparar el modo de vida y expresiones culturales de pueblos indígenas presentes en Chile actual (como mapuche, aimara, rapa nui) con respecto al periodo precolombino, identificando aspectos de su cultura que se han mantenido hasta el presente y aspectos que han cambiado.') ON CONFLICT (id) DO UPDATE SET grade_id = EXCLUDED.grade_id, codigo = EXCLUDED.codigo, tipo = EXCLUDED.tipo, eje = EXCLUDED.eje, descripcion = EXCLUDED.descripcion;
INSERT INTO curriculum_objectives (id, grade_id, codigo, tipo, eje, descripcion) VALUES ('36ede4ac-e105-4694-a4a5-9fa93e59884c', 'fd54e4b5-5f9b-4816-9600-facd32280ff1', 'OA3', 'conocimiento', 'Historia', 'Distinguir los diversos aportes a la sociedad chilena proveniente de los pueblos originarios (palabras, alimentos, tradiciones, cultura, etc.) y de los españoles (idioma, religión, alimentos, cultura, etc.) y reconocer nuestra sociedad como mestiza.') ON CONFLICT (id) DO UPDATE SET grade_id = EXCLUDED.grade_id, codigo = EXCLUDED.codigo, tipo = EXCLUDED.tipo, eje = EXCLUDED.eje, descripcion = EXCLUDED.descripcion;
INSERT INTO curriculum_objectives (id, grade_id, codigo, tipo, eje, descripcion) VALUES ('70a79a16-fb0c-44de-8b32-8d88cfe348c8', 'fd54e4b5-5f9b-4816-9600-facd32280ff1', 'OA4', 'conocimiento', 'Historia', 'Reconocer y dar ejemplos de la influencia y los aportes de inmigrantes de distintas naciones europeas, orientales, árabes y latinoamericanas a la diversidad de la sociedad chilena, a lo largo de su historia.') ON CONFLICT (id) DO UPDATE SET grade_id = EXCLUDED.grade_id, codigo = EXCLUDED.codigo, tipo = EXCLUDED.tipo, eje = EXCLUDED.eje, descripcion = EXCLUDED.descripcion;
INSERT INTO curriculum_objectives (id, grade_id, codigo, tipo, eje, descripcion) VALUES ('73ec0ee3-85a3-4881-bc3c-376cf7504d8e', 'fd54e4b5-5f9b-4816-9600-facd32280ff1', 'OA5', 'conocimiento', 'Historia', 'Reconocer diversas expresiones del patrimonio cultural del país y de su región, como manifestaciones artísticas, tradiciones folclóricas, leyendas y tradiciones orales, costumbres familiares, creencias, idioma, construcciones, comidas típicas, fiestas, monumentos y sitios históricos.') ON CONFLICT (id) DO UPDATE SET grade_id = EXCLUDED.grade_id, codigo = EXCLUDED.codigo, tipo = EXCLUDED.tipo, eje = EXCLUDED.eje, descripcion = EXCLUDED.descripcion;
INSERT INTO curriculum_objectives (id, grade_id, codigo, tipo, eje, descripcion) VALUES ('99b54fea-846e-4eeb-af20-52f123a42a99', 'fd54e4b5-5f9b-4816-9600-facd32280ff1', 'OA6', 'conocimiento', 'Geografía', 'Leer y dibujar planos simples de su entorno, utilizando puntos de referencia, categorías de posición relativa y simbología pictórica.') ON CONFLICT (id) DO UPDATE SET grade_id = EXCLUDED.grade_id, codigo = EXCLUDED.codigo, tipo = EXCLUDED.tipo, eje = EXCLUDED.eje, descripcion = EXCLUDED.descripcion;
INSERT INTO curriculum_objectives (id, grade_id, codigo, tipo, eje, descripcion) VALUES ('7c7b7d58-fc77-4d2a-954f-fb55728b145b', 'fd54e4b5-5f9b-4816-9600-facd32280ff1', 'OA7', 'conocimiento', 'Geografía', 'Ubicar Chile, Santiago, la propia región y su capital en el globo terráqueo o en mapas, y describir la ubicación relativa de países limítrofes y de otros países de América del Sur, utilizando los puntos cardinales.') ON CONFLICT (id) DO UPDATE SET grade_id = EXCLUDED.grade_id, codigo = EXCLUDED.codigo, tipo = EXCLUDED.tipo, eje = EXCLUDED.eje, descripcion = EXCLUDED.descripcion;
INSERT INTO curriculum_objectives (id, grade_id, codigo, tipo, eje, descripcion) VALUES ('eaba4817-d6a9-4b10-ae71-e902990f1cb3', 'fd54e4b5-5f9b-4816-9600-facd32280ff1', 'OA8', 'conocimiento', 'Geografía', 'Clasificar y caracterizar algunos paisajes de Chile según su ubicación en la zona norte, centro y sur del país, observando imágenes, y utilizando diversas fuentes y un vocabulario geográfico adecuado (océano, río, cordillera de los Andes y de la Costa, desierto, valle, costa, volcán, archipiélago, isla, fiordo, lago, ciudad y pueblo, entre otros). expresiones del patrimonio natural de Chile y de su región, como paisajes, flora y fauna característica, y parques nacionales, entre otros. zonas habitadas por algunos pueblos originarios de Chile, norte, centro y sur. cipales características geográficas (disponibilidad de agua, ación) de las zonas habitadas por algunos pueblos originalos recursos que utilizaron para satisfacer sus necesidades de o y vivienda. realizar acciones concretas en su entorno cercano (familia, ) que reflejen: úrespeto al otro (interactuar con cortesía, cuidar espacios comunes, respetar la propiedad de los demás, etc.) úresponsabilidad (ejemplos: cumplir con sus deberes escolares, asumir encargos en el hogar y dentro de la sala de clases, etc.) útolerancia (ejemplos: respetar opiniones diversas, no discriminar a otros por su aspecto o costumbres, etc.) úempatía (ejemplos: integrar a los demás en sus juegos y actividades, ayudar a los otros, etc.) ta honesta en la vida cotidiana, en los juegos y en el blando con la verdad, respetando las reglas de los juegos sin nociendo sus errores y sus acciones, entre otros. aplicar y explicar la importancia de algunas normas neceúcuidarse, cuidar a otros y evitar situaciones de riesgo (como seguridad vial, vías de evacuación, adaptaciones para discapacitados, zonas de silencio, etc.) úorganizar un ambiente propicio al aprendizaje y acogedor para todos (por ejemplo, respetar los turnos, cuidar el espacio y las pertenencias comunes y de sus pares, etc.) úcuidar el patrimonio y el medioambiente r que cumplen en beneficio de la comunidad servicios como porte y de comunicación y el mercado, y algunas institucioroteger nuestro patrimonio cultural y natural. r acciones para cuidar y respetar los espacios públicos denscuela (como baños, patios, salas de clase, plazas, parques, tre otros), reconociendo que pertenecen y benefician a todos , su cuidado es responsabilidad de todos los miembros de la') ON CONFLICT (id) DO UPDATE SET grade_id = EXCLUDED.grade_id, codigo = EXCLUDED.codigo, tipo = EXCLUDED.tipo, eje = EXCLUDED.eje, descripcion = EXCLUDED.descripcion;
INSERT INTO curriculum_objectives (id, grade_id, codigo, tipo, eje, descripcion) VALUES ('d5a7702a-1027-415c-8a48-e45283c1f251', 'fd54e4b5-5f9b-4816-9600-facd32280ff1', 'OA_a', 'habilidad', 'Habilidades: Pensamiento crítico', 'Leer y representar secuencias cronológicas y acontecimientos del pasado mediante líneas de tiempo.') ON CONFLICT (id) DO UPDATE SET grade_id = EXCLUDED.grade_id, codigo = EXCLUDED.codigo, tipo = EXCLUDED.tipo, eje = EXCLUDED.eje, descripcion = EXCLUDED.descripcion;
INSERT INTO curriculum_objectives (id, grade_id, codigo, tipo, eje, descripcion) VALUES ('a64d3bd6-98e2-4829-b49d-54cf3ce4b07f', 'fd54e4b5-5f9b-4816-9600-facd32280ff1', 'OA_b', 'habilidad', 'Habilidades: Pensamiento temporal y espacial', 'Aplicar conceptos relacionados con el tiempo (pasado, presente, futuro, años, décadas, siglos, antiguo, moderno, a.C., d.C.).') ON CONFLICT (id) DO UPDATE SET grade_id = EXCLUDED.grade_id, codigo = EXCLUDED.codigo, tipo = EXCLUDED.tipo, eje = EXCLUDED.eje, descripcion = EXCLUDED.descripcion;
INSERT INTO curriculum_objectives (id, grade_id, codigo, tipo, eje, descripcion) VALUES ('2a7686f0-effa-4cc8-89dd-c8b4db520cbc', 'fd54e4b5-5f9b-4816-9600-facd32280ff1', 'OA_c', 'habilidad', 'Habilidades: Pensamiento temporal y espacial', 'Comparar distintos aspectos (objetos, juegos, costumbres y actividades) entre sociedades y civilizaciones del pasado y del presente para identificar continuidades y cambios.') ON CONFLICT (id) DO UPDATE SET grade_id = EXCLUDED.grade_id, codigo = EXCLUDED.codigo, tipo = EXCLUDED.tipo, eje = EXCLUDED.eje, descripcion = EXCLUDED.descripcion;
INSERT INTO curriculum_objectives (id, grade_id, codigo, tipo, eje, descripcion) VALUES ('cc886b3d-3ad2-4c36-8ff6-4a7562f5e1a4', 'fd54e4b5-5f9b-4816-9600-facd32280ff1', 'OA_d', 'habilidad', 'Habilidades: Pensamiento temporal y espacial', 'Leer y comunicar información geográfica por medio de distintas herramientas (planos, mapas, globos terráqueos y diagramas).') ON CONFLICT (id) DO UPDATE SET grade_id = EXCLUDED.grade_id, codigo = EXCLUDED.codigo, tipo = EXCLUDED.tipo, eje = EXCLUDED.eje, descripcion = EXCLUDED.descripcion;
INSERT INTO curriculum_objectives (id, grade_id, codigo, tipo, eje, descripcion) VALUES ('d814e87c-90f1-4d9e-b35d-6a4b2859e204', 'fd54e4b5-5f9b-4816-9600-facd32280ff1', 'OA_e', 'habilidad', 'Habilidades: Pensamiento temporal y espacial', 'Orientarse en el espacio, utilizando referencias, categorías de ubicación relativa y puntos cardinales. Obtener información sobre el pasado y el presente a partir de diversas fuentes dadas (como entrevistas, narraciones, medios audiovisuales, mapas, textos, imágenes, gráficos, tablas y pictogramas, entre otros) y mediante preguntas dirigidas.') ON CONFLICT (id) DO UPDATE SET grade_id = EXCLUDED.grade_id, codigo = EXCLUDED.codigo, tipo = EXCLUDED.tipo, eje = EXCLUDED.eje, descripcion = EXCLUDED.descripcion;
INSERT INTO curriculum_objectives (id, grade_id, codigo, tipo, eje, descripcion) VALUES ('36676928-d55d-45ad-9eb4-e57a79102753', 'fd54e4b5-5f9b-4816-9600-facd32280ff1', 'OA_g', 'habilidad', 'Habilidades: Análisis y trabajo con fuentes', 'Formular opiniones fundamentadas sobre un tema de su interés, apoyándose en datos y evidencia.') ON CONFLICT (id) DO UPDATE SET grade_id = EXCLUDED.grade_id, codigo = EXCLUDED.codigo, tipo = EXCLUDED.tipo, eje = EXCLUDED.eje, descripcion = EXCLUDED.descripcion;
INSERT INTO curriculum_objectives (id, grade_id, codigo, tipo, eje, descripcion) VALUES ('3e59f4fb-0f13-4c38-9516-3006b9bb5961', 'fd54e4b5-5f9b-4816-9600-facd32280ff1', 'OA_h', 'habilidad', 'Habilidades: Comunicación', 'Participar en conversaciones grupales, intercambiando opiniones y respetando turnos y otros puntos de vista.') ON CONFLICT (id) DO UPDATE SET grade_id = EXCLUDED.grade_id, codigo = EXCLUDED.codigo, tipo = EXCLUDED.tipo, eje = EXCLUDED.eje, descripcion = EXCLUDED.descripcion;
INSERT INTO curriculum_objectives (id, grade_id, codigo, tipo, eje, descripcion) VALUES ('1a81bd65-93f9-4450-afac-29b486b489c1', 'fd54e4b5-5f9b-4816-9600-facd32280ff1', 'OA_i', 'habilidad', 'Habilidades: Comunicación', 'Presentar, en forma oral, visual o escrita, temas de su interés o estudiados en el nivel, organizando la exposición e incorporando el material de apoyo pertinente.') ON CONFLICT (id) DO UPDATE SET grade_id = EXCLUDED.grade_id, codigo = EXCLUDED.codigo, tipo = EXCLUDED.tipo, eje = EXCLUDED.eje, descripcion = EXCLUDED.descripcion;
INSERT INTO curriculum_grades (id, subject_id, grado, label, total_objetivos) VALUES ('25ec11f9-064b-472b-8671-f8f87855897e', 'dcddbbf8-21ad-4c4f-8da1-8496fdf657b1', '3', '3° Básico', 17) ON CONFLICT (id) DO UPDATE SET subject_id = EXCLUDED.subject_id, grado = EXCLUDED.grado, label = EXCLUDED.label, total_objetivos = EXCLUDED.total_objetivos;
INSERT INTO curriculum_objectives (id, grade_id, codigo, tipo, eje, descripcion) VALUES ('71a6b7ae-2a3b-4dd8-bb95-e50721e2fc5d', '25ec11f9-064b-472b-8671-f8f87855897e', 'OA1', 'conocimiento', 'Historia', 'Reconocer aspectos de la vida cotidiana de la civilización griega de la Antigüedad e identificar algunos elementos de su legado a sociedades y culturas del presente; entre ellos, la organización democrática, el desarrollo de la historia, el teatro como forma de expresión, el arte y la escultura, la arquitectura, la mitología, la geometría y la filosofía, la creación del alfabeto y los juegos olímpicos.') ON CONFLICT (id) DO UPDATE SET grade_id = EXCLUDED.grade_id, codigo = EXCLUDED.codigo, tipo = EXCLUDED.tipo, eje = EXCLUDED.eje, descripcion = EXCLUDED.descripcion;
INSERT INTO curriculum_objectives (id, grade_id, codigo, tipo, eje, descripcion) VALUES ('00b02059-ffb0-46bd-b078-b5a27b15e5be', '25ec11f9-064b-472b-8671-f8f87855897e', 'OA2', 'conocimiento', 'Historia', 'Reconocer aspectos de la vida cotidiana de la civilización romana de la Antigüedad e identificar algunos elementos de su legado a sociedades y culturas del presente; entre ellos, el idioma, el derecho y las leyes, el arte y las obras arquitectónicas.') ON CONFLICT (id) DO UPDATE SET grade_id = EXCLUDED.grade_id, codigo = EXCLUDED.codigo, tipo = EXCLUDED.tipo, eje = EXCLUDED.eje, descripcion = EXCLUDED.descripcion;
INSERT INTO curriculum_objectives (id, grade_id, codigo, tipo, eje, descripcion) VALUES ('2ace7c0b-bba0-4a04-85ba-3985bb44e423', '25ec11f9-064b-472b-8671-f8f87855897e', 'OA3', 'conocimiento', 'Historia', 'Explicar, con ejemplos concretos, cómo diferentes culturas y pueblos (como griegos y romanos de la Antigüedad) han enfrentado de distintas maneras el desafío de desarrollarse y satisfacer las necesidades comunes a todos los seres humanos.') ON CONFLICT (id) DO UPDATE SET grade_id = EXCLUDED.grade_id, codigo = EXCLUDED.codigo, tipo = EXCLUDED.tipo, eje = EXCLUDED.eje, descripcion = EXCLUDED.descripcion;
INSERT INTO curriculum_objectives (id, grade_id, codigo, tipo, eje, descripcion) VALUES ('38a4c66a-9f74-4921-963e-220775cf1849', '25ec11f9-064b-472b-8671-f8f87855897e', 'OA4', 'conocimiento', 'Historia', 'Comparar modos de vida de la Antigüedad con el propio, considerando costumbres, trabajos y oficios, creencias, vestimentas y características de las ciudades, entre otros.') ON CONFLICT (id) DO UPDATE SET grade_id = EXCLUDED.grade_id, codigo = EXCLUDED.codigo, tipo = EXCLUDED.tipo, eje = EXCLUDED.eje, descripcion = EXCLUDED.descripcion;
INSERT INTO curriculum_objectives (id, grade_id, codigo, tipo, eje, descripcion) VALUES ('6a42ce6b-3404-41fd-a9cc-6d5c29a1288f', '25ec11f9-064b-472b-8671-f8f87855897e', 'OA5', 'conocimiento', 'Historia', 'Investigar sobre algún tema de su interés con relación a las civilizaciones estudiadas (como los héroes, los dioses, las ciudades, las viviendas, la vestimenta, las herramientas tecnológicas y la esclavitud, entre otros) por medio de diferentes fuentes (libros, fuentes gráficas, TICs) y comunicar lo aprendido.') ON CONFLICT (id) DO UPDATE SET grade_id = EXCLUDED.grade_id, codigo = EXCLUDED.codigo, tipo = EXCLUDED.tipo, eje = EXCLUDED.eje, descripcion = EXCLUDED.descripcion;
INSERT INTO curriculum_objectives (id, grade_id, codigo, tipo, eje, descripcion) VALUES ('c8575413-a26c-4024-a32b-f6177a3b91e5', '25ec11f9-064b-472b-8671-f8f87855897e', 'OA6', 'conocimiento', 'Geografía', 'Ubicar personas, lugares y elementos en una cuadrícula, utilizando líneas de referencia y puntos cardinales.') ON CONFLICT (id) DO UPDATE SET grade_id = EXCLUDED.grade_id, codigo = EXCLUDED.codigo, tipo = EXCLUDED.tipo, eje = EXCLUDED.eje, descripcion = EXCLUDED.descripcion;
INSERT INTO curriculum_objectives (id, grade_id, codigo, tipo, eje, descripcion) VALUES ('0a6b2a07-61bd-4ad3-80df-b1689dce37ae', '25ec11f9-064b-472b-8671-f8f87855897e', 'OA7', 'conocimiento', 'Geografía', 'Distinguir hemisferios, círculo del Ecuador, trópicos, polos, continentes y océanos del planeta en mapas y globos terráqueos.') ON CONFLICT (id) DO UPDATE SET grade_id = EXCLUDED.grade_id, codigo = EXCLUDED.codigo, tipo = EXCLUDED.tipo, eje = EXCLUDED.eje, descripcion = EXCLUDED.descripcion;
INSERT INTO curriculum_objectives (id, grade_id, codigo, tipo, eje, descripcion) VALUES ('ed2f0b3f-2679-4267-b0e7-5256e0f3e99e', '25ec11f9-064b-472b-8671-f8f87855897e', 'OA8', 'conocimiento', 'Geografía', 'Identificar y ubicar en mapas las principales zonas climáticas del mundo, y dar ejemplos de distintos paisajes que pueden encontrarse en estas zonas y de cómo las personas han elaborado diferentes estrategias para habitarlos. torno geográfico de las civilizaciones estudiadas, utilizando vocabulario geográfico adecuado (continente, valle, montaña, océano, río, archipiélago, mares, península, ciudad, construcciones y monumentos, entre otros). actores geográficos que influyeron en el desarrollo de las diadas (ubicación, relieve y clima, recursos naturales dispodel mar Egeo y sus islas para Grecia e importancia del mar oma, entre otros). y responsabilidades como estudiante y en situaciones de la o cumplir con sus deberes escolares, colaborar en el orden los espacios que comparte con su familia, escuela y comuertenencias y las de los demás, preocuparse de su salud e su casa. realizar acciones concretas en su entorno cercano (familia, ) que reflejen valores y virtudes ciudadanas, como: úla tolerancia y el respeto al otro (ejemplos: respetar las opiniones distintas a las propias, mostrar disposición al diálogo, respetar expresiones de diversidad, como diferentes costumbres, creencias, origen étnico, nacionalidad, etc.) úla empatía (ejemplos: demostrar cortesía con los demás, escuchar al otro, ayudar a quien lo necesite, etc.) ta honesta en la vida cotidiana, en los juegos y en el blando con la verdad, respetando las reglas de los juegos sin nociendo sus errores y sus acciones, entre otros. iños tienen derechos que les permiten recibir un cuidado de la sociedad con el fin de que puedan aprender, crecer y r ejemplos de cómo la sociedad les garantiza estos derechos. car sus resultados sobre algunas instituciones públicas y eb, Sernac, SII, Banco Estado, instituciones de previsión y s, Hogar de Cristo y fundaciones, entre otras), identificando stan en la comunidad y los diferentes trabajos que realizan desempeñan en ellas. ble y activamente en su hogar (encargos, celebraciones, cuiy en la escuela (campañas solidarias, celebraciones, deportes y compromisos y responsabilidades adquiridos.') ON CONFLICT (id) DO UPDATE SET grade_id = EXCLUDED.grade_id, codigo = EXCLUDED.codigo, tipo = EXCLUDED.tipo, eje = EXCLUDED.eje, descripcion = EXCLUDED.descripcion;
INSERT INTO curriculum_objectives (id, grade_id, codigo, tipo, eje, descripcion) VALUES ('b5147e16-3e17-4bbe-99cc-84cae2a65bcd', '25ec11f9-064b-472b-8671-f8f87855897e', 'OA_a', 'habilidad', 'Habilidades: Pensamiento crítico', 'Leer y representar secuencias cronológicas y acontecimientos del pasado mediante líneas de tiempo.') ON CONFLICT (id) DO UPDATE SET grade_id = EXCLUDED.grade_id, codigo = EXCLUDED.codigo, tipo = EXCLUDED.tipo, eje = EXCLUDED.eje, descripcion = EXCLUDED.descripcion;
INSERT INTO curriculum_objectives (id, grade_id, codigo, tipo, eje, descripcion) VALUES ('2a27f439-1f16-4932-bd02-ede33d0212fd', '25ec11f9-064b-472b-8671-f8f87855897e', 'OA_b', 'habilidad', 'Habilidades: Pensamiento temporal y espacial', 'Aplicar conceptos relacionados con el tiempo (pasado, presente, futuro, décadas, antiguo, moderno, siglos, períodos, hitos).') ON CONFLICT (id) DO UPDATE SET grade_id = EXCLUDED.grade_id, codigo = EXCLUDED.codigo, tipo = EXCLUDED.tipo, eje = EXCLUDED.eje, descripcion = EXCLUDED.descripcion;
INSERT INTO curriculum_objectives (id, grade_id, codigo, tipo, eje, descripcion) VALUES ('f44c9675-1bf7-4cc8-adff-9f4ae8c64d58', '25ec11f9-064b-472b-8671-f8f87855897e', 'OA_c', 'habilidad', 'Habilidades: Pensamiento temporal y espacial', 'Comparar aspectos sociales, económicos, culturales y políticos entre sociedades y civilizaciones del pasado y del presente para identificar continuidades y cambios.') ON CONFLICT (id) DO UPDATE SET grade_id = EXCLUDED.grade_id, codigo = EXCLUDED.codigo, tipo = EXCLUDED.tipo, eje = EXCLUDED.eje, descripcion = EXCLUDED.descripcion;
INSERT INTO curriculum_objectives (id, grade_id, codigo, tipo, eje, descripcion) VALUES ('08604258-1afa-493e-a6d1-23aa8887f3aa', '25ec11f9-064b-472b-8671-f8f87855897e', 'OA_d', 'habilidad', 'Habilidades: Pensamiento temporal y espacial', 'Usar herramientas geográficas para ubicar y caracterizar elementos del espacio geográfico, como paisajes, población y recursos naturales.') ON CONFLICT (id) DO UPDATE SET grade_id = EXCLUDED.grade_id, codigo = EXCLUDED.codigo, tipo = EXCLUDED.tipo, eje = EXCLUDED.eje, descripcion = EXCLUDED.descripcion;
INSERT INTO curriculum_objectives (id, grade_id, codigo, tipo, eje, descripcion) VALUES ('2c0f57d6-0788-47c6-86c2-9d677f89931a', '25ec11f9-064b-472b-8671-f8f87855897e', 'OA_e', 'habilidad', 'Habilidades: Pensamiento temporal y espacial', 'Orientarse en el espacio, utilizando categorías de ubicación absoluta (coordenadas geográficas) y relativa. Obtener información sobre el pasado y el presente a partir de diversas fuentes dadas (como entrevistas, narraciones, textos, medios audiovisuales, mapas, imágenes, gráficos, tablas y pictogramas, entre otros) y aplicar estrategias para registrar las ideas más relevantes.') ON CONFLICT (id) DO UPDATE SET grade_id = EXCLUDED.grade_id, codigo = EXCLUDED.codigo, tipo = EXCLUDED.tipo, eje = EXCLUDED.eje, descripcion = EXCLUDED.descripcion;
INSERT INTO curriculum_objectives (id, grade_id, codigo, tipo, eje, descripcion) VALUES ('e82a4e75-2a40-4eaa-bf31-c92312906f1f', '25ec11f9-064b-472b-8671-f8f87855897e', 'OA_g', 'habilidad', 'Habilidades: Análisis y trabajo con fuentes', 'Formular y responder preguntas con relación al pasado, al presente o al entorno geográfico, para profundizar sobre temas de su interés en textos y fuentes diversas.') ON CONFLICT (id) DO UPDATE SET grade_id = EXCLUDED.grade_id, codigo = EXCLUDED.codigo, tipo = EXCLUDED.tipo, eje = EXCLUDED.eje, descripcion = EXCLUDED.descripcion;
INSERT INTO curriculum_objectives (id, grade_id, codigo, tipo, eje, descripcion) VALUES ('6d605698-de1c-4567-a15e-3d7c4b605bc8', '25ec11f9-064b-472b-8671-f8f87855897e', 'OA_h', 'habilidad', 'Habilidades: Pensamiento crítico', 'Formular opiniones fundamentadas sobre temas de su interés, apoyándose en datos y evidencia.') ON CONFLICT (id) DO UPDATE SET grade_id = EXCLUDED.grade_id, codigo = EXCLUDED.codigo, tipo = EXCLUDED.tipo, eje = EXCLUDED.eje, descripcion = EXCLUDED.descripcion;
INSERT INTO curriculum_objectives (id, grade_id, codigo, tipo, eje, descripcion) VALUES ('afcbf600-ef06-4867-aa43-14d422304264', '25ec11f9-064b-472b-8671-f8f87855897e', 'OA_i', 'habilidad', 'Habilidades: Comunicación', 'Participar en conversaciones grupales, intercambiando opiniones sobre temas estudiados y respetando turnos y otros puntos de vista.') ON CONFLICT (id) DO UPDATE SET grade_id = EXCLUDED.grade_id, codigo = EXCLUDED.codigo, tipo = EXCLUDED.tipo, eje = EXCLUDED.eje, descripcion = EXCLUDED.descripcion;
INSERT INTO curriculum_objectives (id, grade_id, codigo, tipo, eje, descripcion) VALUES ('ea515cf7-4d82-4ee6-9cea-feead2229f4d', '25ec11f9-064b-472b-8671-f8f87855897e', 'OA_j', 'habilidad', 'Habilidades: Comunicación', 'Presentar, en forma oral, visual o escrita, temas de su interés o estudiados en el nivel, seleccionando información, organizando la exposición con una estructura adecuada e incorporando el material de apoyo pertinente.') ON CONFLICT (id) DO UPDATE SET grade_id = EXCLUDED.grade_id, codigo = EXCLUDED.codigo, tipo = EXCLUDED.tipo, eje = EXCLUDED.eje, descripcion = EXCLUDED.descripcion;
INSERT INTO curriculum_grades (id, subject_id, grado, label, total_objetivos) VALUES ('2635236c-08fc-4ff9-b82b-4710c08a137f', 'dcddbbf8-21ad-4c4f-8da1-8496fdf657b1', '4', '4° Básico', 19) ON CONFLICT (id) DO UPDATE SET subject_id = EXCLUDED.subject_id, grado = EXCLUDED.grado, label = EXCLUDED.label, total_objetivos = EXCLUDED.total_objetivos;
INSERT INTO curriculum_objectives (id, grade_id, codigo, tipo, eje, descripcion) VALUES ('ecd3c96b-634b-4018-b6fc-5a9fa0d513cc', '2635236c-08fc-4ff9-b82b-4710c08a137f', 'OA1', 'conocimiento', 'Historia', 'Describir la civilización maya, considerando ubicación geográfica, organización política, actividades económicas, formas de cultivo y alimentos, organización de la sociedad, roles y oficios de hombres y mujeres, religión y ritos, desarrollo de la astronomía y la matemática, sistemas de escritura, guerras y sacrificios humanos, construcciones, costumbres y vida cotidiana, entre otros.') ON CONFLICT (id) DO UPDATE SET grade_id = EXCLUDED.grade_id, codigo = EXCLUDED.codigo, tipo = EXCLUDED.tipo, eje = EXCLUDED.eje, descripcion = EXCLUDED.descripcion;
INSERT INTO curriculum_objectives (id, grade_id, codigo, tipo, eje, descripcion) VALUES ('7236d2a3-1207-4d8b-9c88-212bcbab220b', '2635236c-08fc-4ff9-b82b-4710c08a137f', 'OA2', 'conocimiento', 'Historia', 'Describir la civilización azteca, considerando ubicación geográfica, organización política y extensión, la ciudad de Tenochtitlán, formas de cultivo y alimentos, religión y ritos, avances tecnológicos, organización de la sociedad, roles y oficios de hombres y mujeres, construcciones, costumbres y vida cotidiana, entre otros.') ON CONFLICT (id) DO UPDATE SET grade_id = EXCLUDED.grade_id, codigo = EXCLUDED.codigo, tipo = EXCLUDED.tipo, eje = EXCLUDED.eje, descripcion = EXCLUDED.descripcion;
INSERT INTO curriculum_objectives (id, grade_id, codigo, tipo, eje, descripcion) VALUES ('f6fc529f-13a4-429a-adaa-597713890b2a', '2635236c-08fc-4ff9-b82b-4710c08a137f', 'OA3', 'conocimiento', 'Historia', 'Describir la civilización inca, considerando ubicación geográfica, organización política, sistema de caminos y correos, religión y ritos, avances tecnológicos, organización de la sociedad, roles y oficios de hombres y mujeres, formas de cultivo y alimentos, construcciones, costumbres y vida cotidiana, entre otros.') ON CONFLICT (id) DO UPDATE SET grade_id = EXCLUDED.grade_id, codigo = EXCLUDED.codigo, tipo = EXCLUDED.tipo, eje = EXCLUDED.eje, descripcion = EXCLUDED.descripcion;
INSERT INTO curriculum_objectives (id, grade_id, codigo, tipo, eje, descripcion) VALUES ('c849d557-6e94-436a-ab57-d4e20f53de7e', '2635236c-08fc-4ff9-b82b-4710c08a137f', 'OA4', 'conocimiento', 'Historia', 'Analizar y comparar las principales características de las civilizaciones americanas (mayas, aztecas e incas).') ON CONFLICT (id) DO UPDATE SET grade_id = EXCLUDED.grade_id, codigo = EXCLUDED.codigo, tipo = EXCLUDED.tipo, eje = EXCLUDED.eje, descripcion = EXCLUDED.descripcion;
INSERT INTO curriculum_objectives (id, grade_id, codigo, tipo, eje, descripcion) VALUES ('cbab5875-f5c1-4bed-8996-23860eff7aad', '2635236c-08fc-4ff9-b82b-4710c08a137f', 'OA5', 'conocimiento', 'Historia', 'Investigar en diversas fuentes (imágenes, medios audiovisuales, TICs, gráficos, textos y otras) sobre algunos temas relacionados con el presente de los pueblos indígenas americanos; por ejemplo, el protagonismo que tienen hoy, la influencia de las civilizaciones maya, azteca e inca sobre la cultura y la sociedad de los países actuales situados donde ellos se desarrollaron, y su influencia en las comidas y en la lengua que empleamos en la actualidad, entre otros.') ON CONFLICT (id) DO UPDATE SET grade_id = EXCLUDED.grade_id, codigo = EXCLUDED.codigo, tipo = EXCLUDED.tipo, eje = EXCLUDED.eje, descripcion = EXCLUDED.descripcion;
INSERT INTO curriculum_objectives (id, grade_id, codigo, tipo, eje, descripcion) VALUES ('bfce27f5-f883-4348-9f23-5ac1fdfbb00a', '2635236c-08fc-4ff9-b82b-4710c08a137f', 'OA6', 'conocimiento', 'Geografía', 'Ubicar lugares en un mapa, utilizando coordenadas geográficas como referencia (paralelos y meridianos).') ON CONFLICT (id) DO UPDATE SET grade_id = EXCLUDED.grade_id, codigo = EXCLUDED.codigo, tipo = EXCLUDED.tipo, eje = EXCLUDED.eje, descripcion = EXCLUDED.descripcion;
INSERT INTO curriculum_objectives (id, grade_id, codigo, tipo, eje, descripcion) VALUES ('aab077dd-87b4-4db2-a04f-e04a0e33c27f', '2635236c-08fc-4ff9-b82b-4710c08a137f', 'OA7', 'conocimiento', 'Geografía', 'Distinguir recursos naturales renovables y no renovables, reconocer el carácter limitado de los recursos naturales y la necesidad de cuidarlos, e identificar recursos presentes en objetos y bienes cotidianos.') ON CONFLICT (id) DO UPDATE SET grade_id = EXCLUDED.grade_id, codigo = EXCLUDED.codigo, tipo = EXCLUDED.tipo, eje = EXCLUDED.eje, descripcion = EXCLUDED.descripcion;
INSERT INTO curriculum_objectives (id, grade_id, codigo, tipo, eje, descripcion) VALUES ('a95cbdd4-fa16-4d0f-9720-bcd3572f02fd', '2635236c-08fc-4ff9-b82b-4710c08a137f', 'OA8', 'conocimiento', 'Geografía', 'Describir distintos paisajes del continente americano, considerando climas, ríos, población, idiomas, países y grandes ciudades, entre otros, y utilizando vocabulario geográfico adecuado. los principales recursos naturales de América, considerando su distribución geográfica, su uso, y la importancia de cuidarlos en el marco de un desarrollo sostenible. la observación en imágenes, mapas y otras fuentes, paicon paisajes de América, distinguiendo distintas formas de ormación de la población a su ambiente natural. actores de la organización política y democrática de Chile, nistros, senadores, diputados y alcaldes, considerando las s que ejercen y cómo son nombrados o elegidos. ipales derechos en situaciones de la vida cotidiana, como cación, a contar con alimentación, vivienda, recreo y servidos, a expresarse, a ser protegido contra el abandono y la abajar antes de la edad apropiada, y dar ejemplos de cómo proteger esos derechos. ta honesta en la vida cotidiana, en los juegos y en el blando con la verdad, respetando las reglas de los juegos vitando la copia y el plagio y reconociendo sus errores y sus os. or todas las personas mediante acciones en su vida diaria, condiciones físicas, sociales, económicas, étnicas o culturamunidad, tomando parte en elecciones para una directiva o roles y funciones a cada cargo, y considerando la imporuna buena convivencia y una organización del curso que o escolar. , aplicando estrategias como determinar la causa del posibles soluciones, dialogar, buscar un punto de vista e otras, demostrando respeto y empatía por las para mejorar la convivencia en el curso y en la comunidad r activamente en un proyecto grupal que solucione un proad escolar; por ejemplo, reciclaje de la basura, exceso de de turnos, leer o entretener a alumnos más pequeños, etc. con fundamentos sobre temas de la asignatura u otros.') ON CONFLICT (id) DO UPDATE SET grade_id = EXCLUDED.grade_id, codigo = EXCLUDED.codigo, tipo = EXCLUDED.tipo, eje = EXCLUDED.eje, descripcion = EXCLUDED.descripcion;
INSERT INTO curriculum_objectives (id, grade_id, codigo, tipo, eje, descripcion) VALUES ('ebcdf2ec-bf51-4da9-b2ce-5c8b384777ba', '2635236c-08fc-4ff9-b82b-4710c08a137f', 'OA_a', 'habilidad', 'Habilidades: Pensamiento crítico', 'Representar e interpretar secuencias cronológicas y acontecimientos del pasado iante líneas de tiempo, distinguiendo períodos.') ON CONFLICT (id) DO UPDATE SET grade_id = EXCLUDED.grade_id, codigo = EXCLUDED.codigo, tipo = EXCLUDED.tipo, eje = EXCLUDED.eje, descripcion = EXCLUDED.descripcion;
INSERT INTO curriculum_objectives (id, grade_id, codigo, tipo, eje, descripcion) VALUES ('b98ad7a0-4e62-43c1-a5a6-af85349cbfaf', '2635236c-08fc-4ff9-b82b-4710c08a137f', 'OA_b', 'habilidad', 'Habilidades: Pensamiento crítico', 'Aplicar conceptos relacionados con el tiempo (años, décadas, siglos, períodos, hitos) en relación con la historia de Chile.') ON CONFLICT (id) DO UPDATE SET grade_id = EXCLUDED.grade_id, codigo = EXCLUDED.codigo, tipo = EXCLUDED.tipo, eje = EXCLUDED.eje, descripcion = EXCLUDED.descripcion;
INSERT INTO curriculum_objectives (id, grade_id, codigo, tipo, eje, descripcion) VALUES ('15f9075e-8766-4b85-a993-d5e492623101', '2635236c-08fc-4ff9-b82b-4710c08a137f', 'OA_c', 'habilidad', 'Habilidades: Pensamiento crítico', 'Analizar elementos de continuidad y de cambio en procesos de la historia de Chile y entre un período histórico y otro, considerando aspectos sociales, políticos, culturales y económicos.') ON CONFLICT (id) DO UPDATE SET grade_id = EXCLUDED.grade_id, codigo = EXCLUDED.codigo, tipo = EXCLUDED.tipo, eje = EXCLUDED.eje, descripcion = EXCLUDED.descripcion;
INSERT INTO curriculum_objectives (id, grade_id, codigo, tipo, eje, descripcion) VALUES ('ac2d83c5-8803-4c81-8e28-63d7f1a50367', '2635236c-08fc-4ff9-b82b-4710c08a137f', 'OA_d', 'habilidad', 'Habilidades: Pensamiento crítico', 'Usar herramientas geográficas para ubicar, caracterizar y relacionar elementos del espacio geográfico, como regiones, climas, paisajes, población, recursos y riesgos naturales.') ON CONFLICT (id) DO UPDATE SET grade_id = EXCLUDED.grade_id, codigo = EXCLUDED.codigo, tipo = EXCLUDED.tipo, eje = EXCLUDED.eje, descripcion = EXCLUDED.descripcion;
INSERT INTO curriculum_objectives (id, grade_id, codigo, tipo, eje, descripcion) VALUES ('37ab1436-de1e-4540-953a-f2e4af1f08db', '2635236c-08fc-4ff9-b82b-4710c08a137f', 'OA_e', 'habilidad', 'Habilidades: Pensamiento crítico', 'Orientarse en el espacio, utilizando categorías de ubicación absoluta (coordenadas geográficas) y relativa.') ON CONFLICT (id) DO UPDATE SET grade_id = EXCLUDED.grade_id, codigo = EXCLUDED.codigo, tipo = EXCLUDED.tipo, eje = EXCLUDED.eje, descripcion = EXCLUDED.descripcion;
INSERT INTO curriculum_objectives (id, grade_id, codigo, tipo, eje, descripcion) VALUES ('3de74ff5-d3e7-4ae9-8510-4fcad05a49bc', '2635236c-08fc-4ff9-b82b-4710c08a137f', 'OA_f', 'habilidad', 'Habilidades: Análisis y trabajo con fuentes', 'Obtener información sobre el pasado y el presente a partir de diversas fuentes marias y secundarias.') ON CONFLICT (id) DO UPDATE SET grade_id = EXCLUDED.grade_id, codigo = EXCLUDED.codigo, tipo = EXCLUDED.tipo, eje = EXCLUDED.eje, descripcion = EXCLUDED.descripcion;
INSERT INTO curriculum_objectives (id, grade_id, codigo, tipo, eje, descripcion) VALUES ('440292a8-b74a-415e-b0bd-e4bcc27b6b51', '2635236c-08fc-4ff9-b82b-4710c08a137f', 'OA_g', 'habilidad', 'Habilidades: Análisis y trabajo con fuentes', 'Investigar sobre temas del nivel y aplicar distintas estrategias para registrar y organizar la información obtenida de una fuente sobre un tema (como organizadores gráficos, tablas, lista de ideas principales y esquemas, entre otros).') ON CONFLICT (id) DO UPDATE SET grade_id = EXCLUDED.grade_id, codigo = EXCLUDED.codigo, tipo = EXCLUDED.tipo, eje = EXCLUDED.eje, descripcion = EXCLUDED.descripcion;
INSERT INTO curriculum_objectives (id, grade_id, codigo, tipo, eje, descripcion) VALUES ('ba34faac-43ce-4ad1-b962-ba5e30fd5f95', '2635236c-08fc-4ff9-b82b-4710c08a137f', 'OA_h', 'habilidad', 'Habilidades: Pensamiento crítico', 'Formular y responder preguntas para profundizar sobre temas de su interés, en ación con el pasado, el presente o el entorno geográfico.') ON CONFLICT (id) DO UPDATE SET grade_id = EXCLUDED.grade_id, codigo = EXCLUDED.codigo, tipo = EXCLUDED.tipo, eje = EXCLUDED.eje, descripcion = EXCLUDED.descripcion;
INSERT INTO curriculum_objectives (id, grade_id, codigo, tipo, eje, descripcion) VALUES ('5ec2d463-98e7-4219-884a-04f0625b476d', '2635236c-08fc-4ff9-b82b-4710c08a137f', 'OA_i', 'habilidad', 'Habilidades: Pensamiento crítico', 'Fundamentar opiniones respecto de temas estudiados en el nivel, utilizando fuentes, datos y evidencia.') ON CONFLICT (id) DO UPDATE SET grade_id = EXCLUDED.grade_id, codigo = EXCLUDED.codigo, tipo = EXCLUDED.tipo, eje = EXCLUDED.eje, descripcion = EXCLUDED.descripcion;
INSERT INTO curriculum_objectives (id, grade_id, codigo, tipo, eje, descripcion) VALUES ('bc4cabb1-cde8-4543-8977-db1c469bd776', '2635236c-08fc-4ff9-b82b-4710c08a137f', 'OA_j', 'habilidad', 'Habilidades: Pensamiento crítico', 'Comparar distintos puntos de vista respecto de un mismo tema.') ON CONFLICT (id) DO UPDATE SET grade_id = EXCLUDED.grade_id, codigo = EXCLUDED.codigo, tipo = EXCLUDED.tipo, eje = EXCLUDED.eje, descripcion = EXCLUDED.descripcion;
INSERT INTO curriculum_objectives (id, grade_id, codigo, tipo, eje, descripcion) VALUES ('72fe1cf8-cb69-45ad-970a-0c66f08d4f0d', '2635236c-08fc-4ff9-b82b-4710c08a137f', 'OA_k', 'habilidad', 'Habilidades: Pensamiento crítico', 'Identificar las causas de los procesos históricos estudiados y dar ejemplos que reflejen su carácter multicausal.') ON CONFLICT (id) DO UPDATE SET grade_id = EXCLUDED.grade_id, codigo = EXCLUDED.codigo, tipo = EXCLUDED.tipo, eje = EXCLUDED.eje, descripcion = EXCLUDED.descripcion;
INSERT INTO curriculum_grades (id, subject_id, grado, label, total_objetivos) VALUES ('504481ab-664d-43d9-8e8d-0cddb587dd1a', 'dcddbbf8-21ad-4c4f-8da1-8496fdf657b1', '5', '5° Básico', 20) ON CONFLICT (id) DO UPDATE SET subject_id = EXCLUDED.subject_id, grado = EXCLUDED.grado, label = EXCLUDED.label, total_objetivos = EXCLUDED.total_objetivos;
INSERT INTO curriculum_objectives (id, grade_id, codigo, tipo, eje, descripcion) VALUES ('dea09ffb-9215-49ba-8048-29dbe4f30c9d', '504481ab-664d-43d9-8e8d-0cddb587dd1a', 'OA1', 'conocimiento', 'Historia', 'Explicar los viajes de descubrimiento de Cristóbal Colón, de Hernando de Magallanes y de algún otro explorador, considerando sus objetivos, las rutas recorridas, los avances tecnológicos que facilitaron la navegación, las dificultades y los desafíos que enfrentaron las tripulaciones y el contexto europeo general en que se desarrollaron.') ON CONFLICT (id) DO UPDATE SET grade_id = EXCLUDED.grade_id, codigo = EXCLUDED.codigo, tipo = EXCLUDED.tipo, eje = EXCLUDED.eje, descripcion = EXCLUDED.descripcion;
INSERT INTO curriculum_objectives (id, grade_id, codigo, tipo, eje, descripcion) VALUES ('bf7f80a0-5a8c-40cb-b908-f3772ce73d66', '504481ab-664d-43d9-8e8d-0cddb587dd1a', 'OA2', 'conocimiento', 'Historia', 'Describir el proceso de conquista de América y de Chile, incluyendo a los principales actores (Corona española, Iglesia católica y hombres y mujeres protagonistas, entre otros), algunas expediciones y conflictos bélicos, y la fundación de ciudades como expresión de la voluntad de los españoles de quedarse y expandirse, y reconocer en este proceso el surgimiento de una nueva sociedad.') ON CONFLICT (id) DO UPDATE SET grade_id = EXCLUDED.grade_id, codigo = EXCLUDED.codigo, tipo = EXCLUDED.tipo, eje = EXCLUDED.eje, descripcion = EXCLUDED.descripcion;
INSERT INTO curriculum_objectives (id, grade_id, codigo, tipo, eje, descripcion) VALUES ('7872f615-ce05-4b0f-ba4d-bea7786f3116', '504481ab-664d-43d9-8e8d-0cddb587dd1a', 'OA3', 'conocimiento', 'Historia', 'Analizar el impacto y las consecuencias que tuvo el proceso de conquista para Europa y para América, considerando diversos ámbitos.') ON CONFLICT (id) DO UPDATE SET grade_id = EXCLUDED.grade_id, codigo = EXCLUDED.codigo, tipo = EXCLUDED.tipo, eje = EXCLUDED.eje, descripcion = EXCLUDED.descripcion;
INSERT INTO curriculum_objectives (id, grade_id, codigo, tipo, eje, descripcion) VALUES ('9d87b15b-b754-4a7e-ac76-2dd40a88a208', '504481ab-664d-43d9-8e8d-0cddb587dd1a', 'OA4', 'conocimiento', 'Historia', 'Investigar sobre los efectos de la conquista sobre los pueblos indígenas americanos, utilizando fuentes dadas por el docente.') ON CONFLICT (id) DO UPDATE SET grade_id = EXCLUDED.grade_id, codigo = EXCLUDED.codigo, tipo = EXCLUDED.tipo, eje = EXCLUDED.eje, descripcion = EXCLUDED.descripcion;
INSERT INTO curriculum_objectives (id, grade_id, codigo, tipo, eje, descripcion) VALUES ('f2d62825-dd10-4b63-b1f8-1eafe80f9891', '504481ab-664d-43d9-8e8d-0cddb587dd1a', 'OA5', 'conocimiento', 'Historia', 'Describir algunas dimensiones de la vida colonial en Chile, como organización de la sociedad y grupos sociales, oficios y actividades económicas, costumbres y vida cotidiana, arte y celebraciones.') ON CONFLICT (id) DO UPDATE SET grade_id = EXCLUDED.grade_id, codigo = EXCLUDED.codigo, tipo = EXCLUDED.tipo, eje = EXCLUDED.eje, descripcion = EXCLUDED.descripcion;
INSERT INTO curriculum_objectives (id, grade_id, codigo, tipo, eje, descripcion) VALUES ('357f66dd-55ce-4a79-b94a-bc26b8e2e2d4', '504481ab-664d-43d9-8e8d-0cddb587dd1a', 'OA6', 'conocimiento', 'Historia', 'Explicar aspectos centrales de la Colonia, como la dependencia de las colonias americanas de la metrópoli, el rol de la Iglesia católica y el surgimiento de una sociedad mestiza.') ON CONFLICT (id) DO UPDATE SET grade_id = EXCLUDED.grade_id, codigo = EXCLUDED.codigo, tipo = EXCLUDED.tipo, eje = EXCLUDED.eje, descripcion = EXCLUDED.descripcion;
INSERT INTO curriculum_objectives (id, grade_id, codigo, tipo, eje, descripcion) VALUES ('8ed2b018-6ecc-4125-83bb-2ec65f0bd37f', '504481ab-664d-43d9-8e8d-0cddb587dd1a', 'OA7', 'conocimiento', 'Historia', 'Explicar y dar ejemplos de las distintas formas en las que españoles y mapuches se relacionaron en el período colonial, considerando resistencia mapuche y guerra de Arauco, mestizaje, formas de trabajo (como encomienda y esclavitud), evangelización, vida fronteriza y sistema de parlamentos.') ON CONFLICT (id) DO UPDATE SET grade_id = EXCLUDED.grade_id, codigo = EXCLUDED.codigo, tipo = EXCLUDED.tipo, eje = EXCLUDED.eje, descripcion = EXCLUDED.descripcion;
INSERT INTO curriculum_objectives (id, grade_id, codigo, tipo, eje, descripcion) VALUES ('3089a6e7-02c3-4707-b597-9c544fe275bf', '504481ab-664d-43d9-8e8d-0cddb587dd1a', 'OA8', 'conocimiento', 'Historia', 'Identificar, en su entorno o en fotografías, elementos del patrimonio colonial de Chile que siguen presentes hoy, como edificios, obras de arte y costumbres, entre otros.') ON CONFLICT (id) DO UPDATE SET grade_id = EXCLUDED.grade_id, codigo = EXCLUDED.codigo, tipo = EXCLUDED.tipo, eje = EXCLUDED.eje, descripcion = EXCLUDED.descripcion;
INSERT INTO curriculum_objectives (id, grade_id, codigo, tipo, eje, descripcion) VALUES ('3313130c-f43f-42f2-a79e-722655a99434', '504481ab-664d-43d9-8e8d-0cddb587dd1a', 'OA9', 'conocimiento', 'Geografía', 'Caracterizar las grandes zonas de Chile y sus paisajes (Norte Grande, Norte Chico, Zona Central, Zona Sur y Zona Austral), considerando ubicación, clima (temperatura y precipitaciones), relieve, hidrografía, población y recursos naturales, entre otros. 10 Reconocer y ubicar en mapas recursos naturales significativos de Chile, como cobre, hierro, recursos marítimos y forestales, entre otros; diferenciar recursos renovables y no renovables y explicar la importancia de cuidarlos en el marco de un desarrollo sostenible. 11 Analizar y dar ejemplos de diversas maneras en las que el trabajo de las personas, sus ideas y proyectos potencian y dan valor a los recursos naturales (por ejemplo: tecnología de riego, elaboración de vinos, uso de madera en la construcción, nuevas formas de explotación sustentable). 12 Investigar, describir y ubicar los riesgos naturales que afectan a su localidad, como sismos, maremotos, inundaciones, derrumbes y volcanismo, e identificar formas en que la comunidad puede protegerse (construcciones antisísmicas, medidas de seguridad y evacuación en el hogar, en la escuela y en los distintos espacios públicos, entre otros). er que todas las personas son sujetos de derecho, que deben ser dos por los pares, la comunidad y el Estado, y que esos derechos no dependen de características individuales, como etnia, sexo, lugar de nacimiento u otras. 14 Reconocer que los derechos generan deberes y responsabilidades en las personas y en el Estado, lo que se manifiesta, por ejemplo, en que: úlas personas deben respetar los derechos de los demás útodas las personas deben respetar las leyes úel Estado debe asegurar que las personas puedan ejercer sus derechos (a la educación, a la protección de la salud, a la libertad de expresión, a la propiedad privada y a la igualdad ante la ley, entre otros) úel Estado debe asegurar los derechos de las personas a participar en la vida pública, como el derecho a formar organizaciones de participación social (fundaciones, juntas de vecinos, etc.), a participar en partidos políticos y el derecho a sufragio, entre otros beneficios que dependen del esfuerzo, el mérito persona (como las calificaciones, los premios compañerismo, el aprecio y el reconocimiento por razgo). con acciones en su vida diaria, como: sponsabilidad (ejemplos: respetar los acuerdos estoría de música y películas, evitar el plagio escolar, nas (ejemplos: no discriminar por condiciones les o étnicas, escuchar respetuosamente opiniones os y propiedad de los demás, etc.) ivencia (ejemplos: buscar soluciones pacíficas para r empatía con los demás, etc.) onio y el medioambiente (ejemplos: realizar camdado de nuestro patrimonio, usar la energía de tomando parte en elecciones para una directiva de nciones a cada cargo, y demostrando que entienden leva consigo el desempeño de un cargo y la imporue se estimen idóneas, para mantener una buena ión del curso que permita el trabajo escolar. proyecto que solucione un problema de la comuniemas como voluntariado, gasto excesivo de agua y y cuidado del medioambiente, entre otros, y ateresupuesto. rupo de personas puede organizarse para resolver ad de vida y la de otros y lograr metas comunes; oluntariado, empresas, agrupaciones y recolección icas. damentos sobre temas de la asignatura u otros. frente a un problema o proyecto y justificar su emas relevantes y de su interés en el país y el mun- , deporte, arte y música, entre otros) por medio de') ON CONFLICT (id) DO UPDATE SET grade_id = EXCLUDED.grade_id, codigo = EXCLUDED.codigo, tipo = EXCLUDED.tipo, eje = EXCLUDED.eje, descripcion = EXCLUDED.descripcion;
INSERT INTO curriculum_objectives (id, grade_id, codigo, tipo, eje, descripcion) VALUES ('a2fd76e1-f2fc-4718-9097-c48f39527376', '504481ab-664d-43d9-8e8d-0cddb587dd1a', 'OA_a', 'habilidad', 'Habilidades: Pensamiento crítico', 'Representar e interpretar secuencias cronológicas mediante líneas de tiempo simples y paralelas, e identificar períodos y acontecimientos simultáneos.') ON CONFLICT (id) DO UPDATE SET grade_id = EXCLUDED.grade_id, codigo = EXCLUDED.codigo, tipo = EXCLUDED.tipo, eje = EXCLUDED.eje, descripcion = EXCLUDED.descripcion;
INSERT INTO curriculum_objectives (id, grade_id, codigo, tipo, eje, descripcion) VALUES ('6bce24b9-5068-4a4b-9587-7fe3f33a5fd9', '504481ab-664d-43d9-8e8d-0cddb587dd1a', 'OA_b', 'habilidad', 'Habilidades: Pensamiento temporal y espacial', 'Aplicar conceptos relacionados con el tiempo (años, décadas, siglos, períodos, hitos) y utilizarlos en relación con la historia de Chile.') ON CONFLICT (id) DO UPDATE SET grade_id = EXCLUDED.grade_id, codigo = EXCLUDED.codigo, tipo = EXCLUDED.tipo, eje = EXCLUDED.eje, descripcion = EXCLUDED.descripcion;
INSERT INTO curriculum_objectives (id, grade_id, codigo, tipo, eje, descripcion) VALUES ('caac890f-19e6-407d-b6b8-fe1b39d7112f', '504481ab-664d-43d9-8e8d-0cddb587dd1a', 'OA_c', 'habilidad', 'Habilidades: Pensamiento temporal y espacial', 'Analizar elementos de continuidad y de cambio en procesos, entre períodos históricos y en relación con la actualidad, considerando aspectos sociales, políticos, culturales y económicos.') ON CONFLICT (id) DO UPDATE SET grade_id = EXCLUDED.grade_id, codigo = EXCLUDED.codigo, tipo = EXCLUDED.tipo, eje = EXCLUDED.eje, descripcion = EXCLUDED.descripcion;
INSERT INTO curriculum_objectives (id, grade_id, codigo, tipo, eje, descripcion) VALUES ('4601c72e-dd82-4a41-b406-3a920cf1403f', '504481ab-664d-43d9-8e8d-0cddb587dd1a', 'OA_d', 'habilidad', 'Habilidades: Pensamiento temporal y espacial', 'Usar herramientas geográficas para ubicar, caracterizar y relacionar elementos del espacio geográfico, como regiones, climas, paisajes, población, recursos y riesgos naturales. mación sobre el pasado y el presente a partir de diversas rias y secundarias, identificando el contexto histórico e infiriendo la intención o la función original de estas fuentes.') ON CONFLICT (id) DO UPDATE SET grade_id = EXCLUDED.grade_id, codigo = EXCLUDED.codigo, tipo = EXCLUDED.tipo, eje = EXCLUDED.eje, descripcion = EXCLUDED.descripcion;
INSERT INTO curriculum_objectives (id, grade_id, codigo, tipo, eje, descripcion) VALUES ('682cd3a2-d841-456b-9083-ef4bec33f190', '504481ab-664d-43d9-8e8d-0cddb587dd1a', 'OA_f', 'habilidad', 'Habilidades: Análisis y trabajo con fuentes', 'Investigar sobre temas del nivel y aplicar distintas estrategias para registrar y organizar la información obtenida de dos o más fuentes sobre un tema (como organizadores gráficos, tablas, lista de ideas principales y esquemas, entre otros).') ON CONFLICT (id) DO UPDATE SET grade_id = EXCLUDED.grade_id, codigo = EXCLUDED.codigo, tipo = EXCLUDED.tipo, eje = EXCLUDED.eje, descripcion = EXCLUDED.descripcion;
INSERT INTO curriculum_objectives (id, grade_id, codigo, tipo, eje, descripcion) VALUES ('ffa69d3c-f60d-4367-b35d-20e18fa50e8a', '504481ab-664d-43d9-8e8d-0cddb587dd1a', 'OA_g', 'habilidad', 'Habilidades: Análisis y trabajo con fuentes', 'Contrastar información a partir de dos fuentes históricas y/o geográficas distintas, por medio de preguntas dirigidas, y extraer conclusiones.') ON CONFLICT (id) DO UPDATE SET grade_id = EXCLUDED.grade_id, codigo = EXCLUDED.codigo, tipo = EXCLUDED.tipo, eje = EXCLUDED.eje, descripcion = EXCLUDED.descripcion;
INSERT INTO curriculum_objectives (id, grade_id, codigo, tipo, eje, descripcion) VALUES ('49250163-8c4c-410e-a014-3ef4fe34cf5e', '504481ab-664d-43d9-8e8d-0cddb587dd1a', 'OA_h', 'habilidad', 'Habilidades: Pensamiento crítico', 'Formular y responder preguntas para profundizar sobre temas de su interés, con relación al pasado, al presente o al entorno geográfico.') ON CONFLICT (id) DO UPDATE SET grade_id = EXCLUDED.grade_id, codigo = EXCLUDED.codigo, tipo = EXCLUDED.tipo, eje = EXCLUDED.eje, descripcion = EXCLUDED.descripcion;
INSERT INTO curriculum_objectives (id, grade_id, codigo, tipo, eje, descripcion) VALUES ('feecb947-8a77-4654-bb20-a0e38ac17a72', '504481ab-664d-43d9-8e8d-0cddb587dd1a', 'OA_i', 'habilidad', 'Habilidades: Pensamiento crítico', 'Fundamentar opiniones frente a temas estudiados en el nivel, utilizando fuentes, datos y evidencia.') ON CONFLICT (id) DO UPDATE SET grade_id = EXCLUDED.grade_id, codigo = EXCLUDED.codigo, tipo = EXCLUDED.tipo, eje = EXCLUDED.eje, descripcion = EXCLUDED.descripcion;
INSERT INTO curriculum_objectives (id, grade_id, codigo, tipo, eje, descripcion) VALUES ('c7b2ef89-1051-4123-9444-6cd637dec01c', '504481ab-664d-43d9-8e8d-0cddb587dd1a', 'OA_j', 'habilidad', 'Habilidades: Pensamiento crítico', 'Comparar distintos puntos de vista respecto de un mismo tema.') ON CONFLICT (id) DO UPDATE SET grade_id = EXCLUDED.grade_id, codigo = EXCLUDED.codigo, tipo = EXCLUDED.tipo, eje = EXCLUDED.eje, descripcion = EXCLUDED.descripcion;
INSERT INTO curriculum_objectives (id, grade_id, codigo, tipo, eje, descripcion) VALUES ('1223af7d-5549-4513-9985-3c051ff1b138', '504481ab-664d-43d9-8e8d-0cddb587dd1a', 'OA_k', 'habilidad', 'Habilidades: Pensamiento crítico', 'Evaluar posibles soluciones frente a un problema o proyecto y justificar su elección.') ON CONFLICT (id) DO UPDATE SET grade_id = EXCLUDED.grade_id, codigo = EXCLUDED.codigo, tipo = EXCLUDED.tipo, eje = EXCLUDED.eje, descripcion = EXCLUDED.descripcion;
INSERT INTO curriculum_objectives (id, grade_id, codigo, tipo, eje, descripcion) VALUES ('bc69a5c3-16ce-4c99-bb22-ec3289a7bba8', '504481ab-664d-43d9-8e8d-0cddb587dd1a', 'OA_l', 'habilidad', 'Habilidades: Pensamiento crítico', 'Explicar las causas de un proceso histórico, reconociendo su carácter multicausal.') ON CONFLICT (id) DO UPDATE SET grade_id = EXCLUDED.grade_id, codigo = EXCLUDED.codigo, tipo = EXCLUDED.tipo, eje = EXCLUDED.eje, descripcion = EXCLUDED.descripcion;
INSERT INTO curriculum_grades (id, subject_id, grado, label, total_objetivos) VALUES ('078f214a-0575-4857-b67f-ab1ac8438358', 'dcddbbf8-21ad-4c4f-8da1-8496fdf657b1', '6', '6° Básico', 9) ON CONFLICT (id) DO UPDATE SET subject_id = EXCLUDED.subject_id, grado = EXCLUDED.grado, label = EXCLUDED.label, total_objetivos = EXCLUDED.total_objetivos;
INSERT INTO curriculum_objectives (id, grade_id, codigo, tipo, eje, descripcion) VALUES ('3860f3ad-2f64-425c-9948-8ec05d3a6856', '078f214a-0575-4857-b67f-ab1ac8438358', 'OA1', 'conocimiento', 'Historia', 'Explicar los múltiples antecedentes de la independencia de las colonias americanas y reconocer que la independencia de Chile se enmarca en un proceso continental.') ON CONFLICT (id) DO UPDATE SET grade_id = EXCLUDED.grade_id, codigo = EXCLUDED.codigo, tipo = EXCLUDED.tipo, eje = EXCLUDED.eje, descripcion = EXCLUDED.descripcion;
INSERT INTO curriculum_objectives (id, grade_id, codigo, tipo, eje, descripcion) VALUES ('0d47a9e4-f756-4245-a564-3897cdaee0d2', '078f214a-0575-4857-b67f-ab1ac8438358', 'OA2', 'conocimiento', 'Historia', 'Explicar el desarrollo del proceso de independencia de Chile, considerando actores y bandos que se enfrentaron, hombres y mujeres destacados, avances y retrocesos de la causa patriota, y algunos acontecimientos significativos, como la celebración del cabildo abierto de 1810 y la formación de la Primera Junta Nacional de Gobierno, la elección del primer Congreso Nacional, las batallas de Rancagua, Chacabuco y Maipú, y la Declaración de la Independencia, entre otros.') ON CONFLICT (id) DO UPDATE SET grade_id = EXCLUDED.grade_id, codigo = EXCLUDED.codigo, tipo = EXCLUDED.tipo, eje = EXCLUDED.eje, descripcion = EXCLUDED.descripcion;
INSERT INTO curriculum_objectives (id, grade_id, codigo, tipo, eje, descripcion) VALUES ('394aa37d-3690-473b-967e-89b517ef8e44', '078f214a-0575-4857-b67f-ab1ac8438358', 'OA3', 'conocimiento', 'Historia', 'Describir algunos hitos y procesos de la organización de la república, incluyendo las dificultades y los desafíos que implicó organizar en Chile una nueva forma de gobierno, el surgimiento de grupos con diferentes ideas políticas (conservadores y liberales), las características de la Constitución de 1833 y el impacto de las reformas realizadas por los liberales en la segunda mitad del siglo XIX.') ON CONFLICT (id) DO UPDATE SET grade_id = EXCLUDED.grade_id, codigo = EXCLUDED.codigo, tipo = EXCLUDED.tipo, eje = EXCLUDED.eje, descripcion = EXCLUDED.descripcion;
INSERT INTO curriculum_objectives (id, grade_id, codigo, tipo, eje, descripcion) VALUES ('4ef5e57e-43f6-409d-8766-15f34f8dd5ee', '078f214a-0575-4857-b67f-ab1ac8438358', 'OA4', 'conocimiento', 'Historia', 'Investigar sobre algunos aspectos culturales del siglo XIX, como los avances en educación y la fundación de instituciones, el aporte de intelectuales y científicos nacionales (por ejemplo, Diego Barros Arana, Benjamín Vicuña Mackenna, José Victorino Lastarria) y extranjeros (por ejemplo, Andrés Bello, Claudio Gay, Charles Darwin y María Graham), las primeras mujeres en obtener títulos universitarios y el impacto en la sociedad de la llegada del ferrocarril y de otros avances tecnológicos, entre otros.') ON CONFLICT (id) DO UPDATE SET grade_id = EXCLUDED.grade_id, codigo = EXCLUDED.codigo, tipo = EXCLUDED.tipo, eje = EXCLUDED.eje, descripcion = EXCLUDED.descripcion;
INSERT INTO curriculum_objectives (id, grade_id, codigo, tipo, eje, descripcion) VALUES ('01f9495a-7a4e-4d8d-847e-b06c08859487', '078f214a-0575-4857-b67f-ab1ac8438358', 'OA5', 'conocimiento', 'Historia', 'Describir cómo se conformó el territorio de Chile durante el siglo XIX, considerando colonizaciones europeas, la incorporación de Isla de Pascua, la ocupación de la Araucanía, la Guerra del Pacífico y diversos conflictos bélicos, entre otros factores.') ON CONFLICT (id) DO UPDATE SET grade_id = EXCLUDED.grade_id, codigo = EXCLUDED.codigo, tipo = EXCLUDED.tipo, eje = EXCLUDED.eje, descripcion = EXCLUDED.descripcion;
INSERT INTO curriculum_objectives (id, grade_id, codigo, tipo, eje, descripcion) VALUES ('8eaf2063-ee8f-468b-84d2-e2c8f793ebd7', '078f214a-0575-4857-b67f-ab1ac8438358', 'OA6', 'conocimiento', 'Historia', 'Caracterizar los principales aspectos que definieron el período de riqueza aportada por la explotación del salitre, considerando la expansión económica y el inicio de la “cuestión social”.') ON CONFLICT (id) DO UPDATE SET grade_id = EXCLUDED.grade_id, codigo = EXCLUDED.codigo, tipo = EXCLUDED.tipo, eje = EXCLUDED.eje, descripcion = EXCLUDED.descripcion;
INSERT INTO curriculum_objectives (id, grade_id, codigo, tipo, eje, descripcion) VALUES ('a546a453-277a-45a1-85ef-77911d43fd0c', '078f214a-0575-4857-b67f-ab1ac8438358', 'OA7', 'conocimiento', 'Historia', 'Explicar y dar ejemplos de la progresiva democratización de la sociedad durante el siglo XX, considerando el acceso creciente al voto, la participación de la mujer en la vida pública y el acceso a la educación y a la cultura, entre otros.') ON CONFLICT (id) DO UPDATE SET grade_id = EXCLUDED.grade_id, codigo = EXCLUDED.codigo, tipo = EXCLUDED.tipo, eje = EXCLUDED.eje, descripcion = EXCLUDED.descripcion;
INSERT INTO curriculum_objectives (id, grade_id, codigo, tipo, eje, descripcion) VALUES ('5fb83abc-bcd8-4b25-8fb3-2f096c7ab69f', '078f214a-0575-4857-b67f-ab1ac8438358', 'OA8', 'conocimiento', 'Historia', 'Comparar diferentes visiones sobre el quiebre de la democracia en Chile, el régimen o dictadura militar y el proceso de recuperación de la democracia a fines del siglo XX, considerando los distintos actores, experiencias y puntos de vista, y el consenso actual con respecto al valor de la democracia.') ON CONFLICT (id) DO UPDATE SET grade_id = EXCLUDED.grade_id, codigo = EXCLUDED.codigo, tipo = EXCLUDED.tipo, eje = EXCLUDED.eje, descripcion = EXCLUDED.descripcion;
INSERT INTO curriculum_objectives (id, grade_id, codigo, tipo, eje, descripcion) VALUES ('308af175-c8a4-4f9e-a065-d4fa3db25b93', '078f214a-0575-4857-b67f-ab1ac8438358', 'OA9', 'conocimiento', 'Historia', 'Explicar y dar ejemplos de aspectos que se mantienen y aspectos que han cambiado o se han desarrollado en la sociedad chilena a lo largo de su historia. icar elementos constitutivos del territorio nacional, considerando la localización de Chile en el mundo y su carácter tricontinental. 11 Caracterizar geográficamente las regiones político-administrativas del país, destacando los rasgos físicos (como clima, relieve, hidrografía y vegetación) y humanos (como volumen y distribución de la población y actividades económicas) que les dan unidad. 12 Comparar diversos ambientes naturales en Chile (desértico, altiplánico, costero, mediterráneo, andino, frío y lluvioso, patagónico y polar), considerando como criterios las oportunidades y las dificultades que presentan y cómo las personas las han aprovechado y superado para vivir y desarrollarse. 13 Explicar las principales características físicas, humanas y económicas de su región y de su localidad. 14 Explicar cómo han influido los desastres naturales en el desarrollo de Chile durante su historia reciente, dando ejemplos de nivel nacional y regional (sismos, volcanismo, sequía, inundaciones y derrumbes, entre otros). r algunos elementos fundamentales de la organización democrática de incluyendo: úla división de poderes del Estado úla representación mediante cargos de elección popular (concejales, alcaldes, diputados, senadores y Presidente) úla importancia de la participación ciudadana ón Política de Chile establece la organización políos derechos y las libertades de las personas, instauranrsonas tienen derechos que deben ser respetados y el Estado, lo que constituye la base para vivir en omo ejemplo algunos artículos de la Constitución y de los Derechos Humanos. eneran deberes y responsabilidades en las personas tante que es cumplirlos para la convivencia social y el intas formas en que la sociedad puede proteger a en las que no se respetan sus derechos. con acciones en su vida diaria, como: nas (ejemplos: actuar considerando la igualdad de osamente opiniones distintas, etc.) ivencia (ejemplos: proponer posibles soluciones el diálogo para plantear ideas a sus pares, alcanivamente en el logro de metas comunes, etc.) sponsabilidad (ejemplos: hablar con la verdad, acicciones y de las responsabilidades que se deriven, des asumidas, evitar la copia textual y el plagio, onio y el medioambiente (ejemplos: impulsar y pariclaje, realizar acciones en la casa y en la escuela as, etc.) a efectiva para llevar a cabo una investigación u asumiendo roles, cumpliendo las responsabilidades rdados, escuchando los argumentos de los defundamentadas y llegando a puntos de vista en tomando parte en elecciones para una directiva puestas realizadas por los diferentes aspirantes y de elegir personas responsables. es concretas, en proyectos que impliquen aportes munidad y la sociedad, como voluntariado y ayuda ndose a un plan y un presupuesto. damentos sobre temas de la asignatura u 25 Evaluar posibles soluciones frente a un problema o proyecto y justificar su elección. 26 Informarse y opinar sobre temas relevantes y de su interés en el país y el mundo (política, medioambiente, deporte, arte y música, entre otros) por medio de periódicos y TICs. conocimiento, la imagiproblemas, el pensamiento creativo, la observación y el vidad de las personas que análisis se aplicarán a necesidades, deseos y oportunidasfacer necesidades des concretas y cercanas, particularmente en el contexto , la distribución y cotidiano del alumno y en su comunidad. Abordar los objeto o producto que problemas tecnológicos cotidianos, y que estos sean efectiva, resultante de significativos para los alumnos, es el impulso inicial para rica y que responde el emprendimiento, la innovación y la creatividad. nuestra sociedad. Desarrollar el pensamiento creativo y divergente es un transformado la forma objetivo en la asignatura de Tecnología. La variedad y entre ellas, cómo diversidad de soluciones que los estudiantes propongan, nan con el medioamasí como sus cualidades estéticas, costos y beneficios, altamente influendependerán de su creatividad y su capacidad de plasrogresivamente un marla de forma concreta. Si bien la originalidad en sus r en el mundo, y para propuestas es central, la creatividad también se maniactiva y crítica. fiesta en buscar y experimentar con soluciones divergentes a problemas ya resueltos, con la finalidad de optimiura de Tecnología buszar e innovar productos tecnológicos para que cumplan la relación del ser mejor su propósito. ta comprensión imecnología, la humaEn el sentido formativo, el concepto de calidad en Tecnecesidades y deseos nología es de gran relevancia. La calidad implica trabajar rosas dimensiones. con estándares altos, buscando siempre lograr el mejor umnos observen en su producto u objeto en base a los materiales utilizados y a que los rodea, y que los procedimientos aplicados. La constante interacción argo proceso que invoentre innovación y altos estándares, acompañados por la rseverancia, el rigor, perseverancia y el trabajo riguroso, constituye un aprenbilidades prácticas. dizaje valioso para los estudiantes que tiene implicancias loren la tecnología más allá de la vida escolar. su calidad de vida, amente ligado al La asignatura de Tecnología es, además, una instancia bilidad humana, y para aplicar e integrar los conocimientos y las habilidades de diversas disciplinas. Los problemas que los alumn de este proceso, es nos buscarán solucionar tienen dimensiones técnicas, que la tecnología tiecientíficas, estéticas y sociales. Por lo tanto, requerirán iveles, la resolución de buscar conocimientos en la ciencia, las artes visuales y la Introducción 183 iones que propongan. lice mediante tópicos de las Ciencias Naturales, las Artes dquieran conocimienVisuales, la Historia y la Geografía, así como cualquier ognitivos y científicos otra asignatura, y se aprovechen las múltiples alternatiy potencien las vas en que los Objetivos de Aprendizaje pueden desarroaturas del currícullarse en forma conjunta.') ON CONFLICT (id) DO UPDATE SET grade_id = EXCLUDED.grade_id, codigo = EXCLUDED.codigo, tipo = EXCLUDED.tipo, eje = EXCLUDED.eje, descripcion = EXCLUDED.descripcion;
INSERT INTO curriculum_subjects (id, slug, nombre, total_grados) VALUES ('72f10f71-b93e-4bbe-aa83-643b5f7506ce', 'tecnologia', 'Tecnología', 6) ON CONFLICT (id) DO UPDATE SET slug = EXCLUDED.slug, nombre = EXCLUDED.nombre, total_grados = EXCLUDED.total_grados;
INSERT INTO curriculum_grades (id, subject_id, grado, label, total_objetivos) VALUES ('99c750a7-5d87-4705-b695-831ac4da0de9', '72f10f71-b93e-4bbe-aa83-643b5f7506ce', '1', '1° Básico', 4) ON CONFLICT (id) DO UPDATE SET subject_id = EXCLUDED.subject_id, grado = EXCLUDED.grado, label = EXCLUDED.label, total_objetivos = EXCLUDED.total_objetivos;
INSERT INTO curriculum_objectives (id, grade_id, codigo, tipo, eje, descripcion) VALUES ('db4cde23-1b9f-4fc6-b4d4-84b60f5b555e', '99c750a7-5d87-4705-b695-831ac4da0de9', 'OA1', 'conocimiento', 'Diseñar', 'Crear diseños de objetos tecnológicos, representando sus ideas a través de dibujos a mano alzada o modelos concretos, desde sus propias experiencias y tópicos de otras asignaturas, con orientación del profesor.') ON CONFLICT (id) DO UPDATE SET grade_id = EXCLUDED.grade_id, codigo = EXCLUDED.codigo, tipo = EXCLUDED.tipo, eje = EXCLUDED.eje, descripcion = EXCLUDED.descripcion;
INSERT INTO curriculum_objectives (id, grade_id, codigo, tipo, eje, descripcion) VALUES ('246628fa-a4cd-4b7f-8515-89bb73b1c70f', '99c750a7-5d87-4705-b695-831ac4da0de9', 'OA2', 'conocimiento', 'Fabricar y probar', 'Distinguir las tareas para elaborar un objeto tecnológico, identificando los materiales y las herramientas necesarias en cada una de ellas para lograr el resultado deseado.') ON CONFLICT (id) DO UPDATE SET grade_id = EXCLUDED.grade_id, codigo = EXCLUDED.codigo, tipo = EXCLUDED.tipo, eje = EXCLUDED.eje, descripcion = EXCLUDED.descripcion;
INSERT INTO curriculum_objectives (id, grade_id, codigo, tipo, eje, descripcion) VALUES ('52c3ad21-7f49-4ca3-9510-7fb8487db7f4', '99c750a7-5d87-4705-b695-831ac4da0de9', 'OA3', 'conocimiento', 'Fabricar y probar', 'Elaborar un objeto tecnológico según las indicaciones del profesor, seleccionando y experimentando con:') ON CONFLICT (id) DO UPDATE SET grade_id = EXCLUDED.grade_id, codigo = EXCLUDED.codigo, tipo = EXCLUDED.tipo, eje = EXCLUDED.eje, descripcion = EXCLUDED.descripcion;
INSERT INTO curriculum_objective_items (objective_id, orden, descripcion) VALUES ('52c3ad21-7f49-4ca3-9510-7fb8487db7f4', 1, 'técnicas y herramientas para medir, cortar, plegar, unir, pegar, pintar, entre otras') ON CONFLICT (objective_id, orden) DO UPDATE SET descripcion = EXCLUDED.descripcion;
INSERT INTO curriculum_objective_items (objective_id, orden, descripcion) VALUES ('52c3ad21-7f49-4ca3-9510-7fb8487db7f4', 2, 'materiales como papeles, fibras, plásticos, desechos, entre otros') ON CONFLICT (objective_id, orden) DO UPDATE SET descripcion = EXCLUDED.descripcion;
INSERT INTO curriculum_objectives (id, grade_id, codigo, tipo, eje, descripcion) VALUES ('05688dd3-9eeb-483e-b113-e06e664650ab', '99c750a7-5d87-4705-b695-831ac4da0de9', 'OA4', 'conocimiento', 'Fabricar y probar', 'Probar y explicar los resultados de los trabajos propios y de otros, de forma individual o en equipos, dialogando sobre sus ideas e identificando lo que podría hacerse de otra manera. bujo para crear y representar ideas por medio de imágenes, ente. na variedad de software educativos (simuladores, libros digitales, interactivos y creativos, entre otros) para lograr aprendizajes significativos y una interacción apropiada con las TIC.') ON CONFLICT (id) DO UPDATE SET grade_id = EXCLUDED.grade_id, codigo = EXCLUDED.codigo, tipo = EXCLUDED.tipo, eje = EXCLUDED.eje, descripcion = EXCLUDED.descripcion;
INSERT INTO curriculum_grades (id, subject_id, grado, label, total_objetivos) VALUES ('3faf89c4-580c-4c35-a03d-6e97fd788847', '72f10f71-b93e-4bbe-aa83-643b5f7506ce', '2', '2° Básico', 5) ON CONFLICT (id) DO UPDATE SET subject_id = EXCLUDED.subject_id, grado = EXCLUDED.grado, label = EXCLUDED.label, total_objetivos = EXCLUDED.total_objetivos;
INSERT INTO curriculum_objectives (id, grade_id, codigo, tipo, eje, descripcion) VALUES ('b506214f-aa84-463d-8637-f0e64363101c', '3faf89c4-580c-4c35-a03d-6e97fd788847', 'OA1', 'conocimiento', 'Diseñar', 'Crear diseños de objetos tecnológicos, representando sus ideas a través de dibujos a mano alzada o modelos concretos, desde ámbitos cercanos y tópicos de otras asignaturas, con orientación del profesor.') ON CONFLICT (id) DO UPDATE SET grade_id = EXCLUDED.grade_id, codigo = EXCLUDED.codigo, tipo = EXCLUDED.tipo, eje = EXCLUDED.eje, descripcion = EXCLUDED.descripcion;
INSERT INTO curriculum_objectives (id, grade_id, codigo, tipo, eje, descripcion) VALUES ('76fd1a25-f214-4b26-8fac-c006b40ee872', '3faf89c4-580c-4c35-a03d-6e97fd788847', 'OA2', 'conocimiento', 'Fabricar y probar', 'Organizar las tareas para elaborar un objeto tecnológico, distinguiendo las acciones, los materiales y las herramientas necesarias para lograr el resultado deseado.') ON CONFLICT (id) DO UPDATE SET grade_id = EXCLUDED.grade_id, codigo = EXCLUDED.codigo, tipo = EXCLUDED.tipo, eje = EXCLUDED.eje, descripcion = EXCLUDED.descripcion;
INSERT INTO curriculum_objectives (id, grade_id, codigo, tipo, eje, descripcion) VALUES ('4d71a147-96b9-4082-802d-e5060657bd54', '3faf89c4-580c-4c35-a03d-6e97fd788847', 'OA3', 'conocimiento', 'Fabricar y probar', 'Elaborar un objeto tecnológico según las indicaciones del profesor, seleccionando y experimentando con:') ON CONFLICT (id) DO UPDATE SET grade_id = EXCLUDED.grade_id, codigo = EXCLUDED.codigo, tipo = EXCLUDED.tipo, eje = EXCLUDED.eje, descripcion = EXCLUDED.descripcion;
INSERT INTO curriculum_objective_items (objective_id, orden, descripcion) VALUES ('4d71a147-96b9-4082-802d-e5060657bd54', 1, 'técnicas y herramientas para medir, cortar, plegar, unir, pegar, pintar, entre otras') ON CONFLICT (objective_id, orden) DO UPDATE SET descripcion = EXCLUDED.descripcion;
INSERT INTO curriculum_objective_items (objective_id, orden, descripcion) VALUES ('4d71a147-96b9-4082-802d-e5060657bd54', 2, 'materiales como papeles, fibras, plásticos, desechos, entre otros') ON CONFLICT (objective_id, orden) DO UPDATE SET descripcion = EXCLUDED.descripcion;
INSERT INTO curriculum_objectives (id, grade_id, codigo, tipo, eje, descripcion) VALUES ('041a5df0-aab6-47b7-9113-1595ef851a6b', '3faf89c4-580c-4c35-a03d-6e97fd788847', 'OA4', 'conocimiento', 'Fabricar y probar', 'Probar y explicar los resultados de los trabajos propios y de otros, de forma individual o en equipos, dialogando sobre sus ideas y señalando cómo podría mejorar el trabajo en el futuro. bujo para crear y representar diferentes ideas por medio de textos para crear, editar y guardar información.') ON CONFLICT (id) DO UPDATE SET grade_id = EXCLUDED.grade_id, codigo = EXCLUDED.codigo, tipo = EXCLUDED.tipo, eje = EXCLUDED.eje, descripcion = EXCLUDED.descripcion;
INSERT INTO curriculum_objectives (id, grade_id, codigo, tipo, eje, descripcion) VALUES ('f099d0bb-3ab0-473a-bda5-69f39e839dce', '3faf89c4-580c-4c35-a03d-6e97fd788847', 'OA7', 'conocimiento', 'Fabricar y probar', 'Usar internet para acceder y extraer información siguiendo las indicaciones del profesor y considerando la seguridad de la fuente.') ON CONFLICT (id) DO UPDATE SET grade_id = EXCLUDED.grade_id, codigo = EXCLUDED.codigo, tipo = EXCLUDED.tipo, eje = EXCLUDED.eje, descripcion = EXCLUDED.descripcion;
INSERT INTO curriculum_grades (id, subject_id, grado, label, total_objetivos) VALUES ('48ff4727-a126-41df-9dff-fd086644ce51', '72f10f71-b93e-4bbe-aa83-643b5f7506ce', '3', '3° Básico', 5) ON CONFLICT (id) DO UPDATE SET subject_id = EXCLUDED.subject_id, grado = EXCLUDED.grado, label = EXCLUDED.label, total_objetivos = EXCLUDED.total_objetivos;
INSERT INTO curriculum_objectives (id, grade_id, codigo, tipo, eje, descripcion) VALUES ('5740c28f-5890-42a5-9120-036f88b0140b', '48ff4727-a126-41df-9dff-fd086644ce51', 'OA1', 'conocimiento', 'Diseñar', 'Crear diseños de objetos o sistemas tecnológicos simples para resolver problemas:') ON CONFLICT (id) DO UPDATE SET grade_id = EXCLUDED.grade_id, codigo = EXCLUDED.codigo, tipo = EXCLUDED.tipo, eje = EXCLUDED.eje, descripcion = EXCLUDED.descripcion;
INSERT INTO curriculum_objective_items (objective_id, orden, descripcion) VALUES ('5740c28f-5890-42a5-9120-036f88b0140b', 1, 'desde diversos ámbitos tecnológicos y tópicos de otras asignaturas') ON CONFLICT (objective_id, orden) DO UPDATE SET descripcion = EXCLUDED.descripcion;
INSERT INTO curriculum_objective_items (objective_id, orden, descripcion) VALUES ('5740c28f-5890-42a5-9120-036f88b0140b', 2, 'representando sus ideas a través de dibujos a mano alzada, modelos concretos o usando TIC') ON CONFLICT (objective_id, orden) DO UPDATE SET descripcion = EXCLUDED.descripcion;
INSERT INTO curriculum_objective_items (objective_id, orden, descripcion) VALUES ('5740c28f-5890-42a5-9120-036f88b0140b', 3, 'explorando y combinando productos existentes') ON CONFLICT (objective_id, orden) DO UPDATE SET descripcion = EXCLUDED.descripcion;
INSERT INTO curriculum_objectives (id, grade_id, codigo, tipo, eje, descripcion) VALUES ('418f1b3f-1912-4cba-a424-83d04490a722', '48ff4727-a126-41df-9dff-fd086644ce51', 'OA2', 'conocimiento', 'Fabricar y probar', 'Planificar la elaboración de un objeto tecnológico, incorporando la secuencia de acciones, materiales, herramientas, técnicas y medidas de seguridad necesarias para lograr el resultado deseado.') ON CONFLICT (id) DO UPDATE SET grade_id = EXCLUDED.grade_id, codigo = EXCLUDED.codigo, tipo = EXCLUDED.tipo, eje = EXCLUDED.eje, descripcion = EXCLUDED.descripcion;
INSERT INTO curriculum_objectives (id, grade_id, codigo, tipo, eje, descripcion) VALUES ('ca4f2808-48a5-4aaa-b1f2-c545f7b280e9', '48ff4727-a126-41df-9dff-fd086644ce51', 'OA3', 'conocimiento', 'Fabricar y probar', 'Elaborar un objeto tecnológico para resolver problemas, seleccionando y demostrando dominio de:') ON CONFLICT (id) DO UPDATE SET grade_id = EXCLUDED.grade_id, codigo = EXCLUDED.codigo, tipo = EXCLUDED.tipo, eje = EXCLUDED.eje, descripcion = EXCLUDED.descripcion;
INSERT INTO curriculum_objective_items (objective_id, orden, descripcion) VALUES ('ca4f2808-48a5-4aaa-b1f2-c545f7b280e9', 1, 'técnicas y herramientas para medir, marcar, cortar, plegar, unir, pegar, pintar, entre otras') ON CONFLICT (objective_id, orden) DO UPDATE SET descripcion = EXCLUDED.descripcion;
INSERT INTO curriculum_objective_items (objective_id, orden, descripcion) VALUES ('ca4f2808-48a5-4aaa-b1f2-c545f7b280e9', 2, 'materiales como papeles, cartones, fibras, plásticos, cerámicos, desechos, entre otros') ON CONFLICT (objective_id, orden) DO UPDATE SET descripcion = EXCLUDED.descripcion;
INSERT INTO curriculum_objectives (id, grade_id, codigo, tipo, eje, descripcion) VALUES ('4bc4941e-fb3e-4bb2-bee4-b9278de5118d', '48ff4727-a126-41df-9dff-fd086644ce51', 'OA4', 'conocimiento', 'Fabricar y probar', 'Probar y evaluar la calidad de los trabajos propios o de otros, de forma individual o en equipos, aplicando criterios técnicos, medioambientales y de seguridad y dialogando sobre sus resultados e ideas de mejoramiento. esentación para organizar y comunicar ideas con diferentes ción. procesador de textos para crear, editar, dar formato y guardar informa-') ON CONFLICT (id) DO UPDATE SET grade_id = EXCLUDED.grade_id, codigo = EXCLUDED.codigo, tipo = EXCLUDED.tipo, eje = EXCLUDED.eje, descripcion = EXCLUDED.descripcion;
INSERT INTO curriculum_objectives (id, grade_id, codigo, tipo, eje, descripcion) VALUES ('a4314798-704e-4e49-b0f4-a012d0b7c3ce', '48ff4727-a126-41df-9dff-fd086644ce51', 'OA7', 'conocimiento', 'Fabricar y probar', 'Usar internet y buscadores para localizar, extraer y almacenar información, considerando la seguridad de la fuente.') ON CONFLICT (id) DO UPDATE SET grade_id = EXCLUDED.grade_id, codigo = EXCLUDED.codigo, tipo = EXCLUDED.tipo, eje = EXCLUDED.eje, descripcion = EXCLUDED.descripcion;
INSERT INTO curriculum_grades (id, subject_id, grado, label, total_objetivos) VALUES ('fcc99dbe-b241-4814-9e84-f5940de1b5df', '72f10f71-b93e-4bbe-aa83-643b5f7506ce', '4', '4° Básico', 6) ON CONFLICT (id) DO UPDATE SET subject_id = EXCLUDED.subject_id, grado = EXCLUDED.grado, label = EXCLUDED.label, total_objetivos = EXCLUDED.total_objetivos;
INSERT INTO curriculum_objectives (id, grade_id, codigo, tipo, eje, descripcion) VALUES ('3cd5cd97-66a4-4613-8ab6-bcd104496062', 'fcc99dbe-b241-4814-9e84-f5940de1b5df', 'OA1', 'conocimiento', 'Diseñar', 'Crear diseños de objetos o sistemas tecnológicos simples para resolver problemas:') ON CONFLICT (id) DO UPDATE SET grade_id = EXCLUDED.grade_id, codigo = EXCLUDED.codigo, tipo = EXCLUDED.tipo, eje = EXCLUDED.eje, descripcion = EXCLUDED.descripcion;
INSERT INTO curriculum_objective_items (objective_id, orden, descripcion) VALUES ('3cd5cd97-66a4-4613-8ab6-bcd104496062', 1, 'desde diversos ámbitos tecnológicos y tópicos de otras asignaturas') ON CONFLICT (objective_id, orden) DO UPDATE SET descripcion = EXCLUDED.descripcion;
INSERT INTO curriculum_objective_items (objective_id, orden, descripcion) VALUES ('3cd5cd97-66a4-4613-8ab6-bcd104496062', 2, 'representando sus ideas a través de dibujos a mano alzada, dibujo técnico o usando TIC') ON CONFLICT (objective_id, orden) DO UPDATE SET descripcion = EXCLUDED.descripcion;
INSERT INTO curriculum_objective_items (objective_id, orden, descripcion) VALUES ('3cd5cd97-66a4-4613-8ab6-bcd104496062', 3, 'explorando y transformando productos existentes') ON CONFLICT (objective_id, orden) DO UPDATE SET descripcion = EXCLUDED.descripcion;
INSERT INTO curriculum_objectives (id, grade_id, codigo, tipo, eje, descripcion) VALUES ('66c0a61d-07e8-4874-96af-ecbb1aa5849f', 'fcc99dbe-b241-4814-9e84-f5940de1b5df', 'OA2', 'conocimiento', 'Fabricar y probar', 'Planificar la elaboración de un objeto tecnológico, incorporando la secuencia de acciones, materiales, herramientas, técnicas y medidas de seguridad necesarias para lograr el resultado deseado, y discutiendo las implicancias ambientales de los recursos utilizados.') ON CONFLICT (id) DO UPDATE SET grade_id = EXCLUDED.grade_id, codigo = EXCLUDED.codigo, tipo = EXCLUDED.tipo, eje = EXCLUDED.eje, descripcion = EXCLUDED.descripcion;
INSERT INTO curriculum_objectives (id, grade_id, codigo, tipo, eje, descripcion) VALUES ('91ee0a3e-8e0b-4034-b368-f80b8d47bd94', 'fcc99dbe-b241-4814-9e84-f5940de1b5df', 'OA3', 'conocimiento', 'Fabricar y probar', 'Elaborar un objeto tecnológico para resolver problemas, seleccionando y demostrando dominio de:') ON CONFLICT (id) DO UPDATE SET grade_id = EXCLUDED.grade_id, codigo = EXCLUDED.codigo, tipo = EXCLUDED.tipo, eje = EXCLUDED.eje, descripcion = EXCLUDED.descripcion;
INSERT INTO curriculum_objective_items (objective_id, orden, descripcion) VALUES ('91ee0a3e-8e0b-4034-b368-f80b8d47bd94', 1, 'técnicas y herramientas para medir, marcar, cortar, unir, pintar, perforar, serrar, plegar y pegar, entre otras') ON CONFLICT (objective_id, orden) DO UPDATE SET descripcion = EXCLUDED.descripcion;
INSERT INTO curriculum_objective_items (objective_id, orden, descripcion) VALUES ('91ee0a3e-8e0b-4034-b368-f80b8d47bd94', 2, 'materiales como papeles, cartones, maderas, fibras, plásticos, cerámicos, desechos, entre otros') ON CONFLICT (objective_id, orden) DO UPDATE SET descripcion = EXCLUDED.descripcion;
INSERT INTO curriculum_objectives (id, grade_id, codigo, tipo, eje, descripcion) VALUES ('1eff907b-e547-46c8-841d-ac34acf51585', 'fcc99dbe-b241-4814-9e84-f5940de1b5df', 'OA4', 'conocimiento', 'Fabricar y probar', 'Probar y evaluar la calidad de los trabajos propios o de otros, de forma individual o en equipos, aplicando criterios de funcionamiento, técnicos, medioambientales y de seguridad, y dialogando sobre sus resultados e ideas de mejoramiento. organizar y comunicar ideas e información con diferentes : programas de presentación para mostrar imágenes, diagramas y textos,') ON CONFLICT (id) DO UPDATE SET grade_id = EXCLUDED.grade_id, codigo = EXCLUDED.codigo, tipo = EXCLUDED.tipo, eje = EXCLUDED.eje, descripcion = EXCLUDED.descripcion;
INSERT INTO curriculum_objective_items (objective_id, orden, descripcion) VALUES ('1eff907b-e547-46c8-841d-ac34acf51585', 1, 'hojas de cálculo para ordenar datos y elaborar gráficos simples') ON CONFLICT (objective_id, orden) DO UPDATE SET descripcion = EXCLUDED.descripcion;
INSERT INTO curriculum_objectives (id, grade_id, codigo, tipo, eje, descripcion) VALUES ('779904e2-f7a4-43ec-ab79-4d97050c8eba', 'fcc99dbe-b241-4814-9e84-f5940de1b5df', 'OA6', 'conocimiento', 'Fabricar y probar', 'Usar procesador de textos para crear, editar, dar formato, incorporar elementos de diseño y guardar un documento.') ON CONFLICT (id) DO UPDATE SET grade_id = EXCLUDED.grade_id, codigo = EXCLUDED.codigo, tipo = EXCLUDED.tipo, eje = EXCLUDED.eje, descripcion = EXCLUDED.descripcion;
INSERT INTO curriculum_objectives (id, grade_id, codigo, tipo, eje, descripcion) VALUES ('909c1f22-75c8-4688-b041-28d8d57b8a99', 'fcc99dbe-b241-4814-9e84-f5940de1b5df', 'OA7', 'conocimiento', 'Fabricar y probar', 'Usar internet y buscadores para localizar, extraer, evaluar y almacenar información, considerando la seguridad de la fuente.') ON CONFLICT (id) DO UPDATE SET grade_id = EXCLUDED.grade_id, codigo = EXCLUDED.codigo, tipo = EXCLUDED.tipo, eje = EXCLUDED.eje, descripcion = EXCLUDED.descripcion;
INSERT INTO curriculum_grades (id, subject_id, grado, label, total_objetivos) VALUES ('af7273d3-d6e1-4bc6-a660-a3641f6d52a9', '72f10f71-b93e-4bbe-aa83-643b5f7506ce', '5', '5° Básico', 6) ON CONFLICT (id) DO UPDATE SET subject_id = EXCLUDED.subject_id, grado = EXCLUDED.grado, label = EXCLUDED.label, total_objetivos = EXCLUDED.total_objetivos;
INSERT INTO curriculum_objectives (id, grade_id, codigo, tipo, eje, descripcion) VALUES ('431172e4-337b-475f-94df-aca11426c95e', 'af7273d3-d6e1-4bc6-a660-a3641f6d52a9', 'OA1', 'conocimiento', 'Diseñar', 'Crear diseños de objetos o sistemas tecnológicos para resolver problemas o aprovechar oportunidades:') ON CONFLICT (id) DO UPDATE SET grade_id = EXCLUDED.grade_id, codigo = EXCLUDED.codigo, tipo = EXCLUDED.tipo, eje = EXCLUDED.eje, descripcion = EXCLUDED.descripcion;
INSERT INTO curriculum_objective_items (objective_id, orden, descripcion) VALUES ('431172e4-337b-475f-94df-aca11426c95e', 1, 'desde diversos ámbitos tecnológicos y tópicos de otras asignaturas') ON CONFLICT (objective_id, orden) DO UPDATE SET descripcion = EXCLUDED.descripcion;
INSERT INTO curriculum_objective_items (objective_id, orden, descripcion) VALUES ('431172e4-337b-475f-94df-aca11426c95e', 2, 'representando sus ideas a través de dibujos a mano alzada, dibujo técnico o usando TIC') ON CONFLICT (objective_id, orden) DO UPDATE SET descripcion = EXCLUDED.descripcion;
INSERT INTO curriculum_objective_items (objective_id, orden, descripcion) VALUES ('431172e4-337b-475f-94df-aca11426c95e', 3, 'analizando y modificando productos') ON CONFLICT (objective_id, orden) DO UPDATE SET descripcion = EXCLUDED.descripcion;
INSERT INTO curriculum_objectives (id, grade_id, codigo, tipo, eje, descripcion) VALUES ('3e710b2c-21ee-40e4-8e21-46f6a87980a7', 'af7273d3-d6e1-4bc6-a660-a3641f6d52a9', 'OA2', 'conocimiento', 'Fabricar y probar', 'Planificar la elaboración de objetos tecnológicos, incorporando la secuencia de acciones, materiales, herramientas, técnicas y medidas de seguridad necesarias o alternativas para lograr el resultado deseado, discutiendo las implicancias ambientales y sociales de los recursos utilizados.') ON CONFLICT (id) DO UPDATE SET grade_id = EXCLUDED.grade_id, codigo = EXCLUDED.codigo, tipo = EXCLUDED.tipo, eje = EXCLUDED.eje, descripcion = EXCLUDED.descripcion;
INSERT INTO curriculum_objectives (id, grade_id, codigo, tipo, eje, descripcion) VALUES ('e65ed9e1-e65a-44c8-8c54-7d67dd87207f', 'af7273d3-d6e1-4bc6-a660-a3641f6d52a9', 'OA3', 'conocimiento', 'Fabricar y probar', 'Elaborar un producto tecnológico para resolver problemas y aprovechar oportunidades, seleccionando y demostrando dominio en el uso de:') ON CONFLICT (id) DO UPDATE SET grade_id = EXCLUDED.grade_id, codigo = EXCLUDED.codigo, tipo = EXCLUDED.tipo, eje = EXCLUDED.eje, descripcion = EXCLUDED.descripcion;
INSERT INTO curriculum_objective_items (objective_id, orden, descripcion) VALUES ('e65ed9e1-e65a-44c8-8c54-7d67dd87207f', 1, 'técnicas y herramientas para medir, marcar, cortar, unir, pegar, mezclar, lijar, serrar, perforar y pintar, entre otras') ON CONFLICT (objective_id, orden) DO UPDATE SET descripcion = EXCLUDED.descripcion;
INSERT INTO curriculum_objective_items (objective_id, orden, descripcion) VALUES ('e65ed9e1-e65a-44c8-8c54-7d67dd87207f', 2, 'materiales como papeles, cartones, maderas, fibras, plásticos, cerámicos, metales, desechos, entre otros') ON CONFLICT (objective_id, orden) DO UPDATE SET descripcion = EXCLUDED.descripcion;
INSERT INTO curriculum_objectives (id, grade_id, codigo, tipo, eje, descripcion) VALUES ('aee6fc68-b383-4502-b0fb-d8dccbc81d14', 'af7273d3-d6e1-4bc6-a660-a3641f6d52a9', 'OA4', 'conocimiento', 'Fabricar y probar', 'Probar y evaluar la calidad de los trabajos propios o de otros, de forma individual o en equipos, aplicando criterios de funcionamiento, técnicos, medioambientales, estéticos y de seguridad, y dialogando sobre sus resultados e ideas de mejoramiento. organizar y comunicar los resultados de investigaciones e con diferentes propósitos, mediante: programas de presentación para mostrar imágenes, diagramas y textos,') ON CONFLICT (id) DO UPDATE SET grade_id = EXCLUDED.grade_id, codigo = EXCLUDED.codigo, tipo = EXCLUDED.tipo, eje = EXCLUDED.eje, descripcion = EXCLUDED.descripcion;
INSERT INTO curriculum_objective_items (objective_id, orden, descripcion) VALUES ('aee6fc68-b383-4502-b0fb-d8dccbc81d14', 1, 'hojas de cálculo para elaborar tablas de doble entrada y elaborar gráficos de barra y línea, entre otros') ON CONFLICT (objective_id, orden) DO UPDATE SET descripcion = EXCLUDED.descripcion;
INSERT INTO curriculum_objectives (id, grade_id, codigo, tipo, eje, descripcion) VALUES ('7c9872d5-30df-476f-ba29-96e71d9a67f1', 'af7273d3-d6e1-4bc6-a660-a3641f6d52a9', 'OA6', 'conocimiento', 'Fabricar y probar', 'Usar procesador de textos para crear, editar, dar formato, incorporar elementos de diseño y guardar un documento.') ON CONFLICT (id) DO UPDATE SET grade_id = EXCLUDED.grade_id, codigo = EXCLUDED.codigo, tipo = EXCLUDED.tipo, eje = EXCLUDED.eje, descripcion = EXCLUDED.descripcion;
INSERT INTO curriculum_objectives (id, grade_id, codigo, tipo, eje, descripcion) VALUES ('d1020d15-b4e5-4cbe-ab09-27d1c48d56b4', 'af7273d3-d6e1-4bc6-a660-a3641f6d52a9', 'OA7', 'conocimiento', 'Fabricar y probar', 'Usar internet y comunicación en línea para compartir información de diferente carácter con otras personas, considerando la seguridad de la fuente y las normas de privacidad.') ON CONFLICT (id) DO UPDATE SET grade_id = EXCLUDED.grade_id, codigo = EXCLUDED.codigo, tipo = EXCLUDED.tipo, eje = EXCLUDED.eje, descripcion = EXCLUDED.descripcion;
INSERT INTO curriculum_grades (id, subject_id, grado, label, total_objetivos) VALUES ('0ff02ad0-4167-4608-824a-34f8a94a699a', '72f10f71-b93e-4bbe-aa83-643b5f7506ce', '6', '6° Básico', 16) ON CONFLICT (id) DO UPDATE SET subject_id = EXCLUDED.subject_id, grado = EXCLUDED.grado, label = EXCLUDED.label, total_objetivos = EXCLUDED.total_objetivos;
INSERT INTO curriculum_objectives (id, grade_id, codigo, tipo, eje, descripcion) VALUES ('6d2c07fe-2c5a-48ab-a2b9-6b93315d5454', '0ff02ad0-4167-4608-824a-34f8a94a699a', 'OA1', 'conocimiento', 'Diseñar', 'Crear diseños de objetos y sistemas tecnológicos para resolver problemas o aprovechar oportunidades:') ON CONFLICT (id) DO UPDATE SET grade_id = EXCLUDED.grade_id, codigo = EXCLUDED.codigo, tipo = EXCLUDED.tipo, eje = EXCLUDED.eje, descripcion = EXCLUDED.descripcion;
INSERT INTO curriculum_objective_items (objective_id, orden, descripcion) VALUES ('6d2c07fe-2c5a-48ab-a2b9-6b93315d5454', 1, 'desde diversos ámbitos tecnológicos determinados y tópicos de otras asignaturas') ON CONFLICT (objective_id, orden) DO UPDATE SET descripcion = EXCLUDED.descripcion;
INSERT INTO curriculum_objective_items (objective_id, orden, descripcion) VALUES ('6d2c07fe-2c5a-48ab-a2b9-6b93315d5454', 2, 'representando sus ideas a través de dibujos a mano alzada, dibujo técnico o usando TIC') ON CONFLICT (objective_id, orden) DO UPDATE SET descripcion = EXCLUDED.descripcion;
INSERT INTO curriculum_objective_items (objective_id, orden, descripcion) VALUES ('6d2c07fe-2c5a-48ab-a2b9-6b93315d5454', 3, 'innovando con productos') ON CONFLICT (objective_id, orden) DO UPDATE SET descripcion = EXCLUDED.descripcion;
INSERT INTO curriculum_objectives (id, grade_id, codigo, tipo, eje, descripcion) VALUES ('14da74e1-e1b3-4213-ae01-bff8e5554ca3', '0ff02ad0-4167-4608-824a-34f8a94a699a', 'OA2', 'conocimiento', 'Fabricar y probar', 'Planificar la elaboración de objetos o servicios tecnológicos, incorporando la secuencia de acciones, tiempos, costos y recursos necesarios o alternativos para lograr el resultado deseado, y discutiendo las implicancias ambientales y sociales de los elementos considerados.') ON CONFLICT (id) DO UPDATE SET grade_id = EXCLUDED.grade_id, codigo = EXCLUDED.codigo, tipo = EXCLUDED.tipo, eje = EXCLUDED.eje, descripcion = EXCLUDED.descripcion;
INSERT INTO curriculum_objectives (id, grade_id, codigo, tipo, eje, descripcion) VALUES ('2e0c0336-70ae-4b63-8e60-8a7dab28c837', '0ff02ad0-4167-4608-824a-34f8a94a699a', 'OA3', 'conocimiento', 'Fabricar y probar', 'Elaborar un producto tecnológico para resolver problemas y aprovechar oportunidades, seleccionando y demostrando dominio en el uso de:') ON CONFLICT (id) DO UPDATE SET grade_id = EXCLUDED.grade_id, codigo = EXCLUDED.codigo, tipo = EXCLUDED.tipo, eje = EXCLUDED.eje, descripcion = EXCLUDED.descripcion;
INSERT INTO curriculum_objective_items (objective_id, orden, descripcion) VALUES ('2e0c0336-70ae-4b63-8e60-8a7dab28c837', 1, 'técnicas y herramientas para medir, marcar, cortar, unir, pegar, perforar, mezclar, lijar, serrar y pintar, entre otras') ON CONFLICT (objective_id, orden) DO UPDATE SET descripcion = EXCLUDED.descripcion;
INSERT INTO curriculum_objective_items (objective_id, orden, descripcion) VALUES ('2e0c0336-70ae-4b63-8e60-8a7dab28c837', 2, 'materiales como papeles, cartones, maderas, fibras, plásticos, cerámicos, metales, desechos, entre otros') ON CONFLICT (objective_id, orden) DO UPDATE SET descripcion = EXCLUDED.descripcion;
INSERT INTO curriculum_objectives (id, grade_id, codigo, tipo, eje, descripcion) VALUES ('e304ffc7-09bd-423f-937a-c2c0d126b34f', '0ff02ad0-4167-4608-824a-34f8a94a699a', 'OA4', 'conocimiento', 'Fabricar y probar', 'Probar y evaluar la calidad de los trabajos propios o de otros, de forma individual o en equipos, aplicando criterios de funcionamiento, técnicos, medioambientales, estéticos y de seguridad, dialogando sobre sus resultados y aplicando correcciones según corresponda. organizar y comunicar los resultados de investigaciones e con diferentes propósitos, mediante: programas de presentación para mostrar imágenes, diagramas y textos,') ON CONFLICT (id) DO UPDATE SET grade_id = EXCLUDED.grade_id, codigo = EXCLUDED.codigo, tipo = EXCLUDED.tipo, eje = EXCLUDED.eje, descripcion = EXCLUDED.descripcion;
INSERT INTO curriculum_objective_items (objective_id, orden, descripcion) VALUES ('e304ffc7-09bd-423f-937a-c2c0d126b34f', 1, 'hojas de cálculo para elaborar tablas de doble entrada y diseñar gráficos de barra simple y doble, circulares y de línea, entre otros') ON CONFLICT (objective_id, orden) DO UPDATE SET descripcion = EXCLUDED.descripcion;
INSERT INTO curriculum_objectives (id, grade_id, codigo, tipo, eje, descripcion) VALUES ('f0e5bcaf-9c31-4ea0-b38f-ab33b990cbfa', '0ff02ad0-4167-4608-824a-34f8a94a699a', 'OA6', 'conocimiento', 'Fabricar y probar', 'Usar procesador de textos para crear, editar, dar formato, incorporar elementos de diseño, revisar y guardar un documento.') ON CONFLICT (id) DO UPDATE SET grade_id = EXCLUDED.grade_id, codigo = EXCLUDED.codigo, tipo = EXCLUDED.tipo, eje = EXCLUDED.eje, descripcion = EXCLUDED.descripcion;
INSERT INTO curriculum_objectives (id, grade_id, codigo, tipo, eje, descripcion) VALUES ('04fe60a5-ccf6-4451-ac35-df43fcb7874f', '0ff02ad0-4167-4608-824a-34f8a94a699a', 'OA7', 'conocimiento', 'Fabricar y probar', 'Usar internet y comunicación en línea para compartir y publicar información de diferente carácter con otras personas, considerando la seguridad de la fuente y las normas de privacidad y de uso. gnatura es enriquecer Su aprendizaje involucra desarrollar capacidades cogilitar la selección de nitivas clave, como visualizar, representar, modelar y s y contribuir al desaresolver problemas, simular y conjeturar, reconocer utónomo en todos los estructuras y procesos. Asimismo, amplía el pensamienopciones de vida y de to intuitivo y forma el deductivo y lógico. La matemática a escolar. La matemática constituye un dominio privilegiado para perfeccionar y les para analizar la practicar el sentido común, el espíritu crítico, la capaen noticias, opiniocidad de argumentación, la perseverancia y el trabajo aportando al desarrocolaborativo. Está siempre presente en la vida cotidiana, ción, razonamiento y explícita o implícitamente, y juega un papel fundaollo del pensamienmental en la toma de decisiones. Es una herramienta ática. La matemática imprescindible en las ciencias naturales, la tecnología, la en su capacidad para medicina y las ciencias sociales, entre otras. Es, asimisstrategias personales mo, un lenguaje universal que trasciende fronteras y situaciones concretas, abre puertas para comunicarse con el mundo. la actividad mateática de alternativas, La matemática no es un cuerpo fijo e inmutable de conoos, la flexibilidad para cimientos, hechos y procedimientos que se aprenden a dencias, la precisión recitar. Hacer matemáticas no consiste simplemente en en la búsqueda de calcular las respuestas a problemas propuestos, usando un repertorio específico de técnicas probadas. En otras palabras, es una ciencia que exige explorar y experimenpecto importante de tar, descubriendo patrones, configuraciones, estructuras na cuya construcción y dinámicas. ecesidad y el deseo s provenientes de los Se trata de una disciplina creativa, multifacética en sus nder matemática es aspectos cognitivos, afectivos y sociales, que es acceiudadanos críticos y sible a los niños desde la educación básica, que puede intetizar, interpretar y brindar momentos de entusiasmo al estudiante cuando complejas; dispuesse enfrenta a un desafío, de alegría y sorpresa cuando os tipos, ya que les descubre una solución a simple vista, o de triunfo cuando ra darle sentido al logra resolver una situación difícil. a les ayudará a resolLos estudiantes de todas las edades necesitan dar ipar responsablemente sentido a los contenidos matemáticos que aprenden, les suministrará una base para que puedan construir su propio significado de la a o profesional. matemática. Especialmente en los primeros niveles, Introducción 215 los estudiantes La resolución de problemas es el foco de la enseñanza ndo una variedad de la Matemática. Se busca promover el desarrollo de . La formación de formas de pensamiento y de acción que posibiliten a ir de las experienlos estudiantes procesar información proveniente de s. Por ejemplo, en la realidad y así profundizar su comprensión acerca de e material concreto ella y de los conceptos aprendidos. Contextualizar el iones reversibles, aprendizaje mediante problemas reales relaciona la de comprobar matemática con situaciones concretas, y facilita así un gunos hechos. El aprendizaje significativo de contenidos matemáticos bólica es más sólido fundamentales. Resolver problemas da al estudiante la lo concreto se ocasión de enfrentarse a situaciones desafiantes que s y representarequieren, para su resolución, variadas habilidades, avanzar progresivadestrezas y conocimientos que no siguen esquemas -abstracto. Las prefijados y, de esta manera, contribuye a desarrollar s analogías juegan confianza en las capacidades propias de aprender y de ndizaje, que da al enfrentar situaciones, lo que genera, además, actitudes us propios conceppositivas hacia el aprendizaje. La resolución de problematemática se mas permite, asimismo, que el profesor perciba el tipo etivos de Aprendide pensamiento matemático de sus alumnos cuando ntemente esa ellos seleccionan diversas estrategias cognitivas y las rico (icónico) y a lo comunican. De este modo, obtiene evidencia muy redos, que se denolevante para apoyar y ajustar la enseñanza a las necesidades de ellos. Los Objetivos de Aprendizaje se orientan también a desarrollar en los estudiantes las destrezas de habilidades básicos cálculo. A pesar de que existen hoy métodos automálumno los descuticos para calcular, las destrezas de cálculo, particularmente en ámbitos mente el cálculo mental, son altamente relevantes en rial concreto. la enseñanza básica, pues constituyen un medio eficaz ico más bajo para el desarrollo de la atención, la concentración y la es y, de esta manememoria, y originan una familiaridad progresiva con los que se hace con números, que permite que los alumnos puedan luego na base sólida para “jugar” con ellos. Además, a medida que progresan en sus operaciones sus estrategias de cálculo, son capaces de aplicarlas con geometría, flexiblemente a la solución de situaciones numéricas, y luego comparar, discutir y compartir las estrategias que cada uno utilizó para llegar al resultado. La comprensión de operaciones para nes, examinar relaciones en configuraciones geométricas se hacen más sólidas y ecuaciones simples, ensayar respuestas, testear conjede ejercitar destreturas, organizar y mostrar datos y abreviar la duración de cálculos laboriosos necesarios para resolver ciertos tipos de problemas. Sin embargo, aunque la tecnología se pueientas tecnológicas de usar de 1° a 4° básico para enriquecer el aprendizaje, ribuyen al ambiente se espera que los estudiantes comprendan y apliquen los plorar y crear patroconceptos involucrados antes de usar estos medios. Organización curricular 217 rrollar el pensamiento matemático. En este desarrollo, están involucradas cuatro ver problemas, representar, modelar y argumentar y comunicar. Todas ellas tienen de nuevas destrezas y conceptos y en la aplicación de conocimientos para resolver ca (rutinarios y no rutinarios) y de otros ámbitos. como un fin para alumnos experimentan, escogen o inventan y aplican dia. Se habla de referentes estrategias (ensayo y error, transferencia desde s ejercicios, cuando problemas similares ya resueltos, etc.), comparan difeituación problemática rentes vías de solución y evalúan las respuestas obtenidas se le haya indicado y su pertinencia. estos desafíos, los al tratar de convenEn la enseñanza básica, se apunta principalmente a que ultados obtenidos. La los alumnos establezcan progresivamente deducciones va sobre la solución que les permitirán hacer predicciones eficaces en mutuamente, la variadas situaciones concretas. Se espera, además, que anico de formas de desarrollen la capacidad de verbalizar sus intuiciones epresentaciones, y concluir correctamente, y también de detectar afirmaciones erróneas. aplicar modelos, sesistema, usualmente más complejo, pero que captuir modelos matemátire los patrones claves y lo exprese mediante lenguaje ísticos de situaciones, matemático. A partir del modelamiento matemático, udiar o resolver, los estudiantes aprenden a usar una variedad de representaciones de datos y a seleccionar y aplicar métodos rar que el estudianmatemáticos apropiados y herramientas para resolver a y abstracta de un problemas del mundo real. requerir el manejo de la vida cotidiana del tipo: “invitamos 11 amigos, 7 ya s avanzados, en este llegaron, ¿cuántos faltan?”; un modelo posible sería 7 por actividades de + = 11. La complejidad de las situaciones a modelar rmular una ecuación dependerá del nivel en que se encuentren los estudianxpresar una situación de tes. ta experiencias y objemedio de una balanza en equilibrio con una caja de peso ar a otro más abstracto desconocido x y 2 kg en un platillo y 5 kg en el otro. tos que está recién emplo: “los números Manejar una variedad de representaciones matemáticas posiciones en la recta de un mismo concepto y transitar fluidamente entre r es quitar”, “sumar ellas, permitirá a los estudiantes lograr un aprendizaje “dividir es repartir en significativo y desarrollar su capacidad de pensar matemáticamente. Durante la educación básica, se espera que aprendan a usar representaciones pictóricas como ara entender mejor diagramas, esquemas y gráficos, para comunicar cantia construidos. Por dades, operaciones y relaciones, y que luego conozcan y cciones con puntos en utilicen el lenguaje simbólico y el vocabulario propio de como x + 2 = 5 por la disciplina. o ejes temáticos: o del concepto de núy ampliando estos en los cursos superiores, y que se o mental y el uso de aproximen a los números racionales (como fracciones, s asimilan y consdecimales y porcentajes) y sus operaciones. ayuda de metáforas y En todos los ejes, y en especial en el de Números, el oritmos de la adición, aprendizaje debe iniciarse haciendo a los alumnos may la división, incluyennipular material concreto o didáctico y pasando luego a ura de los números. una representación pictórica que, finalmente, se reemategias de cálculo plaza por símbolos. éricos pequeños Organización curricular 219 diantes expliquen ca, y los estudiantes deben ser capaces de transportarlos como parte del de una forma de representación a otra, extenderlos, antes buscarán reusarlos y crearlos. La percepción de los patrones les pertos y conceptos, lo mite predecir y también fundamentar su razonamiento s formas, las cantidaal momento de resolver problemas. Una base sólida en elación con otra. patrones facilita el desarrollo de un pensamiento mateias de objetos, imámático más abstracto en los niveles superiores, como es ridades) pueden el pensamiento algebraico. pictórica y simbóliantes aprendan a lenguaje más preciso lo que ya conocen en su entorno. ras, y a describir las caEl estudio del movimiento de los objetos —la reflexión, as 3D y figuras 2D en la traslación y la rotación— busca desarrollar tempranae entregan conceptos mente el pensamiento espacial de los alumnos. cio y describir con un s sean capaces de dominen las unidades de medida estandarizadas. Se os objetos y cuantificarpretende que sean capaces de seleccionar y usar la unirlos. Las caracterísdad apropiada para medir tiempo, capacidad, distancia alto, peso, volumen, y peso, usando las herramientas específicas de acuerdo estandarizadas. con lo que se está midiendo. lado la habilidad que conozcan y cotidiana. Para lograr este aprendizaje, es necesario que que todos los conozcan y apliquen encuestas y cuestionarios por melean información dio de la formulación de preguntas relevantes, basadas e se inicien en temas en sus experiencias e intereses, y después registren lo Estos conocimienobtenido y hagan predicciones a partir de ellos. s y tablas en su vida temática promueven M anifesta r u na actit u d positiva f r ente a sí el ciclo básico, que m i s m o y s u s ca pacidade s izaje Transversales (OAT). Las bases promueven una actitud de confianza en sí zaje en el contexto de mismo que aliente la búsqueda de soluciones, la comusarrollar de manera intenicación de los propios razonamientos y la formulación habilidades propios de la de dudas y observaciones. A lo largo del desarrollo de la asignatura, se debe incentivar la confianza en las propias capacidades, al constatar y valorar los logros personales bjetivos de Aprendizaje en el aprendizaje. Esto fomenta en el alumno una actitud ormación integral de los activa hacia el aprendizaje, que se traduce en elaborar establecimientos pueden preguntas y buscar respuestas. Asimismo, da seguridad y complementar las actipara participar en clases, pues refuerza sus conocimienecesidades de su propio tos y aclara dudas. Las actitudes a desarrollar las siguientes: D e m o s t rar una ac t i t ud de e s f uer z o y pe r seve r ancia r aba j o o r d ena d o Las bases curriculares requieren que los estudiantes cultiven el esfuerzo y la perseverancia, conscientes de aprendizaje requiere de que el logro de ciertos aprendizajes puede implicar s y la información, para mayor dedicación y esfuerzo. Por otra parte, es relevante ecuada. Esto tiene que que el alumno aprenda a reconocer errores y a utilizarlos s, sin contraponerlo como fuente de aprendizaje, desarrollando la capacidad ad. de autocrítica y de superación. Esto lo ayudará a alcanzar los aprendizajes de la asignatura y a enriquecer su vida b le y creat i va la personal. a p r oblemas se ofrecen oportuniE x p re s ar y e s cuc h ar idea s de f o r m a idad y la creatividad por r espet u osa a problemas; entre Se espera que los estudiantes presenten y escuchen as, escuchar el razoopiniones y juicios de manera adecuada para enriquecer terial concreto de los propios conocimientos y aprendizajes y los de sus compañeros. inte r é s po r el tem áticas medio del trabajo bjetivos de la asignatuento en el interés por r en tanto forma de elevancia para enfrentar Bibliografía consultada 221 atemática. SantiaDíaz, G. J. (2004). Didáctica de las matemáticas rsitaria para maestros: Manual para el estudiante.') ON CONFLICT (id) DO UPDATE SET grade_id = EXCLUDED.grade_id, codigo = EXCLUDED.codigo, tipo = EXCLUDED.tipo, eje = EXCLUDED.eje, descripcion = EXCLUDED.descripcion;
INSERT INTO curriculum_objectives (id, grade_id, codigo, tipo, eje, descripcion) VALUES ('7e1b4fe6-d314-4948-8aa8-4d96f4960522', '0ff02ad0-4167-4608-824a-34f8a94a699a', 'OA_a', 'habilidad', 'Fabricar y probar', 'Emplear diversas estrategias para resolver problemas.') ON CONFLICT (id) DO UPDATE SET grade_id = EXCLUDED.grade_id, codigo = EXCLUDED.codigo, tipo = EXCLUDED.tipo, eje = EXCLUDED.eje, descripcion = EXCLUDED.descripcion;
INSERT INTO curriculum_objectives (id, grade_id, codigo, tipo, eje, descripcion) VALUES ('b9d3a15b-a004-4e21-8ffb-2f3a49b5c0a4', '0ff02ad0-4167-4608-824a-34f8a94a699a', 'OA_b', 'habilidad', 'Habilidades: Resolver problemas', 'Comprobar enunciados, usando material concreto y gráfico.') ON CONFLICT (id) DO UPDATE SET grade_id = EXCLUDED.grade_id, codigo = EXCLUDED.codigo, tipo = EXCLUDED.tipo, eje = EXCLUDED.eje, descripcion = EXCLUDED.descripcion;
INSERT INTO curriculum_objectives (id, grade_id, codigo, tipo, eje, descripcion) VALUES ('eaba0b5a-34a2-4613-b84b-a32af63d9c81', '0ff02ad0-4167-4608-824a-34f8a94a699a', 'OA_c', 'habilidad', 'Habilidades: Resolver problemas', 'Expresar un problema con sus propias palabras.') ON CONFLICT (id) DO UPDATE SET grade_id = EXCLUDED.grade_id, codigo = EXCLUDED.codigo, tipo = EXCLUDED.tipo, eje = EXCLUDED.eje, descripcion = EXCLUDED.descripcion;
INSERT INTO curriculum_objectives (id, grade_id, codigo, tipo, eje, descripcion) VALUES ('e2742d64-f3e7-4d59-8f36-90bb7737b8ef', '0ff02ad0-4167-4608-824a-34f8a94a699a', 'OA_d', 'habilidad', 'Habilidades: Argumentar y comunicar', 'Describir situaciones del entorno con lenguaje matemático.') ON CONFLICT (id) DO UPDATE SET grade_id = EXCLUDED.grade_id, codigo = EXCLUDED.codigo, tipo = EXCLUDED.tipo, eje = EXCLUDED.eje, descripcion = EXCLUDED.descripcion;
INSERT INTO curriculum_objectives (id, grade_id, codigo, tipo, eje, descripcion) VALUES ('427b0676-479e-430c-843b-cf6b348965a1', '0ff02ad0-4167-4608-824a-34f8a94a699a', 'OA_e', 'habilidad', 'Habilidades: Argumentar y comunicar', 'Comunicar el resultado de descubrimientos de relaciones, patrones y reglas, entre otros, empleando expresiones matemáticas.') ON CONFLICT (id) DO UPDATE SET grade_id = EXCLUDED.grade_id, codigo = EXCLUDED.codigo, tipo = EXCLUDED.tipo, eje = EXCLUDED.eje, descripcion = EXCLUDED.descripcion;
INSERT INTO curriculum_objectives (id, grade_id, codigo, tipo, eje, descripcion) VALUES ('668cbd97-800d-4c0f-bfc1-36e4ed4ac194', '0ff02ad0-4167-4608-824a-34f8a94a699a', 'OA_f', 'habilidad', 'Habilidades: Argumentar y comunicar', 'Explicar las soluciones propias y los procedimientos utilizados.') ON CONFLICT (id) DO UPDATE SET grade_id = EXCLUDED.grade_id, codigo = EXCLUDED.codigo, tipo = EXCLUDED.tipo, eje = EXCLUDED.eje, descripcion = EXCLUDED.descripcion;
INSERT INTO curriculum_objectives (id, grade_id, codigo, tipo, eje, descripcion) VALUES ('738988e2-d02e-427a-b20b-64baf0a42106', '0ff02ad0-4167-4608-824a-34f8a94a699a', 'OA_g', 'habilidad', 'Habilidades: Modelar', 'Aplicar modelos que involucren sumas, restas y orden de cantidades.') ON CONFLICT (id) DO UPDATE SET grade_id = EXCLUDED.grade_id, codigo = EXCLUDED.codigo, tipo = EXCLUDED.tipo, eje = EXCLUDED.eje, descripcion = EXCLUDED.descripcion;
INSERT INTO curriculum_objectives (id, grade_id, codigo, tipo, eje, descripcion) VALUES ('e9cf3d30-47f3-4685-afda-df3b76e1816c', '0ff02ad0-4167-4608-824a-34f8a94a699a', 'OA_h', 'habilidad', 'Habilidades: Modelar', 'Expresar, a partir de representaciones pictóricas y explicaciones dadas, acciones y situaciones cotidianas en lenguaje matemático.') ON CONFLICT (id) DO UPDATE SET grade_id = EXCLUDED.grade_id, codigo = EXCLUDED.codigo, tipo = EXCLUDED.tipo, eje = EXCLUDED.eje, descripcion = EXCLUDED.descripcion;
INSERT INTO curriculum_objectives (id, grade_id, codigo, tipo, eje, descripcion) VALUES ('a7a104eb-35e0-4167-b6a8-6fa7304dfcf7', '0ff02ad0-4167-4608-824a-34f8a94a699a', 'OA_i', 'habilidad', 'Habilidades: Representar', 'Elegir y utilizar representaciones concretas, pictóricas y simbólicas para representar enunciados.') ON CONFLICT (id) DO UPDATE SET grade_id = EXCLUDED.grade_id, codigo = EXCLUDED.codigo, tipo = EXCLUDED.tipo, eje = EXCLUDED.eje, descripcion = EXCLUDED.descripcion;
INSERT INTO curriculum_objectives (id, grade_id, codigo, tipo, eje, descripcion) VALUES ('316294ed-d24b-4b82-b496-d4fa462a4d80', '0ff02ad0-4167-4608-824a-34f8a94a699a', 'OA_j', 'habilidad', 'Habilidades: Representar', 'Crear un relato basado en una expresión matemática simple.') ON CONFLICT (id) DO UPDATE SET grade_id = EXCLUDED.grade_id, codigo = EXCLUDED.codigo, tipo = EXCLUDED.tipo, eje = EXCLUDED.eje, descripcion = EXCLUDED.descripcion;
INSERT INTO curriculum_subjects (id, slug, nombre, total_grados) VALUES ('eaf39df1-72fa-412c-8ebd-c71da8cd50b0', 'matematica', 'Matemática', 6) ON CONFLICT (id) DO UPDATE SET slug = EXCLUDED.slug, nombre = EXCLUDED.nombre, total_grados = EXCLUDED.total_grados;
INSERT INTO curriculum_grades (id, subject_id, grado, label, total_objetivos) VALUES ('8e18dd37-248b-4a03-b1c2-ddd8f5f0d580', 'eaf39df1-72fa-412c-8ebd-c71da8cd50b0', '1', '1° Básico', 18) ON CONFLICT (id) DO UPDATE SET subject_id = EXCLUDED.subject_id, grado = EXCLUDED.grado, label = EXCLUDED.label, total_objetivos = EXCLUDED.total_objetivos;
INSERT INTO curriculum_objectives (id, grade_id, codigo, tipo, eje, descripcion) VALUES ('0359f202-1450-45ed-8b74-e0f844c1a9d3', '8e18dd37-248b-4a03-b1c2-ddd8f5f0d580', 'OA1', 'conocimiento', 'Números y Operaciones', 'Contar números del 0 al 100 de 1 en 1, de 2 en 2, de 5 en 5 y de 10 en 10, hacia nte y hacia atrás, empezando por cualquier número menor que 100.') ON CONFLICT (id) DO UPDATE SET grade_id = EXCLUDED.grade_id, codigo = EXCLUDED.codigo, tipo = EXCLUDED.tipo, eje = EXCLUDED.eje, descripcion = EXCLUDED.descripcion;
INSERT INTO curriculum_objectives (id, grade_id, codigo, tipo, eje, descripcion) VALUES ('0e84ed39-71ee-4bcd-9883-004d36381331', '8e18dd37-248b-4a03-b1c2-ddd8f5f0d580', 'OA2', 'conocimiento', 'Números y Operaciones', 'Identificar el orden de los elementos de una serie, utilizando números ordinales del primero (1º) al décimo (10º).') ON CONFLICT (id) DO UPDATE SET grade_id = EXCLUDED.grade_id, codigo = EXCLUDED.codigo, tipo = EXCLUDED.tipo, eje = EXCLUDED.eje, descripcion = EXCLUDED.descripcion;
INSERT INTO curriculum_objectives (id, grade_id, codigo, tipo, eje, descripcion) VALUES ('c36c1496-ff7f-4221-91db-51e8fe3e9f55', '8e18dd37-248b-4a03-b1c2-ddd8f5f0d580', 'OA3', 'conocimiento', 'Números y Operaciones', 'Leer números del 0 al 20 y representarlos en forma concreta, pictórica y simbólica.') ON CONFLICT (id) DO UPDATE SET grade_id = EXCLUDED.grade_id, codigo = EXCLUDED.codigo, tipo = EXCLUDED.tipo, eje = EXCLUDED.eje, descripcion = EXCLUDED.descripcion;
INSERT INTO curriculum_objectives (id, grade_id, codigo, tipo, eje, descripcion) VALUES ('27617514-c3b7-42b5-b9d0-20e599cf6f9d', '8e18dd37-248b-4a03-b1c2-ddd8f5f0d580', 'OA4', 'conocimiento', 'Números y Operaciones', 'Comparar y ordenar números del 0 al 20 de menor a mayor y/o viceversa, utilizando material concreto y/o usando software educativo.') ON CONFLICT (id) DO UPDATE SET grade_id = EXCLUDED.grade_id, codigo = EXCLUDED.codigo, tipo = EXCLUDED.tipo, eje = EXCLUDED.eje, descripcion = EXCLUDED.descripcion;
INSERT INTO curriculum_objectives (id, grade_id, codigo, tipo, eje, descripcion) VALUES ('a8f3a9b9-8ab1-44dc-bb4f-07650e2f4dc2', '8e18dd37-248b-4a03-b1c2-ddd8f5f0d580', 'OA5', 'conocimiento', 'Números y Operaciones', 'Estimar cantidades hasta 20 en situaciones concretas, usando un referente.') ON CONFLICT (id) DO UPDATE SET grade_id = EXCLUDED.grade_id, codigo = EXCLUDED.codigo, tipo = EXCLUDED.tipo, eje = EXCLUDED.eje, descripcion = EXCLUDED.descripcion;
INSERT INTO curriculum_objectives (id, grade_id, codigo, tipo, eje, descripcion) VALUES ('77b2a660-5f94-402f-ae81-f5ee12d266c3', '8e18dd37-248b-4a03-b1c2-ddd8f5f0d580', 'OA6', 'conocimiento', 'Números y Operaciones', 'Componer y descomponer números del 0 a 20 de manera aditiva, en forma concreta, pictórica y simbólica.') ON CONFLICT (id) DO UPDATE SET grade_id = EXCLUDED.grade_id, codigo = EXCLUDED.codigo, tipo = EXCLUDED.tipo, eje = EXCLUDED.eje, descripcion = EXCLUDED.descripcion;
INSERT INTO curriculum_objectives (id, grade_id, codigo, tipo, eje, descripcion) VALUES ('50e96661-6cee-44f8-a85b-46c993ca6ec0', '8e18dd37-248b-4a03-b1c2-ddd8f5f0d580', 'OA7', 'conocimiento', 'Números y Operaciones', 'Describir y aplicar estrategias de cálculo mental para las adiciones y las sustracciones hasta 20:') ON CONFLICT (id) DO UPDATE SET grade_id = EXCLUDED.grade_id, codigo = EXCLUDED.codigo, tipo = EXCLUDED.tipo, eje = EXCLUDED.eje, descripcion = EXCLUDED.descripcion;
INSERT INTO curriculum_objective_items (objective_id, orden, descripcion) VALUES ('50e96661-6cee-44f8-a85b-46c993ca6ec0', 1, 'conteo hacia adelante y atrás') ON CONFLICT (objective_id, orden) DO UPDATE SET descripcion = EXCLUDED.descripcion;
INSERT INTO curriculum_objective_items (objective_id, orden, descripcion) VALUES ('50e96661-6cee-44f8-a85b-46c993ca6ec0', 2, 'completar 10') ON CONFLICT (objective_id, orden) DO UPDATE SET descripcion = EXCLUDED.descripcion;
INSERT INTO curriculum_objective_items (objective_id, orden, descripcion) VALUES ('50e96661-6cee-44f8-a85b-46c993ca6ec0', 3, 'dobles') ON CONFLICT (objective_id, orden) DO UPDATE SET descripcion = EXCLUDED.descripcion;
INSERT INTO curriculum_objectives (id, grade_id, codigo, tipo, eje, descripcion) VALUES ('c69e72a1-cd81-4698-8777-f2f4d0a3a263', '8e18dd37-248b-4a03-b1c2-ddd8f5f0d580', 'OA8', 'conocimiento', 'Números y Operaciones', 'Determinar las unidades y decenas en números del 0 al 20, agrupando de a 10, de manera concreta, pictórica y simbólica.') ON CONFLICT (id) DO UPDATE SET grade_id = EXCLUDED.grade_id, codigo = EXCLUDED.codigo, tipo = EXCLUDED.tipo, eje = EXCLUDED.eje, descripcion = EXCLUDED.descripcion;
INSERT INTO curriculum_objectives (id, grade_id, codigo, tipo, eje, descripcion) VALUES ('f9c7215d-846d-4e78-944d-e46e4bfa3ec7', '8e18dd37-248b-4a03-b1c2-ddd8f5f0d580', 'OA9', 'conocimiento', 'Números y Operaciones', 'Demostrar que comprenden la adición y la sustracción de números del 0 al 20 progresivamente, de 0 a 5, de 6 a 10, de 11 a 20 con dos sumandos: manera manual y/o usando software educativo 10 Demostrar que la adición y la sustracción son operaciones inversas, de manera concreta, pictórica y simbólica. rial concreto, pictórico y simbólico, de manera manual y/o por medio de software educativo. 12 Describir y registrar la igualdad y la desigualdad como equilibrio y desequilibrio, usando una balanza en forma concreta, pictórica y simbólica del 0 al 20, usando el símbolo igual (=). tos y personas, usando un lenguaje común (como derecha e izquierda). 14 Identificar en el entorno figuras 3D y figuras 2D y relacionarlas, usando material concreto. 15 Identificar y dibujar líneas rectas y curvas. cotidianos. 17 Usar un lenguaje cotidiano para secuenciar eventos en el tiempo: días de la semana, meses del año y algunas fechas significativas. 18 Identificar y comparar la longitud de objetos, usando palabras como largo y corto. 20 Construir, leer e interpretar pictogramas.') ON CONFLICT (id) DO UPDATE SET grade_id = EXCLUDED.grade_id, codigo = EXCLUDED.codigo, tipo = EXCLUDED.tipo, eje = EXCLUDED.eje, descripcion = EXCLUDED.descripcion;
INSERT INTO curriculum_objective_items (objective_id, orden, descripcion) VALUES ('f9c7215d-846d-4e78-944d-e46e4bfa3ec7', 1, 'usando un lenguaje cotidiano para describir acciones desde su propia experencia') ON CONFLICT (objective_id, orden) DO UPDATE SET descripcion = EXCLUDED.descripcion;
INSERT INTO curriculum_objective_items (objective_id, orden, descripcion) VALUES ('f9c7215d-846d-4e78-944d-e46e4bfa3ec7', 2, 'representando adiciones y sustracciones con material concreto y pictórico, de') ON CONFLICT (objective_id, orden) DO UPDATE SET descripcion = EXCLUDED.descripcion;
INSERT INTO curriculum_objective_items (objective_id, orden, descripcion) VALUES ('f9c7215d-846d-4e78-944d-e46e4bfa3ec7', 3, 'representando el proceso en forma simbólica') ON CONFLICT (objective_id, orden) DO UPDATE SET descripcion = EXCLUDED.descripcion;
INSERT INTO curriculum_objective_items (objective_id, orden, descripcion) VALUES ('f9c7215d-846d-4e78-944d-e46e4bfa3ec7', 4, 'resolviendo problemas en contextos familiares') ON CONFLICT (objective_id, orden) DO UPDATE SET descripcion = EXCLUDED.descripcion;
INSERT INTO curriculum_objective_items (objective_id, orden, descripcion) VALUES ('f9c7215d-846d-4e78-944d-e46e4bfa3ec7', 5, 'creando problemas matemáticos y resolviéndolos ocer, describir, crear y continuar patrones repetitivos (sonidos, figuras, rit- .) y patrones numéricos hasta el 20, crecientes y decrecientes, usando mateibir la posición de objetos y personas con relación a sí mismos y a otros objeunidades no estandarizadas de tiempo para comparar la duración de eventos strar datos para responder preguntas estadísticas sobre sí mismo y bloques, tablas de conteo y pictogramas.') ON CONFLICT (objective_id, orden) DO UPDATE SET descripcion = EXCLUDED.descripcion;
INSERT INTO curriculum_objectives (id, grade_id, codigo, tipo, eje, descripcion) VALUES ('61d0b8bc-3bd4-4698-a528-744e441b9063', '8e18dd37-248b-4a03-b1c2-ddd8f5f0d580', 'OA_a', 'habilidad', 'Patrones y Álgebra', 'Emplear diversas estrategias para resolver problemas: r medio de ensayo y error ú úaplicando conocimientos adquiridos') ON CONFLICT (id) DO UPDATE SET grade_id = EXCLUDED.grade_id, codigo = EXCLUDED.codigo, tipo = EXCLUDED.tipo, eje = EXCLUDED.eje, descripcion = EXCLUDED.descripcion;
INSERT INTO curriculum_objectives (id, grade_id, codigo, tipo, eje, descripcion) VALUES ('1c3be4b2-afa1-4cbc-bba4-b8208c74fe92', '8e18dd37-248b-4a03-b1c2-ddd8f5f0d580', 'OA_b', 'habilidad', 'Habilidades: Resolver problemas', 'Comprobar enunciados, usando material concreto y gráfico.') ON CONFLICT (id) DO UPDATE SET grade_id = EXCLUDED.grade_id, codigo = EXCLUDED.codigo, tipo = EXCLUDED.tipo, eje = EXCLUDED.eje, descripcion = EXCLUDED.descripcion;
INSERT INTO curriculum_objectives (id, grade_id, codigo, tipo, eje, descripcion) VALUES ('7bbb3b88-df12-4cf4-a838-87f86eb7cc7c', '8e18dd37-248b-4a03-b1c2-ddd8f5f0d580', 'OA_c', 'habilidad', 'Habilidades: Argumentar y comunicar', 'Describir situaciones de la realidad con lenguaje matemático.') ON CONFLICT (id) DO UPDATE SET grade_id = EXCLUDED.grade_id, codigo = EXCLUDED.codigo, tipo = EXCLUDED.tipo, eje = EXCLUDED.eje, descripcion = EXCLUDED.descripcion;
INSERT INTO curriculum_objectives (id, grade_id, codigo, tipo, eje, descripcion) VALUES ('0378cbc6-ae64-4d38-ad9a-cae9ad90dcbe', '8e18dd37-248b-4a03-b1c2-ddd8f5f0d580', 'OA_d', 'habilidad', 'Habilidades: Argumentar y comunicar', 'Comunicar el resultado de descubrimientos de relaciones, patrones y reglas, entre otros, empleando expresiones matemáticas.') ON CONFLICT (id) DO UPDATE SET grade_id = EXCLUDED.grade_id, codigo = EXCLUDED.codigo, tipo = EXCLUDED.tipo, eje = EXCLUDED.eje, descripcion = EXCLUDED.descripcion;
INSERT INTO curriculum_objectives (id, grade_id, codigo, tipo, eje, descripcion) VALUES ('ceebdd6d-9417-433c-941c-d5fc568b125a', '8e18dd37-248b-4a03-b1c2-ddd8f5f0d580', 'OA_e', 'habilidad', 'Habilidades: Argumentar y comunicar', 'Explicar las soluciones propias y los procedimientos utilizados.') ON CONFLICT (id) DO UPDATE SET grade_id = EXCLUDED.grade_id, codigo = EXCLUDED.codigo, tipo = EXCLUDED.tipo, eje = EXCLUDED.eje, descripcion = EXCLUDED.descripcion;
INSERT INTO curriculum_objectives (id, grade_id, codigo, tipo, eje, descripcion) VALUES ('01af2dfc-064f-41f7-8149-1b749ed303f7', '8e18dd37-248b-4a03-b1c2-ddd8f5f0d580', 'OA_f', 'habilidad', 'Habilidades: Modelar', 'Aplicar y seleccionar modelos que involucren sumas, restas y orden de cantidades.') ON CONFLICT (id) DO UPDATE SET grade_id = EXCLUDED.grade_id, codigo = EXCLUDED.codigo, tipo = EXCLUDED.tipo, eje = EXCLUDED.eje, descripcion = EXCLUDED.descripcion;
INSERT INTO curriculum_objectives (id, grade_id, codigo, tipo, eje, descripcion) VALUES ('8d3fd63b-b432-4597-b5cf-69a90e746520', '8e18dd37-248b-4a03-b1c2-ddd8f5f0d580', 'OA_g', 'habilidad', 'Habilidades: Modelar', 'Expresar, a partir de representaciones pictóricas y explicaciones dadas, acciones y situaciones cotidianas en lenguaje matemático.') ON CONFLICT (id) DO UPDATE SET grade_id = EXCLUDED.grade_id, codigo = EXCLUDED.codigo, tipo = EXCLUDED.tipo, eje = EXCLUDED.eje, descripcion = EXCLUDED.descripcion;
INSERT INTO curriculum_objectives (id, grade_id, codigo, tipo, eje, descripcion) VALUES ('e9eb8bef-c7c8-4256-8aa0-02b9c0887018', '8e18dd37-248b-4a03-b1c2-ddd8f5f0d580', 'OA_h', 'habilidad', 'Habilidades: Representar', 'Elegir y utilizar representaciones concretas, pictóricas y simbólicas para representar enunciados.') ON CONFLICT (id) DO UPDATE SET grade_id = EXCLUDED.grade_id, codigo = EXCLUDED.codigo, tipo = EXCLUDED.tipo, eje = EXCLUDED.eje, descripcion = EXCLUDED.descripcion;
INSERT INTO curriculum_objectives (id, grade_id, codigo, tipo, eje, descripcion) VALUES ('68939d04-1237-40f2-9e96-7817e1dee206', '8e18dd37-248b-4a03-b1c2-ddd8f5f0d580', 'OA_i', 'habilidad', 'Habilidades: Representar', 'Crear un relato basado en una expresión matemática simple.') ON CONFLICT (id) DO UPDATE SET grade_id = EXCLUDED.grade_id, codigo = EXCLUDED.codigo, tipo = EXCLUDED.tipo, eje = EXCLUDED.eje, descripcion = EXCLUDED.descripcion;
INSERT INTO curriculum_grades (id, subject_id, grado, label, total_objetivos) VALUES ('73f1ff7d-8f4f-4956-a48a-c065b218f007', 'eaf39df1-72fa-412c-8ebd-c71da8cd50b0', '2', '2° Básico', 23) ON CONFLICT (id) DO UPDATE SET subject_id = EXCLUDED.subject_id, grado = EXCLUDED.grado, label = EXCLUDED.label, total_objetivos = EXCLUDED.total_objetivos;
INSERT INTO curriculum_objectives (id, grade_id, codigo, tipo, eje, descripcion) VALUES ('55d8e47a-524e-4c4b-a6df-9d1c9f0dd6d4', '73f1ff7d-8f4f-4956-a48a-c065b218f007', 'OA1', 'conocimiento', 'Números y Operaciones', 'Contar números del 0 al 1 000 de 2 en 2, de 5 en 5, de 10 en 10 y de 100 en hacia adelante y hacia atrás, empezando por cualquier número menor que 1 000.') ON CONFLICT (id) DO UPDATE SET grade_id = EXCLUDED.grade_id, codigo = EXCLUDED.codigo, tipo = EXCLUDED.tipo, eje = EXCLUDED.eje, descripcion = EXCLUDED.descripcion;
INSERT INTO curriculum_objectives (id, grade_id, codigo, tipo, eje, descripcion) VALUES ('f05014fb-d21d-4863-9ca5-a71f8b477dda', '73f1ff7d-8f4f-4956-a48a-c065b218f007', 'OA2', 'conocimiento', 'Números y Operaciones', 'Leer números del 0 al 100 y representarlos en forma concreta, pictórica y simbólica.') ON CONFLICT (id) DO UPDATE SET grade_id = EXCLUDED.grade_id, codigo = EXCLUDED.codigo, tipo = EXCLUDED.tipo, eje = EXCLUDED.eje, descripcion = EXCLUDED.descripcion;
INSERT INTO curriculum_objectives (id, grade_id, codigo, tipo, eje, descripcion) VALUES ('01bb6ab8-f894-459f-a367-213c3f863ca6', '73f1ff7d-8f4f-4956-a48a-c065b218f007', 'OA3', 'conocimiento', 'Números y Operaciones', 'Comparar y ordenar números del 0 al 100 de menor a mayor y viceversa, usando material concreto y monedas nacionales de manera manual y/o por medio de software educativo.') ON CONFLICT (id) DO UPDATE SET grade_id = EXCLUDED.grade_id, codigo = EXCLUDED.codigo, tipo = EXCLUDED.tipo, eje = EXCLUDED.eje, descripcion = EXCLUDED.descripcion;
INSERT INTO curriculum_objectives (id, grade_id, codigo, tipo, eje, descripcion) VALUES ('2c35b6b3-c9b4-4918-8b00-a26e7205fb67', '73f1ff7d-8f4f-4956-a48a-c065b218f007', 'OA4', 'conocimiento', 'Números y Operaciones', 'Estimar cantidades hasta 100 en situaciones concretas, usando un referente.') ON CONFLICT (id) DO UPDATE SET grade_id = EXCLUDED.grade_id, codigo = EXCLUDED.codigo, tipo = EXCLUDED.tipo, eje = EXCLUDED.eje, descripcion = EXCLUDED.descripcion;
INSERT INTO curriculum_objectives (id, grade_id, codigo, tipo, eje, descripcion) VALUES ('73fbec3b-c53f-4475-aa83-692027eda1e8', '73f1ff7d-8f4f-4956-a48a-c065b218f007', 'OA5', 'conocimiento', 'Números y Operaciones', 'Componer y descomponer números del 0 a 100 de manera aditiva, en forma concreta, pictórica y simbólica.') ON CONFLICT (id) DO UPDATE SET grade_id = EXCLUDED.grade_id, codigo = EXCLUDED.codigo, tipo = EXCLUDED.tipo, eje = EXCLUDED.eje, descripcion = EXCLUDED.descripcion;
INSERT INTO curriculum_objectives (id, grade_id, codigo, tipo, eje, descripcion) VALUES ('29656014-7465-4b6f-9baf-5c165c5c8ad6', '73f1ff7d-8f4f-4956-a48a-c065b218f007', 'OA6', 'conocimiento', 'Números y Operaciones', 'Describir y aplicar estrategias de cálculo mental para adiciones y sustracciones hasta 20:') ON CONFLICT (id) DO UPDATE SET grade_id = EXCLUDED.grade_id, codigo = EXCLUDED.codigo, tipo = EXCLUDED.tipo, eje = EXCLUDED.eje, descripcion = EXCLUDED.descripcion;
INSERT INTO curriculum_objective_items (objective_id, orden, descripcion) VALUES ('29656014-7465-4b6f-9baf-5c165c5c8ad6', 1, 'completar 10') ON CONFLICT (objective_id, orden) DO UPDATE SET descripcion = EXCLUDED.descripcion;
INSERT INTO curriculum_objective_items (objective_id, orden, descripcion) VALUES ('29656014-7465-4b6f-9baf-5c165c5c8ad6', 2, 'usar dobles y mitades') ON CONFLICT (objective_id, orden) DO UPDATE SET descripcion = EXCLUDED.descripcion;
INSERT INTO curriculum_objective_items (objective_id, orden, descripcion) VALUES ('29656014-7465-4b6f-9baf-5c165c5c8ad6', 3, '“uno más uno menos”') ON CONFLICT (objective_id, orden) DO UPDATE SET descripcion = EXCLUDED.descripcion;
INSERT INTO curriculum_objective_items (objective_id, orden, descripcion) VALUES ('29656014-7465-4b6f-9baf-5c165c5c8ad6', 4, '“dos más dos menos”') ON CONFLICT (objective_id, orden) DO UPDATE SET descripcion = EXCLUDED.descripcion;
INSERT INTO curriculum_objective_items (objective_id, orden, descripcion) VALUES ('29656014-7465-4b6f-9baf-5c165c5c8ad6', 5, 'usar la reversibilidad de las operaciones') ON CONFLICT (objective_id, orden) DO UPDATE SET descripcion = EXCLUDED.descripcion;
INSERT INTO curriculum_objectives (id, grade_id, codigo, tipo, eje, descripcion) VALUES ('ef41ba1e-e328-43ac-b7c7-f2c2ad6f4f3e', '73f1ff7d-8f4f-4956-a48a-c065b218f007', 'OA7', 'conocimiento', 'Números y Operaciones', 'Identificar las unidades y decenas en números del 0 al 100, representando las cantidades de acuerdo a su valor posicional, con material concreto, pictórico y simbólico.') ON CONFLICT (id) DO UPDATE SET grade_id = EXCLUDED.grade_id, codigo = EXCLUDED.codigo, tipo = EXCLUDED.tipo, eje = EXCLUDED.eje, descripcion = EXCLUDED.descripcion;
INSERT INTO curriculum_objectives (id, grade_id, codigo, tipo, eje, descripcion) VALUES ('c012f827-933e-4cd2-b902-0de0f8a39546', '73f1ff7d-8f4f-4956-a48a-c065b218f007', 'OA8', 'conocimiento', 'Números y Operaciones', 'Demostrar y explicar de manera concreta, pictórica y simbólica el efecto de sumar y restar 0 a un número.') ON CONFLICT (id) DO UPDATE SET grade_id = EXCLUDED.grade_id, codigo = EXCLUDED.codigo, tipo = EXCLUDED.tipo, eje = EXCLUDED.eje, descripcion = EXCLUDED.descripcion;
INSERT INTO curriculum_objectives (id, grade_id, codigo, tipo, eje, descripcion) VALUES ('73e43add-f81c-4b7b-bc5e-30cb60ea7e92', '73f1ff7d-8f4f-4956-a48a-c065b218f007', 'OA9', 'conocimiento', 'Números y Operaciones', 'Demostrar que comprende la adición y la sustracción en el ámbito del 0 al 100: úusando un lenguaje cotidiano y matemático para describir acciones desde su propia experiencia úresolviendo problemas con una variedad de representaciones concretas y pictóricas, de manera manual y/o usando software educativo úregistrando el proceso en forma simbólica úaplicando los resultados de las adiciones y las sustracciones de los números del 0 a 20 sin realizar cálculos úaplicando el algoritmo de la adición y la sustracción sin considerar reserva úcreando problemas matemáticos en contextos familiares y resolviéndolos 10 Demostrar que comprende la relación entre la adición y la sustracción al usar la “familia de operaciones” en cálculos aritméticos y la resolución de problemas 11 Demostrar que comprende la multiplicación: usando representaciones concretas y pictóricas ú expresando una multiplicación como una adición de sumandos iguales ú usando la distributividad como estrategia para construir las tablas del 2, del 5 y ú del 10 resolviendo problemas que involucren las tablas del 2, del 5 y del 10. ú ar, representar y continuar una variedad de patrones numéricos y completar elementos faltantes, de manera manual y/o usando software educativo. 13 Demostrar, explicar y registrar la igualdad y la desigualdad en forma concreta y pictórica del 0 al 20, usando el símbolo igual (=) y los símbolos no igual (>, <). resentar y describir la posición de objetos y personas con relación a sí mismos y a otros objetos y personas, incluyendo derecha e izquierda y usando material concreto y dibujos. 15 Describir, comparar y construir figuras 2D (triángulos, cuadrados, rectángulos y círculos) con material concreto. 16 Describir, comparar y construir figuras 3D (cubos, paralelepípedos, esferas y conos) con diversos materiales. ntificar días, semanas, meses y fechas en el calendario. 18 Leer horas y medias horas en relojes digitales, en el contexto de la resolución de problemas. 19 Determinar la longitud de objetos, usando unidades de medidas no estandarizadas y unidades estandarizadas (cm y m), en el contexto de la resolución de problemas. istrar datos para responder preguntas estadísticas sobre juegos dos, usando bloques y tablas de conteo y pictogramas. Registrar en tablas y gráficos de barra simple, resultados de juegos aleatorios con dados y monedas. 22 Construir, leer e interpretar pictogramas con escala y gráficos de barra simple.') ON CONFLICT (id) DO UPDATE SET grade_id = EXCLUDED.grade_id, codigo = EXCLUDED.codigo, tipo = EXCLUDED.tipo, eje = EXCLUDED.eje, descripcion = EXCLUDED.descripcion;
INSERT INTO curriculum_objectives (id, grade_id, codigo, tipo, eje, descripcion) VALUES ('4dd4c797-0604-4c4f-910c-344964c38470', '73f1ff7d-8f4f-4956-a48a-c065b218f007', 'OA_a', 'habilidad', 'Patrones y Álgebra', 'Resolver problemas dados o creados.') ON CONFLICT (id) DO UPDATE SET grade_id = EXCLUDED.grade_id, codigo = EXCLUDED.codigo, tipo = EXCLUDED.tipo, eje = EXCLUDED.eje, descripcion = EXCLUDED.descripcion;
INSERT INTO curriculum_objectives (id, grade_id, codigo, tipo, eje, descripcion) VALUES ('957e0d0d-03d9-4831-90f8-3c1b09718137', '73f1ff7d-8f4f-4956-a48a-c065b218f007', 'OA_b', 'habilidad', 'Habilidades: Resolver problemas', 'Emplear diversas estrategias para resolver problemas y alcanzar respuestas adecuadas, como la estrategia de los 4 pasos: entender, planificar, hacer y comprobar.') ON CONFLICT (id) DO UPDATE SET grade_id = EXCLUDED.grade_id, codigo = EXCLUDED.codigo, tipo = EXCLUDED.tipo, eje = EXCLUDED.eje, descripcion = EXCLUDED.descripcion;
INSERT INTO curriculum_objectives (id, grade_id, codigo, tipo, eje, descripcion) VALUES ('e3bf6dd3-9727-447b-bea2-6749f98c519c', '73f1ff7d-8f4f-4956-a48a-c065b218f007', 'OA_c', 'habilidad', 'Habilidades: Resolver problemas', 'Transferir los procedimientos utilizados en situaciones ya resueltas a problemas similares.') ON CONFLICT (id) DO UPDATE SET grade_id = EXCLUDED.grade_id, codigo = EXCLUDED.codigo, tipo = EXCLUDED.tipo, eje = EXCLUDED.eje, descripcion = EXCLUDED.descripcion;
INSERT INTO curriculum_objectives (id, grade_id, codigo, tipo, eje, descripcion) VALUES ('e69ab197-6db7-4a45-82ce-ae4f603ea002', '73f1ff7d-8f4f-4956-a48a-c065b218f007', 'OA_d', 'habilidad', 'Habilidades: Argumentar y comunicar', 'Formular preguntas para profundizar el conocimiento y la comprensión.') ON CONFLICT (id) DO UPDATE SET grade_id = EXCLUDED.grade_id, codigo = EXCLUDED.codigo, tipo = EXCLUDED.tipo, eje = EXCLUDED.eje, descripcion = EXCLUDED.descripcion;
INSERT INTO curriculum_objectives (id, grade_id, codigo, tipo, eje, descripcion) VALUES ('6437f9a0-fc3f-433c-9f67-70bf3e5e1cd7', '73f1ff7d-8f4f-4956-a48a-c065b218f007', 'OA_e', 'habilidad', 'Habilidades: Argumentar y comunicar', 'Descubrir regularidades matemáticas –la estructura de las operaciones inversas, el valor posicional en el sistema decimal, patrones como los múltiplos– y comunicarlas a otros.') ON CONFLICT (id) DO UPDATE SET grade_id = EXCLUDED.grade_id, codigo = EXCLUDED.codigo, tipo = EXCLUDED.tipo, eje = EXCLUDED.eje, descripcion = EXCLUDED.descripcion;
INSERT INTO curriculum_objectives (id, grade_id, codigo, tipo, eje, descripcion) VALUES ('52b2c219-0093-424d-8ea2-a787aa23b25b', '73f1ff7d-8f4f-4956-a48a-c065b218f007', 'OA_f', 'habilidad', 'Habilidades: Argumentar y comunicar', 'Hacer deducciones matemáticas de manera concreta.') ON CONFLICT (id) DO UPDATE SET grade_id = EXCLUDED.grade_id, codigo = EXCLUDED.codigo, tipo = EXCLUDED.tipo, eje = EXCLUDED.eje, descripcion = EXCLUDED.descripcion;
INSERT INTO curriculum_objectives (id, grade_id, codigo, tipo, eje, descripcion) VALUES ('9b750052-15c4-4416-a8a3-1ae767a12d96', '73f1ff7d-8f4f-4956-a48a-c065b218f007', 'OA_g', 'habilidad', 'Habilidades: Argumentar y comunicar', 'Describir una situación del entorno con una expresión matemática, con una ecuación o con una representación pictórica.') ON CONFLICT (id) DO UPDATE SET grade_id = EXCLUDED.grade_id, codigo = EXCLUDED.codigo, tipo = EXCLUDED.tipo, eje = EXCLUDED.eje, descripcion = EXCLUDED.descripcion;
INSERT INTO curriculum_objectives (id, grade_id, codigo, tipo, eje, descripcion) VALUES ('7113453a-2a98-404c-a4a4-5569abae0696', '73f1ff7d-8f4f-4956-a48a-c065b218f007', 'OA_h', 'habilidad', 'Habilidades: Argumentar y comunicar', 'Escuchar el razonamiento de otros para enriquecerse y para corregir errores.') ON CONFLICT (id) DO UPDATE SET grade_id = EXCLUDED.grade_id, codigo = EXCLUDED.codigo, tipo = EXCLUDED.tipo, eje = EXCLUDED.eje, descripcion = EXCLUDED.descripcion;
INSERT INTO curriculum_objectives (id, grade_id, codigo, tipo, eje, descripcion) VALUES ('1a6e3528-0879-4252-ab3f-bac718b7f1a3', '73f1ff7d-8f4f-4956-a48a-c065b218f007', 'OA_i', 'habilidad', 'Habilidades: Modelar', 'Aplicar, seleccionar y evaluar modelos que involucren las cuatro operaciones y la ubicación en la recta numérica y en el plano.') ON CONFLICT (id) DO UPDATE SET grade_id = EXCLUDED.grade_id, codigo = EXCLUDED.codigo, tipo = EXCLUDED.tipo, eje = EXCLUDED.eje, descripcion = EXCLUDED.descripcion;
INSERT INTO curriculum_objectives (id, grade_id, codigo, tipo, eje, descripcion) VALUES ('a0e049df-4792-41ae-b0fb-25189a7a87b6', '73f1ff7d-8f4f-4956-a48a-c065b218f007', 'OA_j', 'habilidad', 'Habilidades: Modelar', 'Expresar, a partir de representaciones pictóricas y explicaciones dadas, acciones y situaciones cotidianas en lenguaje matemático.') ON CONFLICT (id) DO UPDATE SET grade_id = EXCLUDED.grade_id, codigo = EXCLUDED.codigo, tipo = EXCLUDED.tipo, eje = EXCLUDED.eje, descripcion = EXCLUDED.descripcion;
INSERT INTO curriculum_objectives (id, grade_id, codigo, tipo, eje, descripcion) VALUES ('40ed3672-5d07-4e22-9b45-c0bc31d5c572', '73f1ff7d-8f4f-4956-a48a-c065b218f007', 'OA_k', 'habilidad', 'Habilidades: Modelar', 'Identificar regularidades en expresiones numéricas y geométricas.') ON CONFLICT (id) DO UPDATE SET grade_id = EXCLUDED.grade_id, codigo = EXCLUDED.codigo, tipo = EXCLUDED.tipo, eje = EXCLUDED.eje, descripcion = EXCLUDED.descripcion;
INSERT INTO curriculum_objectives (id, grade_id, codigo, tipo, eje, descripcion) VALUES ('48e40877-3797-465a-8891-edc7fe738c0e', '73f1ff7d-8f4f-4956-a48a-c065b218f007', 'OA_l', 'habilidad', 'Habilidades: Representar', 'Utilizar formas de representación adecuadas, como esquemas y tablas, con un lenguaje técnico específico y con los símbolos matemáticos correctos.') ON CONFLICT (id) DO UPDATE SET grade_id = EXCLUDED.grade_id, codigo = EXCLUDED.codigo, tipo = EXCLUDED.tipo, eje = EXCLUDED.eje, descripcion = EXCLUDED.descripcion;
INSERT INTO curriculum_objectives (id, grade_id, codigo, tipo, eje, descripcion) VALUES ('ea6fa972-3c8c-4b75-b973-bf7d74ddfa76', '73f1ff7d-8f4f-4956-a48a-c065b218f007', 'OA_m', 'habilidad', 'Habilidades: Representar', 'Crear un problema real a partir de una expresión matemática, una ecuación o una representación.') ON CONFLICT (id) DO UPDATE SET grade_id = EXCLUDED.grade_id, codigo = EXCLUDED.codigo, tipo = EXCLUDED.tipo, eje = EXCLUDED.eje, descripcion = EXCLUDED.descripcion;
INSERT INTO curriculum_objectives (id, grade_id, codigo, tipo, eje, descripcion) VALUES ('e1873f41-8020-4ff6-a70a-2f6b9868345a', '73f1ff7d-8f4f-4956-a48a-c065b218f007', 'OA_n', 'habilidad', 'Habilidades: Representar', 'Transferir una situación de un nivel de representación a otro (por ejemplo: de lo concreto a lo pictórico y de lo pictórico a lo simbólico, y viceversa).') ON CONFLICT (id) DO UPDATE SET grade_id = EXCLUDED.grade_id, codigo = EXCLUDED.codigo, tipo = EXCLUDED.tipo, eje = EXCLUDED.eje, descripcion = EXCLUDED.descripcion;
INSERT INTO curriculum_grades (id, subject_id, grado, label, total_objetivos) VALUES ('53efd22e-b8db-4769-ae3e-fba84d893687', 'eaf39df1-72fa-412c-8ebd-c71da8cd50b0', '3', '3° Básico', 22) ON CONFLICT (id) DO UPDATE SET subject_id = EXCLUDED.subject_id, grado = EXCLUDED.grado, label = EXCLUDED.label, total_objetivos = EXCLUDED.total_objetivos;
INSERT INTO curriculum_objectives (id, grade_id, codigo, tipo, eje, descripcion) VALUES ('cebeef89-ec04-4f53-b2b4-0a442d53b302', '53efd22e-b8db-4769-ae3e-fba84d893687', 'OA1', 'conocimiento', 'Números y Operaciones', 'Contar números del 0 al 1 000 de 5 en 5, de 10 en 10, de 100 en 100: ezando por cualquier número natural menor que 1.000 ú correspondiente') ON CONFLICT (id) DO UPDATE SET grade_id = EXCLUDED.grade_id, codigo = EXCLUDED.codigo, tipo = EXCLUDED.tipo, eje = EXCLUDED.eje, descripcion = EXCLUDED.descripcion;
INSERT INTO curriculum_objective_items (objective_id, orden, descripcion) VALUES ('cebeef89-ec04-4f53-b2b4-0a442d53b302', 1, 'de 3 en 3, de 4 en 4..., empezando por cualquier múltiplo del número') ON CONFLICT (objective_id, orden) DO UPDATE SET descripcion = EXCLUDED.descripcion;
INSERT INTO curriculum_objectives (id, grade_id, codigo, tipo, eje, descripcion) VALUES ('8fc51771-71f8-49a9-8cfb-e8b682d0cd2b', '53efd22e-b8db-4769-ae3e-fba84d893687', 'OA2', 'conocimiento', 'Números y Operaciones', 'Leer números hasta 1.000 y representarlos en forma concreta, pictórica y simbólica.') ON CONFLICT (id) DO UPDATE SET grade_id = EXCLUDED.grade_id, codigo = EXCLUDED.codigo, tipo = EXCLUDED.tipo, eje = EXCLUDED.eje, descripcion = EXCLUDED.descripcion;
INSERT INTO curriculum_objectives (id, grade_id, codigo, tipo, eje, descripcion) VALUES ('c3ab56a1-bca1-4d3f-8262-ab7ae312f0b9', '53efd22e-b8db-4769-ae3e-fba84d893687', 'OA3', 'conocimiento', 'Números y Operaciones', 'Comparar y ordenar números naturales hasta 1.000, utilizando la recta numérica o la tabla posicional de manera manual y/o por medio de software educativo.') ON CONFLICT (id) DO UPDATE SET grade_id = EXCLUDED.grade_id, codigo = EXCLUDED.codigo, tipo = EXCLUDED.tipo, eje = EXCLUDED.eje, descripcion = EXCLUDED.descripcion;
INSERT INTO curriculum_objectives (id, grade_id, codigo, tipo, eje, descripcion) VALUES ('add99030-531f-4e2f-9371-63bc4a0ade5e', '53efd22e-b8db-4769-ae3e-fba84d893687', 'OA4', 'conocimiento', 'Números y Operaciones', 'Describir y aplicar estrategias de cálculo mental para las adiciones y las sustracciones hasta 100:') ON CONFLICT (id) DO UPDATE SET grade_id = EXCLUDED.grade_id, codigo = EXCLUDED.codigo, tipo = EXCLUDED.tipo, eje = EXCLUDED.eje, descripcion = EXCLUDED.descripcion;
INSERT INTO curriculum_objective_items (objective_id, orden, descripcion) VALUES ('add99030-531f-4e2f-9371-63bc4a0ade5e', 1, 'por descomposición') ON CONFLICT (objective_id, orden) DO UPDATE SET descripcion = EXCLUDED.descripcion;
INSERT INTO curriculum_objective_items (objective_id, orden, descripcion) VALUES ('add99030-531f-4e2f-9371-63bc4a0ade5e', 2, 'completar hasta la decena más cercana') ON CONFLICT (objective_id, orden) DO UPDATE SET descripcion = EXCLUDED.descripcion;
INSERT INTO curriculum_objective_items (objective_id, orden, descripcion) VALUES ('add99030-531f-4e2f-9371-63bc4a0ade5e', 3, 'usar dobles') ON CONFLICT (objective_id, orden) DO UPDATE SET descripcion = EXCLUDED.descripcion;
INSERT INTO curriculum_objective_items (objective_id, orden, descripcion) VALUES ('add99030-531f-4e2f-9371-63bc4a0ade5e', 4, 'sumar en vez de restar') ON CONFLICT (objective_id, orden) DO UPDATE SET descripcion = EXCLUDED.descripcion;
INSERT INTO curriculum_objective_items (objective_id, orden, descripcion) VALUES ('add99030-531f-4e2f-9371-63bc4a0ade5e', 5, 'aplicar la asociatividad') ON CONFLICT (objective_id, orden) DO UPDATE SET descripcion = EXCLUDED.descripcion;
INSERT INTO curriculum_objectives (id, grade_id, codigo, tipo, eje, descripcion) VALUES ('7602f187-6904-4ea6-84f6-f7972734ff09', '53efd22e-b8db-4769-ae3e-fba84d893687', 'OA5', 'conocimiento', 'Números y Operaciones', 'Identificar y describir las unidades, las decenas y las centenas en números del 0 al 1.000, representando las cantidades de acuerdo a su valor posicional, con material concreto, pictórico y simbólico.') ON CONFLICT (id) DO UPDATE SET grade_id = EXCLUDED.grade_id, codigo = EXCLUDED.codigo, tipo = EXCLUDED.tipo, eje = EXCLUDED.eje, descripcion = EXCLUDED.descripcion;
INSERT INTO curriculum_objectives (id, grade_id, codigo, tipo, eje, descripcion) VALUES ('fd54faf1-b71c-4ead-a139-0d874233de0e', '53efd22e-b8db-4769-ae3e-fba84d893687', 'OA6', 'conocimiento', 'Números y Operaciones', 'Demostrar que comprenden la adición y la sustracción de números del 0 al 1.000: operaciones combinadas, en forma concreta, pictórica y simbólica, de manera manual y/o por medio de software educativo hasta cuatro sumandos y en la sustracción de hasta un sustraendo') ON CONFLICT (id) DO UPDATE SET grade_id = EXCLUDED.grade_id, codigo = EXCLUDED.codigo, tipo = EXCLUDED.tipo, eje = EXCLUDED.eje, descripcion = EXCLUDED.descripcion;
INSERT INTO curriculum_objective_items (objective_id, orden, descripcion) VALUES ('fd54faf1-b71c-4ead-a139-0d874233de0e', 1, 'usando estrategias personales con y sin material concreto') ON CONFLICT (objective_id, orden) DO UPDATE SET descripcion = EXCLUDED.descripcion;
INSERT INTO curriculum_objective_items (objective_id, orden, descripcion) VALUES ('fd54faf1-b71c-4ead-a139-0d874233de0e', 2, 'creando y resolviendo problemas de adición y sustracción que involucren') ON CONFLICT (objective_id, orden) DO UPDATE SET descripcion = EXCLUDED.descripcion;
INSERT INTO curriculum_objective_items (objective_id, orden, descripcion) VALUES ('fd54faf1-b71c-4ead-a139-0d874233de0e', 3, 'aplicando los algoritmos con y sin reserva, progresivamente, en la adición de') ON CONFLICT (objective_id, orden) DO UPDATE SET descripcion = EXCLUDED.descripcion;
INSERT INTO curriculum_objectives (id, grade_id, codigo, tipo, eje, descripcion) VALUES ('697d2282-ee57-4d23-8009-d809b657a2f7', '53efd22e-b8db-4769-ae3e-fba84d893687', 'OA7', 'conocimiento', 'Números y Operaciones', 'Demostrar que comprenden la relación entre la adición y la sustracción, usando la “familia de operaciones” en cálculos aritméticos y en la resolución de problemas.') ON CONFLICT (id) DO UPDATE SET grade_id = EXCLUDED.grade_id, codigo = EXCLUDED.codigo, tipo = EXCLUDED.tipo, eje = EXCLUDED.eje, descripcion = EXCLUDED.descripcion;
INSERT INTO curriculum_objectives (id, grade_id, codigo, tipo, eje, descripcion) VALUES ('cea7a9aa-846e-481c-abf2-35af6703b74e', '53efd22e-b8db-4769-ae3e-fba84d893687', 'OA8', 'conocimiento', 'Números y Operaciones', 'Demostrar que comprenden las tablas de multiplicar hasta el 10 de manera progresiva: cálculos úrepresentando y explicando la división como repartición y agrupación en partes iguales, con material concreto y pictórico úcreando y resolviendo problemas en contextos que incluyan la repartición y la agrupación úexpresando la división como una sustracción repetida údescribiendo y aplicando la relación inversa entre la división y la multiplicación úaplicando los resultados de las tablas de multiplicación hasta 10 · 10, sin realizar cálculos cren las cuatro operaciones (no combinadas). pictórica, simbólica, de forma manual y/o con software educativo lo geométrico que represente un número desconocido, en forma pictórica y simbólica del 0 al 100. construyendo una figura 3D a partir de una red (plantilla) ú desplegando la figura 3D ú forma de sus caras y el número de aristas y vértices. identificando ejemplos de ángulos en el entorno ú estimando la medida de ángulos, usando como referente ángulos de 45º y de 90o ú 20 Leer y registrar el tiempo en horas, medias horas, cuartos de hora y minutos en relojes análogos y digitales. 21 Demostrar que comprenden el perímetro de una figura regular e irregular: midiendo y registrando el perímetro de figuras del entorno en el contexto de la ú resolución de problemas determinando el perímetro de un cuadrado y de un rectángulo ú 22 Demostrar que comprende la medición del peso (g y kg): comparando y ordenando dos o más objetos a partir de su peso de manera informal ú usando modelos para explicar la relación que existe entre gramos y kilogramos ú estimando el peso de objetos de uso cotidiano, usando referentes ú midiendo y registrando el peso de objetos en números y en fracciones de uso ú común, en el contexto de la resolución de problemas 24 Registrar y ordenar datos obtenidos de juegos aleatorios con dados y monedas, encontrando el menor, el mayor y estimando el punto medio entre ambos. 25 Construir, leer e interpretar pictogramas y gráficos de barra simple con escala, de acuerdo a información recolectada o dada. 26 Representar datos usando diagramas de puntos.') ON CONFLICT (id) DO UPDATE SET grade_id = EXCLUDED.grade_id, codigo = EXCLUDED.codigo, tipo = EXCLUDED.tipo, eje = EXCLUDED.eje, descripcion = EXCLUDED.descripcion;
INSERT INTO curriculum_objective_items (objective_id, orden, descripcion) VALUES ('cea7a9aa-846e-481c-abf2-35af6703b74e', 1, 'usando representaciones concretas y pictóricas') ON CONFLICT (objective_id, orden) DO UPDATE SET descripcion = EXCLUDED.descripcion;
INSERT INTO curriculum_objective_items (objective_id, orden, descripcion) VALUES ('cea7a9aa-846e-481c-abf2-35af6703b74e', 2, 'expresando una multiplicación como una adición de sumandos iguales') ON CONFLICT (objective_id, orden) DO UPDATE SET descripcion = EXCLUDED.descripcion;
INSERT INTO curriculum_objective_items (objective_id, orden, descripcion) VALUES ('cea7a9aa-846e-481c-abf2-35af6703b74e', 3, 'usando la distributividad como estrategia para construir las tablas hasta el 10') ON CONFLICT (objective_id, orden) DO UPDATE SET descripcion = EXCLUDED.descripcion;
INSERT INTO curriculum_objective_items (objective_id, orden, descripcion) VALUES ('cea7a9aa-846e-481c-abf2-35af6703b74e', 4, 'aplicando los resultados de las tablas de multiplicación hasta 10 · 10, sin realizar') ON CONFLICT (objective_id, orden) DO UPDATE SET descripcion = EXCLUDED.descripcion;
INSERT INTO curriculum_objective_items (objective_id, orden, descripcion) VALUES ('cea7a9aa-846e-481c-abf2-35af6703b74e', 5, 'resolviendo problemas que involucren las tablas aprendidas hasta el 10 prenden la división en el contexto de las tablas7 de hasta 10 · 10: rutinarios en contextos cotidianos, que incluyan dinero e involu1 1 1 2 3 renden las fracciones de uso común: , , , , : 4 3 2 3 4') ON CONFLICT (objective_id, orden) DO UPDATE SET descripcion = EXCLUDED.descripcion;
INSERT INTO curriculum_objective_items (objective_id, orden, descripcion) VALUES ('cea7a9aa-846e-481c-abf2-35af6703b74e', 6, 'explicando que una fracción representa la parte de un todo8, de manera concreta,') ON CONFLICT (objective_id, orden) DO UPDATE SET descripcion = EXCLUDED.descripcion;
INSERT INTO curriculum_objective_items (objective_id, orden, descripcion) VALUES ('cea7a9aa-846e-481c-abf2-35af6703b74e', 7, 'describiendo situaciones en las cuales se puede usar fracciones') ON CONFLICT (objective_id, orden) DO UPDATE SET descripcion = EXCLUDED.descripcion;
INSERT INTO curriculum_objective_items (objective_id, orden, descripcion) VALUES ('cea7a9aa-846e-481c-abf2-35af6703b74e', 8, 'comparando fracciones de un mismo todo, de igual denominador y registrar patrones numéricos, usando una variedad de estrategias de manera manual y/o con software educativo. s de un paso que involucren adiciones y sustracciones y un símboización de un objeto en un mapa simple o en una cuadrícula. renden la relación que existe entre figuras 3D y figuras 2D: aralelepípedos, esferas, conos, cilindros y pirámides de acuerdo a la torno figuras 2D que están trasladadas, reflejadas y rotadas. renden el concepto de ángulo: interpretar líneas de tiempo y calendarios. clasificar y organizar los datos obtenidos en tablas y visualizarlos') ON CONFLICT (objective_id, orden) DO UPDATE SET descripcion = EXCLUDED.descripcion;
INSERT INTO curriculum_objectives (id, grade_id, codigo, tipo, eje, descripcion) VALUES ('42a736b9-02a6-48fe-b671-ab52e5f3af46', '53efd22e-b8db-4769-ae3e-fba84d893687', 'OA_a', 'habilidad', 'Patrones y Álgebra', 'Resolver problemas dados o creados.') ON CONFLICT (id) DO UPDATE SET grade_id = EXCLUDED.grade_id, codigo = EXCLUDED.codigo, tipo = EXCLUDED.tipo, eje = EXCLUDED.eje, descripcion = EXCLUDED.descripcion;
INSERT INTO curriculum_objectives (id, grade_id, codigo, tipo, eje, descripcion) VALUES ('9d91fed5-c5f9-4192-a320-ca75c90d1db6', '53efd22e-b8db-4769-ae3e-fba84d893687', 'OA_b', 'habilidad', 'Habilidades: Resolver problemas', 'Emplear diversas estrategias para resolver problemas y alcanzar respuestas adecuadas, como la estrategia de los 4 pasos: entender, planificar, hacer y comprobar.') ON CONFLICT (id) DO UPDATE SET grade_id = EXCLUDED.grade_id, codigo = EXCLUDED.codigo, tipo = EXCLUDED.tipo, eje = EXCLUDED.eje, descripcion = EXCLUDED.descripcion;
INSERT INTO curriculum_objectives (id, grade_id, codigo, tipo, eje, descripcion) VALUES ('c5842c89-dbbd-4622-ab74-a21950c02310', '53efd22e-b8db-4769-ae3e-fba84d893687', 'OA_c', 'habilidad', 'Habilidades: Resolver problemas', 'Transferir los procedimientos utilizados en situaciones ya resueltas a problemas similares.') ON CONFLICT (id) DO UPDATE SET grade_id = EXCLUDED.grade_id, codigo = EXCLUDED.codigo, tipo = EXCLUDED.tipo, eje = EXCLUDED.eje, descripcion = EXCLUDED.descripcion;
INSERT INTO curriculum_objectives (id, grade_id, codigo, tipo, eje, descripcion) VALUES ('bcc102d6-0643-4e6c-96be-1f06b147e674', '53efd22e-b8db-4769-ae3e-fba84d893687', 'OA_d', 'habilidad', 'Habilidades: Argumentar y comunicar', 'Formular preguntas para profundizar el conocimiento y la comprensión.') ON CONFLICT (id) DO UPDATE SET grade_id = EXCLUDED.grade_id, codigo = EXCLUDED.codigo, tipo = EXCLUDED.tipo, eje = EXCLUDED.eje, descripcion = EXCLUDED.descripcion;
INSERT INTO curriculum_objectives (id, grade_id, codigo, tipo, eje, descripcion) VALUES ('79bf20c7-fe30-4f0f-9311-f8c6ce3f4074', '53efd22e-b8db-4769-ae3e-fba84d893687', 'OA_e', 'habilidad', 'Habilidades: Argumentar y comunicar', 'Descubrir regularidades matemáticas –la estructura de las operaciones inversas, el valor posicional en el sistema decimal, patrones como los múltiplos– y comunicarlas a otros.') ON CONFLICT (id) DO UPDATE SET grade_id = EXCLUDED.grade_id, codigo = EXCLUDED.codigo, tipo = EXCLUDED.tipo, eje = EXCLUDED.eje, descripcion = EXCLUDED.descripcion;
INSERT INTO curriculum_objectives (id, grade_id, codigo, tipo, eje, descripcion) VALUES ('881525af-bc6e-4fca-a96b-4af5c6e97740', '53efd22e-b8db-4769-ae3e-fba84d893687', 'OA_f', 'habilidad', 'Habilidades: Argumentar y comunicar', 'Hacer deducciones matemáticas.') ON CONFLICT (id) DO UPDATE SET grade_id = EXCLUDED.grade_id, codigo = EXCLUDED.codigo, tipo = EXCLUDED.tipo, eje = EXCLUDED.eje, descripcion = EXCLUDED.descripcion;
INSERT INTO curriculum_objectives (id, grade_id, codigo, tipo, eje, descripcion) VALUES ('964cade1-e052-4eaf-b1f7-dccdf39199f0', '53efd22e-b8db-4769-ae3e-fba84d893687', 'OA_g', 'habilidad', 'Habilidades: Argumentar y comunicar', 'Comprobar una solución y fundamentar su razonamiento.') ON CONFLICT (id) DO UPDATE SET grade_id = EXCLUDED.grade_id, codigo = EXCLUDED.codigo, tipo = EXCLUDED.tipo, eje = EXCLUDED.eje, descripcion = EXCLUDED.descripcion;
INSERT INTO curriculum_objectives (id, grade_id, codigo, tipo, eje, descripcion) VALUES ('e0010876-5d1c-4b29-966c-da7f2ac102b5', '53efd22e-b8db-4769-ae3e-fba84d893687', 'OA_h', 'habilidad', 'Habilidades: Argumentar y comunicar', 'Escuchar el razonamiento de otros para enriquecerse y para corregir errores.') ON CONFLICT (id) DO UPDATE SET grade_id = EXCLUDED.grade_id, codigo = EXCLUDED.codigo, tipo = EXCLUDED.tipo, eje = EXCLUDED.eje, descripcion = EXCLUDED.descripcion;
INSERT INTO curriculum_objectives (id, grade_id, codigo, tipo, eje, descripcion) VALUES ('1adeb0db-34eb-4313-8ffd-636a980239fd', '53efd22e-b8db-4769-ae3e-fba84d893687', 'OA_i', 'habilidad', 'Habilidades: Modelar', 'Aplicar, seleccionar, modificar y evaluar modelos que involucren las cuatro operaciones con números naturales y fracciones, la ubicación en la recta numérica y en el plano, y el análisis de datos.') ON CONFLICT (id) DO UPDATE SET grade_id = EXCLUDED.grade_id, codigo = EXCLUDED.codigo, tipo = EXCLUDED.tipo, eje = EXCLUDED.eje, descripcion = EXCLUDED.descripcion;
INSERT INTO curriculum_objectives (id, grade_id, codigo, tipo, eje, descripcion) VALUES ('a910ceb7-9634-4d1a-b3dc-4e5afcb64d19', '53efd22e-b8db-4769-ae3e-fba84d893687', 'OA_j', 'habilidad', 'Habilidades: Modelar', 'Expresar, a partir de representaciones pictóricas y explicaciones dadas, acciones y situaciones cotidianas en lenguaje matemático.') ON CONFLICT (id) DO UPDATE SET grade_id = EXCLUDED.grade_id, codigo = EXCLUDED.codigo, tipo = EXCLUDED.tipo, eje = EXCLUDED.eje, descripcion = EXCLUDED.descripcion;
INSERT INTO curriculum_objectives (id, grade_id, codigo, tipo, eje, descripcion) VALUES ('ebb0d7e4-4633-4705-832a-bf2c0737f6a4', '53efd22e-b8db-4769-ae3e-fba84d893687', 'OA_k', 'habilidad', 'Habilidades: Modelar', 'Identificar regularidades en expresiones numéricas y geométricas.') ON CONFLICT (id) DO UPDATE SET grade_id = EXCLUDED.grade_id, codigo = EXCLUDED.codigo, tipo = EXCLUDED.tipo, eje = EXCLUDED.eje, descripcion = EXCLUDED.descripcion;
INSERT INTO curriculum_objectives (id, grade_id, codigo, tipo, eje, descripcion) VALUES ('6326c2d9-4da2-47e5-8677-39d2bf925135', '53efd22e-b8db-4769-ae3e-fba84d893687', 'OA_l', 'habilidad', 'Habilidades: Representar', 'Utilizar formas de representación adecuadas, como esquemas y tablas, con un lenguaje técnico específico y con los símbolos matemáticos correctos.') ON CONFLICT (id) DO UPDATE SET grade_id = EXCLUDED.grade_id, codigo = EXCLUDED.codigo, tipo = EXCLUDED.tipo, eje = EXCLUDED.eje, descripcion = EXCLUDED.descripcion;
INSERT INTO curriculum_objectives (id, grade_id, codigo, tipo, eje, descripcion) VALUES ('e8e5326a-c135-4c3b-95cc-61ef523e88dc', '53efd22e-b8db-4769-ae3e-fba84d893687', 'OA_m', 'habilidad', 'Habilidades: Representar', 'Crear un problema real a partir de una expresión matemática, una ecuación o una representación.') ON CONFLICT (id) DO UPDATE SET grade_id = EXCLUDED.grade_id, codigo = EXCLUDED.codigo, tipo = EXCLUDED.tipo, eje = EXCLUDED.eje, descripcion = EXCLUDED.descripcion;
INSERT INTO curriculum_objectives (id, grade_id, codigo, tipo, eje, descripcion) VALUES ('7b8aead0-30df-4076-b3ee-8d8023dbcbc8', '53efd22e-b8db-4769-ae3e-fba84d893687', 'OA_n', 'habilidad', 'Habilidades: Representar', 'Transferir una situación de un nivel de representación a otro (por ejemplo: de lo concreto a lo pictórico y de lo pictórico a lo simbólico, y viceversa).') ON CONFLICT (id) DO UPDATE SET grade_id = EXCLUDED.grade_id, codigo = EXCLUDED.codigo, tipo = EXCLUDED.tipo, eje = EXCLUDED.eje, descripcion = EXCLUDED.descripcion;
INSERT INTO curriculum_grades (id, subject_id, grado, label, total_objetivos) VALUES ('0d462da4-a175-4992-97fb-df39597231dd', 'eaf39df1-72fa-412c-8ebd-c71da8cd50b0', '4', '4° Básico', 19) ON CONFLICT (id) DO UPDATE SET subject_id = EXCLUDED.subject_id, grado = EXCLUDED.grado, label = EXCLUDED.label, total_objetivos = EXCLUDED.total_objetivos;
INSERT INTO curriculum_objectives (id, grade_id, codigo, tipo, eje, descripcion) VALUES ('e968ecdb-4e8c-4582-9af8-39a996e199de', '0d462da4-a175-4992-97fb-df39597231dd', 'OA1', 'conocimiento', 'Números y Operaciones', 'Representar y describir números del 0 al 10 000: tándolos de 10 en 10, de 100 en 100, de 1 000 en 1 000 ú aditiva, de acuerdo a su valor posicional') ON CONFLICT (id) DO UPDATE SET grade_id = EXCLUDED.grade_id, codigo = EXCLUDED.codigo, tipo = EXCLUDED.tipo, eje = EXCLUDED.eje, descripcion = EXCLUDED.descripcion;
INSERT INTO curriculum_objective_items (objective_id, orden, descripcion) VALUES ('e968ecdb-4e8c-4582-9af8-39a996e199de', 1, 'leyéndolos y escribiéndolos') ON CONFLICT (objective_id, orden) DO UPDATE SET descripcion = EXCLUDED.descripcion;
INSERT INTO curriculum_objective_items (objective_id, orden, descripcion) VALUES ('e968ecdb-4e8c-4582-9af8-39a996e199de', 2, 'representándolos en forma concreta, pictórica y simbólica') ON CONFLICT (objective_id, orden) DO UPDATE SET descripcion = EXCLUDED.descripcion;
INSERT INTO curriculum_objective_items (objective_id, orden, descripcion) VALUES ('e968ecdb-4e8c-4582-9af8-39a996e199de', 3, 'comparándolos y ordenándolos en la recta numérica o la tabla posicional') ON CONFLICT (objective_id, orden) DO UPDATE SET descripcion = EXCLUDED.descripcion;
INSERT INTO curriculum_objective_items (objective_id, orden, descripcion) VALUES ('e968ecdb-4e8c-4582-9af8-39a996e199de', 4, 'identificando el valor posicional de los dígitos hasta la decena de mil') ON CONFLICT (objective_id, orden) DO UPDATE SET descripcion = EXCLUDED.descripcion;
INSERT INTO curriculum_objective_items (objective_id, orden, descripcion) VALUES ('e968ecdb-4e8c-4582-9af8-39a996e199de', 5, 'componiendo y descomponiendo números naturales hasta 10 000 en forma') ON CONFLICT (objective_id, orden) DO UPDATE SET descripcion = EXCLUDED.descripcion;
INSERT INTO curriculum_objectives (id, grade_id, codigo, tipo, eje, descripcion) VALUES ('d6b4ac45-9cf4-482c-b4de-389fd3366979', '0d462da4-a175-4992-97fb-df39597231dd', 'OA2', 'conocimiento', 'Números y Operaciones', 'Describir y aplicar estrategias de cálculo mental para determinar las multiplicaciones hasta 10 · 10 y sus divisiones correspondientes:') ON CONFLICT (id) DO UPDATE SET grade_id = EXCLUDED.grade_id, codigo = EXCLUDED.codigo, tipo = EXCLUDED.tipo, eje = EXCLUDED.eje, descripcion = EXCLUDED.descripcion;
INSERT INTO curriculum_objective_items (objective_id, orden, descripcion) VALUES ('d6b4ac45-9cf4-482c-b4de-389fd3366979', 1, 'conteo hacia delante y atrás') ON CONFLICT (objective_id, orden) DO UPDATE SET descripcion = EXCLUDED.descripcion;
INSERT INTO curriculum_objective_items (objective_id, orden, descripcion) VALUES ('d6b4ac45-9cf4-482c-b4de-389fd3366979', 2, 'doblar y dividir por 2') ON CONFLICT (objective_id, orden) DO UPDATE SET descripcion = EXCLUDED.descripcion;
INSERT INTO curriculum_objective_items (objective_id, orden, descripcion) VALUES ('d6b4ac45-9cf4-482c-b4de-389fd3366979', 3, 'por descomposición') ON CONFLICT (objective_id, orden) DO UPDATE SET descripcion = EXCLUDED.descripcion;
INSERT INTO curriculum_objective_items (objective_id, orden, descripcion) VALUES ('d6b4ac45-9cf4-482c-b4de-389fd3366979', 4, 'usar el doble del doble') ON CONFLICT (objective_id, orden) DO UPDATE SET descripcion = EXCLUDED.descripcion;
INSERT INTO curriculum_objectives (id, grade_id, codigo, tipo, eje, descripcion) VALUES ('ce4f2e4b-df59-45f2-8994-8a6c167accf4', '0d462da4-a175-4992-97fb-df39597231dd', 'OA3', 'conocimiento', 'Números y Operaciones', 'Demostrar que comprenden la adición y la sustracción de números hasta 1 000: sustracciones sustracción de hasta un sustraendo') ON CONFLICT (id) DO UPDATE SET grade_id = EXCLUDED.grade_id, codigo = EXCLUDED.codigo, tipo = EXCLUDED.tipo, eje = EXCLUDED.eje, descripcion = EXCLUDED.descripcion;
INSERT INTO curriculum_objective_items (objective_id, orden, descripcion) VALUES ('ce4f2e4b-df59-45f2-8994-8a6c167accf4', 1, 'usando estrategias personales para realizar estas operaciones') ON CONFLICT (objective_id, orden) DO UPDATE SET descripcion = EXCLUDED.descripcion;
INSERT INTO curriculum_objective_items (objective_id, orden, descripcion) VALUES ('ce4f2e4b-df59-45f2-8994-8a6c167accf4', 2, 'descomponiendo los números involucrados') ON CONFLICT (objective_id, orden) DO UPDATE SET descripcion = EXCLUDED.descripcion;
INSERT INTO curriculum_objective_items (objective_id, orden, descripcion) VALUES ('ce4f2e4b-df59-45f2-8994-8a6c167accf4', 3, 'estimando sumas y diferencias') ON CONFLICT (objective_id, orden) DO UPDATE SET descripcion = EXCLUDED.descripcion;
INSERT INTO curriculum_objective_items (objective_id, orden, descripcion) VALUES ('ce4f2e4b-df59-45f2-8994-8a6c167accf4', 4, 'resolviendo problemas rutinarios y no rutinarios que incluyan adiciones y') ON CONFLICT (objective_id, orden) DO UPDATE SET descripcion = EXCLUDED.descripcion;
INSERT INTO curriculum_objective_items (objective_id, orden, descripcion) VALUES ('ce4f2e4b-df59-45f2-8994-8a6c167accf4', 5, 'aplicando los algoritmos en la adición de hasta cuatro sumandos y en la') ON CONFLICT (objective_id, orden) DO UPDATE SET descripcion = EXCLUDED.descripcion;
INSERT INTO curriculum_objectives (id, grade_id, codigo, tipo, eje, descripcion) VALUES ('43e0ee7b-94c1-45b5-9f1f-db27937fa0a1', '0d462da4-a175-4992-97fb-df39597231dd', 'OA4', 'conocimiento', 'Números y Operaciones', 'Fundamentar y aplicar las propiedades del 0 y del 1 para la multiplicación y la propiedad del 1 para la división.') ON CONFLICT (id) DO UPDATE SET grade_id = EXCLUDED.grade_id, codigo = EXCLUDED.codigo, tipo = EXCLUDED.tipo, eje = EXCLUDED.eje, descripcion = EXCLUDED.descripcion;
INSERT INTO curriculum_objectives (id, grade_id, codigo, tipo, eje, descripcion) VALUES ('dc570690-503f-46dc-bbaa-fe3155164709', '0d462da4-a175-4992-97fb-df39597231dd', 'OA5', 'conocimiento', 'Números y Operaciones', 'Demostrar que comprenden la multiplicación de números de tres dígitos por números de un dígito: úusando estrategias con o sin material concreto úutilizando las tablas de multiplicación úestimando productos úusando la propiedad distributiva de la multiplicación respecto de la suma úaplicando el algoritmo de la multiplicación úresolviendo problemas rutinarios prenden la división con dividendos de dos dígitos y divisores de un dígito: dinero, seleccionando y utilizando la operación apropiada. 4, 3, 2: elementos y un lugar en la recta numérica material concreto y pictórico nadores 100, 12, 10, 8, 6, 5, 4, 3, 2) de manera concreta y pictórica en el contexto de la resolución de problemas. el 5 de manera concreta, pictórica y simbólica, en el contexto de la resolución de problemas. representándolos en forma concreta, pictórica y simbólica, de manera manual ú y/o con software educativo comparándolos y ordenándolos hasta la centésima ú hasta la centésima en el contexto de la resolución de problemas. ciones, comprobando los resultados en forma pictórica y simbólica del 0 al 100 y aplicando las relaciones inversas entre la adición y la sustracción. que distintos rectángulos pueden tener la misma área 26 Realizar experimentos aleatorios lúdicos y cotidianos, y tabular y representar mediante gráficos de manera manual y/o con software educativo. 27 Leer e interpretar pictogramas y gráficos de barra simple con escala y comunicar sus conclusiones.') ON CONFLICT (id) DO UPDATE SET grade_id = EXCLUDED.grade_id, codigo = EXCLUDED.codigo, tipo = EXCLUDED.tipo, eje = EXCLUDED.eje, descripcion = EXCLUDED.descripcion;
INSERT INTO curriculum_objective_items (objective_id, orden, descripcion) VALUES ('dc570690-503f-46dc-bbaa-fe3155164709', 1, 'usando estrategias para dividir, con o sin material concreto') ON CONFLICT (objective_id, orden) DO UPDATE SET descripcion = EXCLUDED.descripcion;
INSERT INTO curriculum_objective_items (objective_id, orden, descripcion) VALUES ('dc570690-503f-46dc-bbaa-fe3155164709', 2, 'utilizando la relación que existe entre la división y la multiplicación') ON CONFLICT (objective_id, orden) DO UPDATE SET descripcion = EXCLUDED.descripcion;
INSERT INTO curriculum_objective_items (objective_id, orden, descripcion) VALUES ('dc570690-503f-46dc-bbaa-fe3155164709', 3, 'estimando el cociente') ON CONFLICT (objective_id, orden) DO UPDATE SET descripcion = EXCLUDED.descripcion;
INSERT INTO curriculum_objective_items (objective_id, orden, descripcion) VALUES ('dc570690-503f-46dc-bbaa-fe3155164709', 4, 'aplicando la estrategia por descomposición del dividendo') ON CONFLICT (objective_id, orden) DO UPDATE SET descripcion = EXCLUDED.descripcion;
INSERT INTO curriculum_objective_items (objective_id, orden, descripcion) VALUES ('dc570690-503f-46dc-bbaa-fe3155164709', 5, 'aplicando el algoritmo de la división s rutinarios y no rutinarios en contextos cotidianos que incluyen prende las fracciones con denominadores 100, 12, 10, 8, 6, 5,') ON CONFLICT (objective_id, orden) DO UPDATE SET descripcion = EXCLUDED.descripcion;
INSERT INTO curriculum_objective_items (objective_id, orden, descripcion) VALUES ('dc570690-503f-46dc-bbaa-fe3155164709', 6, 'explicando que una fracción representa la parte de un todo o de un grupo de') ON CONFLICT (objective_id, orden) DO UPDATE SET descripcion = EXCLUDED.descripcion;
INSERT INTO curriculum_objective_items (objective_id, orden, descripcion) VALUES ('dc570690-503f-46dc-bbaa-fe3155164709', 7, 'describiendo situaciones en las cuales se puede usar fracciones') ON CONFLICT (objective_id, orden) DO UPDATE SET descripcion = EXCLUDED.descripcion;
INSERT INTO curriculum_objective_items (objective_id, orden, descripcion) VALUES ('dc570690-503f-46dc-bbaa-fe3155164709', 8, 'mostrando que una fracción puede tener representaciones diferentes') ON CONFLICT (objective_id, orden) DO UPDATE SET descripcion = EXCLUDED.descripcion;
INSERT INTO curriculum_objective_items (objective_id, orden, descripcion) VALUES ('dc570690-503f-46dc-bbaa-fe3155164709', 9, 'comparando y ordenando fracciones (por ejemplo: 1 , 1 , 1 , 1 , 1 ) con 100 8 5 4 2 s y sustracciones de fracciones con igual denominador (denomibir y representar fracciones propias y los números mixtos hasta entar decimales (décimos y centésimos): y sustracciones de decimales, empleando el valor posicional ribir patrones numéricos en tablas que involucren una operación, /o usando software educativo. s e inecuaciones de un paso que involucren adiciones y sustracación absoluta de un objeto en un mapa simple con coordenadas plo: con letras y números) y la localización relativa con relación s de figuras 3D desde el frente, desde el lado y desde arriba. nden una línea de simetría: as simétricas 2D étricas 2D líneas de simetría en figuras 2D métrico eflejar figuras 2D. n el transportador y compararlos. ersas mediciones del tiempo en relojes análogos y digitales, A.M., P.M. y 24 horas. s entre unidades de tiempo en el contexto de la resolución de de segundos en un minuto, el número de minutos en una ías en un mes y el número de meses en un año. unidades estandarizadas (m, cm) y realizar transformaciones (m a cm y viceversa) en el contexto de la resolución de pronden el concepto de área de un rectángulo y de un cuadral área de una superficie se mide en unidades cuadradas stificando la elección de la unidad estandarizada (cm2 y m2) istrando el área en cm2 y m2 en contextos cercanos entes rectángulos para un área dada (cm2 y m2), para mostrar ométrico nden el concepto de volumen de un cuerpo: nidad no estandarizada para medir el volumen de un cuerpo volumen se mide en unidades de cubo ndo el volumen en unidades de cubo métrico s, analizar los datos y comparar con los resultados de muestras tablas y gráficos.') ON CONFLICT (objective_id, orden) DO UPDATE SET descripcion = EXCLUDED.descripcion;
INSERT INTO curriculum_objectives (id, grade_id, codigo, tipo, eje, descripcion) VALUES ('21cca22c-2b42-4f33-8607-d9483a80d6a1', '0d462da4-a175-4992-97fb-df39597231dd', 'OA_a', 'habilidad', 'Patrones y Álgebra', 'Reconocer e identificar los datos esenciales de un problema matemático.') ON CONFLICT (id) DO UPDATE SET grade_id = EXCLUDED.grade_id, codigo = EXCLUDED.codigo, tipo = EXCLUDED.tipo, eje = EXCLUDED.eje, descripcion = EXCLUDED.descripcion;
INSERT INTO curriculum_objectives (id, grade_id, codigo, tipo, eje, descripcion) VALUES ('2b8124dd-9a4b-4829-aeb0-6a7d9f2dfd37', '0d462da4-a175-4992-97fb-df39597231dd', 'OA_b', 'habilidad', 'Habilidades: Resolver problemas', 'Resolver problemas, aplicando una variedad de estrategias, como la estrategia de los 4 pasos: entender, planificar, hacer y comprobar.') ON CONFLICT (id) DO UPDATE SET grade_id = EXCLUDED.grade_id, codigo = EXCLUDED.codigo, tipo = EXCLUDED.tipo, eje = EXCLUDED.eje, descripcion = EXCLUDED.descripcion;
INSERT INTO curriculum_objectives (id, grade_id, codigo, tipo, eje, descripcion) VALUES ('c8b9ccb3-3faa-4957-bd94-73951cebb48d', '0d462da4-a175-4992-97fb-df39597231dd', 'OA_c', 'habilidad', 'Habilidades: Resolver problemas', 'Comprender y evaluar estrategias de resolución de problemas de otros.') ON CONFLICT (id) DO UPDATE SET grade_id = EXCLUDED.grade_id, codigo = EXCLUDED.codigo, tipo = EXCLUDED.tipo, eje = EXCLUDED.eje, descripcion = EXCLUDED.descripcion;
INSERT INTO curriculum_objectives (id, grade_id, codigo, tipo, eje, descripcion) VALUES ('fb2ccf14-ef4f-4471-acee-da364e5a8620', '0d462da4-a175-4992-97fb-df39597231dd', 'OA_d', 'habilidad', 'Habilidades: Argumentar y comunicar', 'Formular preguntas y posibles respuestas frente a suposiciones y reglas matemáticas.') ON CONFLICT (id) DO UPDATE SET grade_id = EXCLUDED.grade_id, codigo = EXCLUDED.codigo, tipo = EXCLUDED.tipo, eje = EXCLUDED.eje, descripcion = EXCLUDED.descripcion;
INSERT INTO curriculum_objectives (id, grade_id, codigo, tipo, eje, descripcion) VALUES ('5d0ec9d5-e262-4a04-990a-bf3eeab930ed', '0d462da4-a175-4992-97fb-df39597231dd', 'OA_e', 'habilidad', 'Habilidades: Argumentar y comunicar', 'Comprobar reglas y propiedades.') ON CONFLICT (id) DO UPDATE SET grade_id = EXCLUDED.grade_id, codigo = EXCLUDED.codigo, tipo = EXCLUDED.tipo, eje = EXCLUDED.eje, descripcion = EXCLUDED.descripcion;
INSERT INTO curriculum_objectives (id, grade_id, codigo, tipo, eje, descripcion) VALUES ('9cafceba-f775-40b0-81de-fdb1e76f8931', '0d462da4-a175-4992-97fb-df39597231dd', 'OA_f', 'habilidad', 'Habilidades: Argumentar y comunicar', 'Comunicar de manera escrita y verbal razonamientos matemáticos: údescribiendo los procedimientos utilizados úusando los términos matemáticos pertinentes') ON CONFLICT (id) DO UPDATE SET grade_id = EXCLUDED.grade_id, codigo = EXCLUDED.codigo, tipo = EXCLUDED.tipo, eje = EXCLUDED.eje, descripcion = EXCLUDED.descripcion;
INSERT INTO curriculum_objectives (id, grade_id, codigo, tipo, eje, descripcion) VALUES ('44a66b26-56f8-451b-8767-57d2cf07e92b', '0d462da4-a175-4992-97fb-df39597231dd', 'OA_g', 'habilidad', 'Habilidades: Argumentar y comunicar', 'Identificar un error, explicar su causa y corregirlo.') ON CONFLICT (id) DO UPDATE SET grade_id = EXCLUDED.grade_id, codigo = EXCLUDED.codigo, tipo = EXCLUDED.tipo, eje = EXCLUDED.eje, descripcion = EXCLUDED.descripcion;
INSERT INTO curriculum_objectives (id, grade_id, codigo, tipo, eje, descripcion) VALUES ('d04b53a1-e1ff-4d11-9c2b-359b8cd5d4ac', '0d462da4-a175-4992-97fb-df39597231dd', 'OA_h', 'habilidad', 'Habilidades: Argumentar y comunicar', 'Documentar el procedimiento para resolver problemas, registrándolo en forma estructurada y comprensible.') ON CONFLICT (id) DO UPDATE SET grade_id = EXCLUDED.grade_id, codigo = EXCLUDED.codigo, tipo = EXCLUDED.tipo, eje = EXCLUDED.eje, descripcion = EXCLUDED.descripcion;
INSERT INTO curriculum_objectives (id, grade_id, codigo, tipo, eje, descripcion) VALUES ('81a62d5f-2673-4d23-8ce0-f5ca015ec3e5', '0d462da4-a175-4992-97fb-df39597231dd', 'OA_i', 'habilidad', 'Habilidades: Modelar', 'Aplicar, seleccionar, modificar y evaluar modelos que involucren las cuatro operaciones con decimales y fracciones, la ubicación en la recta numérica y en el plano, el análisis de datos y predicciones de probabilidades sobre la base de experimentos aleatorios.') ON CONFLICT (id) DO UPDATE SET grade_id = EXCLUDED.grade_id, codigo = EXCLUDED.codigo, tipo = EXCLUDED.tipo, eje = EXCLUDED.eje, descripcion = EXCLUDED.descripcion;
INSERT INTO curriculum_objectives (id, grade_id, codigo, tipo, eje, descripcion) VALUES ('5217a382-755e-4821-966a-a08096dfc07d', '0d462da4-a175-4992-97fb-df39597231dd', 'OA_j', 'habilidad', 'Habilidades: Modelar', 'Traducir expresiones de lenguaje cotidiano a lenguaje matemático y viceversa') ON CONFLICT (id) DO UPDATE SET grade_id = EXCLUDED.grade_id, codigo = EXCLUDED.codigo, tipo = EXCLUDED.tipo, eje = EXCLUDED.eje, descripcion = EXCLUDED.descripcion;
INSERT INTO curriculum_objectives (id, grade_id, codigo, tipo, eje, descripcion) VALUES ('55952679-0a5c-4a03-a9aa-0d4af94f59b3', '0d462da4-a175-4992-97fb-df39597231dd', 'OA_k', 'habilidad', 'Habilidades: Modelar', 'Modelar matemáticamente situaciones cotidianas: úorganizando datos úidentificando patrones o regularidades úusando simbología matemática para expresarlas') ON CONFLICT (id) DO UPDATE SET grade_id = EXCLUDED.grade_id, codigo = EXCLUDED.codigo, tipo = EXCLUDED.tipo, eje = EXCLUDED.eje, descripcion = EXCLUDED.descripcion;
INSERT INTO curriculum_objectives (id, grade_id, codigo, tipo, eje, descripcion) VALUES ('ff5950f2-307b-4aa0-b7c8-0f4f8ea4f748', '0d462da4-a175-4992-97fb-df39597231dd', 'OA_l', 'habilidad', 'Habilidades: Representar', 'Extraer información del entorno y representarla matemáticamente en diagramas, tablas y gráficos, interpretando los datos extraídos.') ON CONFLICT (id) DO UPDATE SET grade_id = EXCLUDED.grade_id, codigo = EXCLUDED.codigo, tipo = EXCLUDED.tipo, eje = EXCLUDED.eje, descripcion = EXCLUDED.descripcion;
INSERT INTO curriculum_objectives (id, grade_id, codigo, tipo, eje, descripcion) VALUES ('5745f3e8-1182-48e8-857b-d2110da571c0', '0d462da4-a175-4992-97fb-df39597231dd', 'OA_m', 'habilidad', 'Habilidades: Representar', 'Usar representaciones y estrategias para comprender mejor problemas e información matemática.') ON CONFLICT (id) DO UPDATE SET grade_id = EXCLUDED.grade_id, codigo = EXCLUDED.codigo, tipo = EXCLUDED.tipo, eje = EXCLUDED.eje, descripcion = EXCLUDED.descripcion;
INSERT INTO curriculum_objectives (id, grade_id, codigo, tipo, eje, descripcion) VALUES ('758291d2-c48c-4f1d-a94c-cb032f7cf22d', '0d462da4-a175-4992-97fb-df39597231dd', 'OA_n', 'habilidad', 'Habilidades: Representar', 'Imaginar una situación y expresarla por medio de modelos matemáticos.') ON CONFLICT (id) DO UPDATE SET grade_id = EXCLUDED.grade_id, codigo = EXCLUDED.codigo, tipo = EXCLUDED.tipo, eje = EXCLUDED.eje, descripcion = EXCLUDED.descripcion;
INSERT INTO curriculum_grades (id, subject_id, grado, label, total_objetivos) VALUES ('c7876be3-6a22-4e6a-ae21-2dd72aaf9b19', 'eaf39df1-72fa-412c-8ebd-c71da8cd50b0', '5', '5° Básico', 20) ON CONFLICT (id) DO UPDATE SET subject_id = EXCLUDED.subject_id, grado = EXCLUDED.grado, label = EXCLUDED.label, total_objetivos = EXCLUDED.total_objetivos;
INSERT INTO curriculum_objectives (id, grade_id, codigo, tipo, eje, descripcion) VALUES ('b7bc8fa5-d0d9-4f4d-975a-a6879ec1f4ce', 'c7876be3-6a22-4e6a-ae21-2dd72aaf9b19', 'OA1', 'conocimiento', 'Números y Operaciones', 'Representar y describir números naturales de hasta más de 6 dígitos y menores .000 millones: expandida aproximando cantidades') ON CONFLICT (id) DO UPDATE SET grade_id = EXCLUDED.grade_id, codigo = EXCLUDED.codigo, tipo = EXCLUDED.tipo, eje = EXCLUDED.eje, descripcion = EXCLUDED.descripcion;
INSERT INTO curriculum_objective_items (objective_id, orden, descripcion) VALUES ('b7bc8fa5-d0d9-4f4d-975a-a6879ec1f4ce', 1, 'identificando el valor posicional de los dígitos') ON CONFLICT (objective_id, orden) DO UPDATE SET descripcion = EXCLUDED.descripcion;
INSERT INTO curriculum_objective_items (objective_id, orden, descripcion) VALUES ('b7bc8fa5-d0d9-4f4d-975a-a6879ec1f4ce', 2, 'componiendo y descomponiendo números naturales en forma estándar y') ON CONFLICT (objective_id, orden) DO UPDATE SET descripcion = EXCLUDED.descripcion;
INSERT INTO curriculum_objective_items (objective_id, orden, descripcion) VALUES ('b7bc8fa5-d0d9-4f4d-975a-a6879ec1f4ce', 3, 'comparando y ordenando números naturales en este ámbito numérico') ON CONFLICT (objective_id, orden) DO UPDATE SET descripcion = EXCLUDED.descripcion;
INSERT INTO curriculum_objective_items (objective_id, orden, descripcion) VALUES ('b7bc8fa5-d0d9-4f4d-975a-a6879ec1f4ce', 4, 'dando ejemplos de estos números naturales en contextos reales') ON CONFLICT (objective_id, orden) DO UPDATE SET descripcion = EXCLUDED.descripcion;
INSERT INTO curriculum_objectives (id, grade_id, codigo, tipo, eje, descripcion) VALUES ('6e1b6cc0-10e4-4180-82e3-eaae4216b3a4', 'c7876be3-6a22-4e6a-ae21-2dd72aaf9b19', 'OA2', 'conocimiento', 'Números y Operaciones', 'Aplicar estrategias de cálculo mental para la multiplicación:') ON CONFLICT (id) DO UPDATE SET grade_id = EXCLUDED.grade_id, codigo = EXCLUDED.codigo, tipo = EXCLUDED.tipo, eje = EXCLUDED.eje, descripcion = EXCLUDED.descripcion;
INSERT INTO curriculum_objective_items (objective_id, orden, descripcion) VALUES ('6e1b6cc0-10e4-4180-82e3-eaae4216b3a4', 1, 'anexar ceros cuando se multiplica por un múltiplo de 10') ON CONFLICT (objective_id, orden) DO UPDATE SET descripcion = EXCLUDED.descripcion;
INSERT INTO curriculum_objective_items (objective_id, orden, descripcion) VALUES ('6e1b6cc0-10e4-4180-82e3-eaae4216b3a4', 2, 'doblar y dividir por 2 en forma repetida') ON CONFLICT (objective_id, orden) DO UPDATE SET descripcion = EXCLUDED.descripcion;
INSERT INTO curriculum_objective_items (objective_id, orden, descripcion) VALUES ('6e1b6cc0-10e4-4180-82e3-eaae4216b3a4', 3, 'usando las propiedades conmutativa, asociativa y distributiva') ON CONFLICT (objective_id, orden) DO UPDATE SET descripcion = EXCLUDED.descripcion;
INSERT INTO curriculum_objectives (id, grade_id, codigo, tipo, eje, descripcion) VALUES ('24dca7c4-ba0c-4a22-ac0b-9833af61f4a9', 'c7876be3-6a22-4e6a-ae21-2dd72aaf9b19', 'OA3', 'conocimiento', 'Números y Operaciones', 'Demostrar que comprenden la multiplicación de números naturales de dos dígitos por números naturales de dos dígitos:') ON CONFLICT (id) DO UPDATE SET grade_id = EXCLUDED.grade_id, codigo = EXCLUDED.codigo, tipo = EXCLUDED.tipo, eje = EXCLUDED.eje, descripcion = EXCLUDED.descripcion;
INSERT INTO curriculum_objective_items (objective_id, orden, descripcion) VALUES ('24dca7c4-ba0c-4a22-ac0b-9833af61f4a9', 1, 'estimando productos') ON CONFLICT (objective_id, orden) DO UPDATE SET descripcion = EXCLUDED.descripcion;
INSERT INTO curriculum_objective_items (objective_id, orden, descripcion) VALUES ('24dca7c4-ba0c-4a22-ac0b-9833af61f4a9', 2, 'aplicando estrategias de cálculo mental') ON CONFLICT (objective_id, orden) DO UPDATE SET descripcion = EXCLUDED.descripcion;
INSERT INTO curriculum_objective_items (objective_id, orden, descripcion) VALUES ('24dca7c4-ba0c-4a22-ac0b-9833af61f4a9', 3, 'resolviendo problemas rutinarios y no rutinarios, aplicando el algoritmo') ON CONFLICT (objective_id, orden) DO UPDATE SET descripcion = EXCLUDED.descripcion;
INSERT INTO curriculum_objectives (id, grade_id, codigo, tipo, eje, descripcion) VALUES ('fa18a980-2f61-4adb-8c57-5187779478ce', 'c7876be3-6a22-4e6a-ae21-2dd72aaf9b19', 'OA4', 'conocimiento', 'Números y Operaciones', 'Demostrar que comprenden la división con dividendos de tres dígitos y divisores de un dígito:') ON CONFLICT (id) DO UPDATE SET grade_id = EXCLUDED.grade_id, codigo = EXCLUDED.codigo, tipo = EXCLUDED.tipo, eje = EXCLUDED.eje, descripcion = EXCLUDED.descripcion;
INSERT INTO curriculum_objective_items (objective_id, orden, descripcion) VALUES ('fa18a980-2f61-4adb-8c57-5187779478ce', 1, 'interpretando el resto') ON CONFLICT (objective_id, orden) DO UPDATE SET descripcion = EXCLUDED.descripcion;
INSERT INTO curriculum_objective_items (objective_id, orden, descripcion) VALUES ('fa18a980-2f61-4adb-8c57-5187779478ce', 2, 'resolviendo problemas rutinarios y no rutinarios que impliquen divisiones') ON CONFLICT (objective_id, orden) DO UPDATE SET descripcion = EXCLUDED.descripcion;
INSERT INTO curriculum_objectives (id, grade_id, codigo, tipo, eje, descripcion) VALUES ('d3fed9de-1b96-4759-8078-7690908bd49b', 'c7876be3-6a22-4e6a-ae21-2dd72aaf9b19', 'OA5', 'conocimiento', 'Números y Operaciones', 'Realizar cálculos que involucren las cuatro operaciones, aplicando las reglas relativas a paréntesis y la prevalencia de la multiplicación y la división por sobre la adición y la sustracción cuando corresponda.') ON CONFLICT (id) DO UPDATE SET grade_id = EXCLUDED.grade_id, codigo = EXCLUDED.codigo, tipo = EXCLUDED.tipo, eje = EXCLUDED.eje, descripcion = EXCLUDED.descripcion;
INSERT INTO curriculum_objective_items (objective_id, orden, descripcion) VALUES ('d3fed9de-1b96-4759-8078-7690908bd49b', 1, 'usando la propiedad distributiva de la multiplicación respecto de la suma') ON CONFLICT (objective_id, orden) DO UPDATE SET descripcion = EXCLUDED.descripcion;
INSERT INTO curriculum_objective_items (objective_id, orden, descripcion) VALUES ('d3fed9de-1b96-4759-8078-7690908bd49b', 2, 'aplicando el algoritmo de la multiplicación') ON CONFLICT (objective_id, orden) DO UPDATE SET descripcion = EXCLUDED.descripcion;
INSERT INTO curriculum_objective_items (objective_id, orden, descripcion) VALUES ('d3fed9de-1b96-4759-8078-7690908bd49b', 3, 'resolviendo problemas rutinarios') ON CONFLICT (objective_id, orden) DO UPDATE SET descripcion = EXCLUDED.descripcion;
INSERT INTO curriculum_objectives (id, grade_id, codigo, tipo, eje, descripcion) VALUES ('00fc711b-96d7-44aa-b2eb-04006473a851', 'c7876be3-6a22-4e6a-ae21-2dd72aaf9b19', 'OA6', 'conocimiento', 'Números y Operaciones', 'Resolver problemas rutinarios y no rutinarios que involucren las cuatro operaciones y combinaciones de ellas: 10.000 úrepresentándolas de manera concreta, pictórica y simbólica úcreando grupos de fracciones equivalentes –simplificando y amplificando– de manera concreta, pictórica y simbólica, de forma manual y/o con software educativo úcomparando fracciones propias con igual y distinto denominador de manera concreta, pictórica y simbólica dores 2, 3, 4, 5, 6, 8, 10, 12 y los números mixtos asociados: úusando material concreto y pictórico para representarlas, de manera manual y/o con software educativo úidentificando y determinando equivalencias entre fracciones impropias y números mixtos úrepresentando estas fracciones y estos números mixtos en la recta numérica nores o iguales a 12: 10. hasta la milésima. de fracciones propias o decimales hasta la milésima. adiciones y sustracciones, en forma pictórica y simbólica. coordenadas en números naturales. que son paralelos ú que se intersectan ú que son perpendiculares ú 18 Demostrar que comprenden el concepto de congruencia, usando la traslación, la reflexión y la rotación en cuadrículas y mediante software geométrico. resolución de problemas. 20 Realizar transformaciones entre unidades de medidas de longitud: km a m, m a cm, cm a mm y viceversa, de manera manual y/o usando software educativo. 21 Diseñar y construir diferentes rectángulos, dados el perímetro, el área o ambos, y sacar conclusiones. 22 Calcular áreas de triángulos, de paralelogramos y de trapecios, y estimar áreas de figuras irregulares, aplicando las siguientes estrategias: mento aleatorio, empleando los términos seguro – posible - poco posible - imposible. 25 Comparar probabilidades de distintos eventos sin calcularlas. 26 Leer, interpretar y completar tablas, gráficos de barra simple y gráficos de línea y comunicar sus conclusiones. 27 Utilizar diagramas de tallo y hojas para representar datos provenientes de muestras aleatorias.') ON CONFLICT (id) DO UPDATE SET grade_id = EXCLUDED.grade_id, codigo = EXCLUDED.codigo, tipo = EXCLUDED.tipo, eje = EXCLUDED.eje, descripcion = EXCLUDED.descripcion;
INSERT INTO curriculum_objective_items (objective_id, orden, descripcion) VALUES ('00fc711b-96d7-44aa-b2eb-04006473a851', 1, 'que incluyan situaciones con dinero') ON CONFLICT (objective_id, orden) DO UPDATE SET descripcion = EXCLUDED.descripcion;
INSERT INTO curriculum_objective_items (objective_id, orden, descripcion) VALUES ('00fc711b-96d7-44aa-b2eb-04006473a851', 2, 'usando la calculadora y el computador en ámbitos numéricos superiores al prenden las fracciones propias: prenden las fracciones impropias de uso común de denominas y sustracciones con fracciones propias con denominadores me-') ON CONFLICT (objective_id, orden) DO UPDATE SET descripcion = EXCLUDED.descripcion;
INSERT INTO curriculum_objective_items (objective_id, orden, descripcion) VALUES ('00fc711b-96d7-44aa-b2eb-04006473a851', 3, 'de manera pictórica y simbólica') ON CONFLICT (objective_id, orden) DO UPDATE SET descripcion = EXCLUDED.descripcion;
INSERT INTO curriculum_objective_items (objective_id, orden, descripcion) VALUES ('00fc711b-96d7-44aa-b2eb-04006473a851', 4, 'amplificando o simplificando mal que corresponde a fracciones con denominador 2, 4, 5 y decimales hasta la milésima. y sustracciones de decimales, empleando el valor posicional rutinarios y no rutinarios, aplicando adiciones y sustracciones egla que explique una sucesión dada y que permita hacer pre- , usando ecuaciones e inecuaciones de un paso, que involucren jar puntos en el primer cuadrante del plano cartesiano, dadas sus emplos de aristas y caras de figuras 3D y lados de figuras 2D: ongitudes con unidades estandarizadas (m, cm, mm) en el contexto de la') ON CONFLICT (objective_id, orden) DO UPDATE SET descripcion = EXCLUDED.descripcion;
INSERT INTO curriculum_objective_items (objective_id, orden, descripcion) VALUES ('00fc711b-96d7-44aa-b2eb-04006473a851', 5, 'conteo de cuadrículas') ON CONFLICT (objective_id, orden) DO UPDATE SET descripcion = EXCLUDED.descripcion;
INSERT INTO curriculum_objective_items (objective_id, orden, descripcion) VALUES ('00fc711b-96d7-44aa-b2eb-04006473a851', 6, 'comparación con el área de un rectángulo') ON CONFLICT (objective_id, orden) DO UPDATE SET descripcion = EXCLUDED.descripcion;
INSERT INTO curriculum_objective_items (objective_id, orden, descripcion) VALUES ('00fc711b-96d7-44aa-b2eb-04006473a851', 7, 'completar figuras por traslación io de datos e interpretarlo en su contexto. ilidad de ocurrencia de un evento por sobre la base de un experi-') ON CONFLICT (objective_id, orden) DO UPDATE SET descripcion = EXCLUDED.descripcion;
INSERT INTO curriculum_objectives (id, grade_id, codigo, tipo, eje, descripcion) VALUES ('b3912ffc-9dc7-4f39-8f17-bc8961ba08c1', 'c7876be3-6a22-4e6a-ae21-2dd72aaf9b19', 'OA_a', 'habilidad', 'Patrones y Álgebra', 'Reconocer e identificar los datos esenciales de un problema matemático.') ON CONFLICT (id) DO UPDATE SET grade_id = EXCLUDED.grade_id, codigo = EXCLUDED.codigo, tipo = EXCLUDED.tipo, eje = EXCLUDED.eje, descripcion = EXCLUDED.descripcion;
INSERT INTO curriculum_objectives (id, grade_id, codigo, tipo, eje, descripcion) VALUES ('a5394d85-ebf7-4d4a-a831-eda3ef77b123', 'c7876be3-6a22-4e6a-ae21-2dd72aaf9b19', 'OA_b', 'habilidad', 'Habilidades: Resolver problemas', 'Resolver problemas, aplicando una variedad de estrategias, como: úla estrategia de los 4 pasos: entender, planificar, hacer y comprobar úcomprender y evaluar estrategias de resolución de problemas de otros') ON CONFLICT (id) DO UPDATE SET grade_id = EXCLUDED.grade_id, codigo = EXCLUDED.codigo, tipo = EXCLUDED.tipo, eje = EXCLUDED.eje, descripcion = EXCLUDED.descripcion;
INSERT INTO curriculum_objectives (id, grade_id, codigo, tipo, eje, descripcion) VALUES ('2d8057d8-dc92-439b-a5f9-894da5e59842', 'c7876be3-6a22-4e6a-ae21-2dd72aaf9b19', 'OA_c', 'habilidad', 'Habilidades: Argumentar y comunicar', 'Formular preguntas y posibles respuestas frente a suposiciones y reglas matemáticas.') ON CONFLICT (id) DO UPDATE SET grade_id = EXCLUDED.grade_id, codigo = EXCLUDED.codigo, tipo = EXCLUDED.tipo, eje = EXCLUDED.eje, descripcion = EXCLUDED.descripcion;
INSERT INTO curriculum_objectives (id, grade_id, codigo, tipo, eje, descripcion) VALUES ('bd48adce-6f7a-4a17-91bf-fce17580e61c', 'c7876be3-6a22-4e6a-ae21-2dd72aaf9b19', 'OA_d', 'habilidad', 'Habilidades: Argumentar y comunicar', 'Comprobar reglas y propiedades.') ON CONFLICT (id) DO UPDATE SET grade_id = EXCLUDED.grade_id, codigo = EXCLUDED.codigo, tipo = EXCLUDED.tipo, eje = EXCLUDED.eje, descripcion = EXCLUDED.descripcion;
INSERT INTO curriculum_objectives (id, grade_id, codigo, tipo, eje, descripcion) VALUES ('369f7ab0-5e06-47a2-9c0d-e1d9130357fc', 'c7876be3-6a22-4e6a-ae21-2dd72aaf9b19', 'OA_e', 'habilidad', 'Habilidades: Argumentar y comunicar', 'Comunicar de manera escrita y verbal razonamientos matemáticos: údescribiendo los procedimientos utilizados úusando los términos matemáticos pertinentes') ON CONFLICT (id) DO UPDATE SET grade_id = EXCLUDED.grade_id, codigo = EXCLUDED.codigo, tipo = EXCLUDED.tipo, eje = EXCLUDED.eje, descripcion = EXCLUDED.descripcion;
INSERT INTO curriculum_objectives (id, grade_id, codigo, tipo, eje, descripcion) VALUES ('532db00f-bcfc-41ae-b87c-d8af8bc0325b', 'c7876be3-6a22-4e6a-ae21-2dd72aaf9b19', 'OA_f', 'habilidad', 'Habilidades: Argumentar y comunicar', 'Comprender y evaluar estrategias de resolución de problemas de otros.') ON CONFLICT (id) DO UPDATE SET grade_id = EXCLUDED.grade_id, codigo = EXCLUDED.codigo, tipo = EXCLUDED.tipo, eje = EXCLUDED.eje, descripcion = EXCLUDED.descripcion;
INSERT INTO curriculum_objectives (id, grade_id, codigo, tipo, eje, descripcion) VALUES ('0a5da707-640a-4f7d-a02a-fc37a0d6d697', 'c7876be3-6a22-4e6a-ae21-2dd72aaf9b19', 'OA_g', 'habilidad', 'Habilidades: Argumentar y comunicar', 'Identificar un error, explicar su causa y corregirlo.') ON CONFLICT (id) DO UPDATE SET grade_id = EXCLUDED.grade_id, codigo = EXCLUDED.codigo, tipo = EXCLUDED.tipo, eje = EXCLUDED.eje, descripcion = EXCLUDED.descripcion;
INSERT INTO curriculum_objectives (id, grade_id, codigo, tipo, eje, descripcion) VALUES ('6329de1b-7bd2-4070-b147-ca138e8da323', 'c7876be3-6a22-4e6a-ae21-2dd72aaf9b19', 'OA_h', 'habilidad', 'Habilidades: Argumentar y comunicar', 'Documentar el proceso de aprendizaje, registrándolo en forma estructurada y comprensible.') ON CONFLICT (id) DO UPDATE SET grade_id = EXCLUDED.grade_id, codigo = EXCLUDED.codigo, tipo = EXCLUDED.tipo, eje = EXCLUDED.eje, descripcion = EXCLUDED.descripcion;
INSERT INTO curriculum_objectives (id, grade_id, codigo, tipo, eje, descripcion) VALUES ('128997a6-121e-417b-bcbb-b791bf6482a3', 'c7876be3-6a22-4e6a-ae21-2dd72aaf9b19', 'OA_i', 'habilidad', 'Habilidades: Modelar', 'Aplicar, seleccionar, modificar y evaluar modelos que involucren las cuatro operaciones, la ubicación en la recta numérica y en el plano, el análisis de datos, predicciones acerca de la probabilidad de ocurrencia de eventos, y reglas con lenguaje algebraico.') ON CONFLICT (id) DO UPDATE SET grade_id = EXCLUDED.grade_id, codigo = EXCLUDED.codigo, tipo = EXCLUDED.tipo, eje = EXCLUDED.eje, descripcion = EXCLUDED.descripcion;
INSERT INTO curriculum_objectives (id, grade_id, codigo, tipo, eje, descripcion) VALUES ('6cd541e0-a5b3-4242-8e12-3cec2ef6e288', 'c7876be3-6a22-4e6a-ae21-2dd72aaf9b19', 'OA_j', 'habilidad', 'Habilidades: Modelar', 'Traducir expresiones de lenguaje natural a lenguaje matemático y viceversa.') ON CONFLICT (id) DO UPDATE SET grade_id = EXCLUDED.grade_id, codigo = EXCLUDED.codigo, tipo = EXCLUDED.tipo, eje = EXCLUDED.eje, descripcion = EXCLUDED.descripcion;
INSERT INTO curriculum_objectives (id, grade_id, codigo, tipo, eje, descripcion) VALUES ('c64dba56-65cf-4f8b-b0ab-55154ec46f8d', 'c7876be3-6a22-4e6a-ae21-2dd72aaf9b19', 'OA_k', 'habilidad', 'Habilidades: Modelar', 'Modelar matemáticamente situaciones cotidianas: úorganizando datos úidentificando patrones o regularidades úusando simbología matemática para expresarlas') ON CONFLICT (id) DO UPDATE SET grade_id = EXCLUDED.grade_id, codigo = EXCLUDED.codigo, tipo = EXCLUDED.tipo, eje = EXCLUDED.eje, descripcion = EXCLUDED.descripcion;
INSERT INTO curriculum_objectives (id, grade_id, codigo, tipo, eje, descripcion) VALUES ('40179e8c-0147-4948-98df-cce428014f40', 'c7876be3-6a22-4e6a-ae21-2dd72aaf9b19', 'OA_l', 'habilidad', 'Habilidades: Representar', 'Extraer información del entorno y representarla matemáticamente en diagramas, tablas y gráficos, interpretando los datos extraídos.') ON CONFLICT (id) DO UPDATE SET grade_id = EXCLUDED.grade_id, codigo = EXCLUDED.codigo, tipo = EXCLUDED.tipo, eje = EXCLUDED.eje, descripcion = EXCLUDED.descripcion;
INSERT INTO curriculum_objectives (id, grade_id, codigo, tipo, eje, descripcion) VALUES ('5f07bbcd-4674-4f24-bbbd-627c75a19657', 'c7876be3-6a22-4e6a-ae21-2dd72aaf9b19', 'OA_m', 'habilidad', 'Habilidades: Representar', 'Usar representaciones y estrategias para comprender mejor problemas e información matemática.') ON CONFLICT (id) DO UPDATE SET grade_id = EXCLUDED.grade_id, codigo = EXCLUDED.codigo, tipo = EXCLUDED.tipo, eje = EXCLUDED.eje, descripcion = EXCLUDED.descripcion;
INSERT INTO curriculum_objectives (id, grade_id, codigo, tipo, eje, descripcion) VALUES ('32386fec-80b7-462e-ad7a-4ed1d949520a', 'c7876be3-6a22-4e6a-ae21-2dd72aaf9b19', 'OA_n', 'habilidad', 'Habilidades: Representar', 'Imaginar una situación y expresarla por medio de modelos matemáticos..') ON CONFLICT (id) DO UPDATE SET grade_id = EXCLUDED.grade_id, codigo = EXCLUDED.codigo, tipo = EXCLUDED.tipo, eje = EXCLUDED.eje, descripcion = EXCLUDED.descripcion;
INSERT INTO curriculum_grades (id, subject_id, grado, label, total_objetivos) VALUES ('8c8f2924-a0a6-45ff-8455-2280a3ee9042', 'eaf39df1-72fa-412c-8ebd-c71da8cd50b0', '6', '6° Básico', 19) ON CONFLICT (id) DO UPDATE SET subject_id = EXCLUDED.subject_id, grado = EXCLUDED.grado, label = EXCLUDED.label, total_objetivos = EXCLUDED.total_objetivos;
INSERT INTO curriculum_objectives (id, grade_id, codigo, tipo, eje, descripcion) VALUES ('742fb762-a712-40ab-aa5f-6292efb1c8cc', '8c8f2924-a0a6-45ff-8455-2280a3ee9042', 'OA1', 'conocimiento', 'Números y Operaciones', 'Demostrar que comprenden los factores y los múltiplos: rminando los múltiplos y los factores de números naturales menores de ú úidentificando números primos y compuestos úresolviendo problemas que involucran múltiplos') ON CONFLICT (id) DO UPDATE SET grade_id = EXCLUDED.grade_id, codigo = EXCLUDED.codigo, tipo = EXCLUDED.tipo, eje = EXCLUDED.eje, descripcion = EXCLUDED.descripcion;
INSERT INTO curriculum_objectives (id, grade_id, codigo, tipo, eje, descripcion) VALUES ('ee695c35-3663-4f40-ad4d-b4697f2d9471', '8c8f2924-a0a6-45ff-8455-2280a3ee9042', 'OA2', 'conocimiento', 'Números y Operaciones', 'Realizar cálculos que involucren las cuatro operaciones en el contexto de la resolución de problemas, utilizando la calculadora en ámbitos superiores a 10 000.') ON CONFLICT (id) DO UPDATE SET grade_id = EXCLUDED.grade_id, codigo = EXCLUDED.codigo, tipo = EXCLUDED.tipo, eje = EXCLUDED.eje, descripcion = EXCLUDED.descripcion;
INSERT INTO curriculum_objectives (id, grade_id, codigo, tipo, eje, descripcion) VALUES ('d62162c7-a9ef-498f-8a3e-49c434fd63c0', '8c8f2924-a0a6-45ff-8455-2280a3ee9042', 'OA3', 'conocimiento', 'Números y Operaciones', 'Demostrar que comprenden el concepto de razón de manera concreta, pictórica y simbólica, en forma manual y/o usando software educativo.') ON CONFLICT (id) DO UPDATE SET grade_id = EXCLUDED.grade_id, codigo = EXCLUDED.codigo, tipo = EXCLUDED.tipo, eje = EXCLUDED.eje, descripcion = EXCLUDED.descripcion;
INSERT INTO curriculum_objectives (id, grade_id, codigo, tipo, eje, descripcion) VALUES ('fe44a6ca-ef9c-4477-b328-d32d58f3fc48', '8c8f2924-a0a6-45ff-8455-2280a3ee9042', 'OA4', 'conocimiento', 'Números y Operaciones', 'Demostrar que comprenden el concepto de porcentaje de manera concreta, pictórica y simbólica, de forma manual y/o usando software educativo.') ON CONFLICT (id) DO UPDATE SET grade_id = EXCLUDED.grade_id, codigo = EXCLUDED.codigo, tipo = EXCLUDED.tipo, eje = EXCLUDED.eje, descripcion = EXCLUDED.descripcion;
INSERT INTO curriculum_objectives (id, grade_id, codigo, tipo, eje, descripcion) VALUES ('08a0afb4-8c56-46f8-a0a1-ea7506e56da8', '8c8f2924-a0a6-45ff-8455-2280a3ee9042', 'OA5', 'conocimiento', 'Números y Operaciones', 'Demostrar que comprenden las fracciones y los números mixtos: úidentificando y determinando equivalencias entre fracciones impropias y números mixtos, usando material concreto y representaciones pictóricas de manera manual y/o con software educativo úrepresentando estos números en la recta numérica') ON CONFLICT (id) DO UPDATE SET grade_id = EXCLUDED.grade_id, codigo = EXCLUDED.codigo, tipo = EXCLUDED.tipo, eje = EXCLUDED.eje, descripcion = EXCLUDED.descripcion;
INSERT INTO curriculum_objectives (id, grade_id, codigo, tipo, eje, descripcion) VALUES ('a83ad4c4-5034-4e22-b6ae-23c5d75a68ef', '8c8f2924-a0a6-45ff-8455-2280a3ee9042', 'OA6', 'conocimiento', 'Números y Operaciones', 'Resolver adiciones y sustracciones de fracciones propias e impropias y números mixtos con numeradores y denominadores de hasta dos dígitos.') ON CONFLICT (id) DO UPDATE SET grade_id = EXCLUDED.grade_id, codigo = EXCLUDED.codigo, tipo = EXCLUDED.tipo, eje = EXCLUDED.eje, descripcion = EXCLUDED.descripcion;
INSERT INTO curriculum_objectives (id, grade_id, codigo, tipo, eje, descripcion) VALUES ('e1b58a23-0392-4868-8837-0f848e4b7bfa', '8c8f2924-a0a6-45ff-8455-2280a3ee9042', 'OA7', 'conocimiento', 'Números y Operaciones', 'Demostrar que comprenden la multiplicación y la división de decimales por números naturales de un dígito, múltiplos de 10 y decimales hasta la milésima de manera concreta, pictórica y simbólica.') ON CONFLICT (id) DO UPDATE SET grade_id = EXCLUDED.grade_id, codigo = EXCLUDED.codigo, tipo = EXCLUDED.tipo, eje = EXCLUDED.eje, descripcion = EXCLUDED.descripcion;
INSERT INTO curriculum_objectives (id, grade_id, codigo, tipo, eje, descripcion) VALUES ('11f72ebe-8fed-4365-980d-cb9428a8e0c6', '8c8f2924-a0a6-45ff-8455-2280a3ee9042', 'OA8', 'conocimiento', 'Números y Operaciones', 'Resolver problemas rutinarios y no rutinarios que involucren adiciones y sustracciones de fracciones propias, impropias, números mixtos o decimales hasta la milésima.') ON CONFLICT (id) DO UPDATE SET grade_id = EXCLUDED.grade_id, codigo = EXCLUDED.codigo, tipo = EXCLUDED.tipo, eje = EXCLUDED.eje, descripcion = EXCLUDED.descripcion;
INSERT INTO curriculum_objectives (id, grade_id, codigo, tipo, eje, descripcion) VALUES ('ec6a2eb7-f82b-4b46-af5a-81ce0cf12750', '8c8f2924-a0a6-45ff-8455-2280a3ee9042', 'OA9', 'conocimiento', 'Patrones y Álgebra', 'Demostrar que comprenden la relación entre los valores de una tabla y aplicarla en la ución de problemas sencillos: 10 Representar generalizaciones de relaciones entre números naturales, usando expresiones con letras y ecuaciones. 11 Resolver ecuaciones de primer grado con una incógnita, utilizando estrategias como: úusar una balanza úusar la descomposición y la correspondencia 1 a 1 entre los términos en cada lado de la ecuación y aplicando procedimientos formales de resolución. con instrumentos geométricos o software geométrico. 13 Demostrar que comprenden el concepto de área de una superficie en cubos y paralelepípedos, calculando el área de sus redes (plantillas) asociadas. 14 Realizar teselados de figuras 2D, usando traslaciones, reflexiones y rotaciones. 15 Construir ángulos agudos, obtusos, rectos, extendidos y completos con instrumentos geométricos o software geométrico. 16 Identificar los ángulos que se forman entre dos rectas que se cortan (pares de ángulos opuestos por el vértice y pares de ángulos complementarios). 17 Demostrar de manera concreta, pictórica y simbólica que la suma de los ángulos interiores de un triángulo es 180º y de un cuadrilátero es 360o. 19 Calcular el volumen de cubos y paralelepípedos, expresando el resultado en cm3, m3 y mm3. 20 Estimar y medir ángulos, usando el transportador y expresando las mediciones en grados. 21 Calcular ángulos en rectas paralelas cortadas por una transversal y en triángulos. 23 Conjeturar acerca de la tendencia de resultados obtenidos en repeticiones de un mismo experimento con dados, monedas u otros, de manera manual y/o usando software educativo. 24 Leer e interpretar gráficos de barra doble y circulares y comunicar sus conclusiones. Diagrama que permite exhibir rápidamente datos sobre una recta Ejemplo: Temperaturas máximas en el mes de octubre') ON CONFLICT (id) DO UPDATE SET grade_id = EXCLUDED.grade_id, codigo = EXCLUDED.codigo, tipo = EXCLUDED.tipo, eje = EXCLUDED.eje, descripcion = EXCLUDED.descripcion;
INSERT INTO curriculum_objective_items (objective_id, orden, descripcion) VALUES ('ec6a2eb7-f82b-4b46-af5a-81ce0cf12750', 1, 'identificando patrones entre los valores de la tabla') ON CONFLICT (objective_id, orden) DO UPDATE SET descripcion = EXCLUDED.descripcion;
INSERT INTO curriculum_objective_items (objective_id, orden, descripcion) VALUES ('ec6a2eb7-f82b-4b46-af5a-81ce0cf12750', 2, 'formulando una regla con lenguaje matemático uir y comparar triángulos de acuerdo a la medida de sus lados y/o sus ángulos ar la superficie de cubos y paralelepípedos, expresando el resultado en cm2 y m2. ciones de dos grupos, provenientes de muestras aleatorias, usando y de tallo y hojas. Glosario 255 x x x x x') ON CONFLICT (objective_id, orden) DO UPDATE SET descripcion = EXCLUDED.descripcion;
INSERT INTO curriculum_objectives (id, grade_id, codigo, tipo, eje, descripcion) VALUES ('f5915776-f00e-48cd-92ee-7af0cd6a0ff9', '8c8f2924-a0a6-45ff-8455-2280a3ee9042', 'OA_x', 'habilidad', 'Geometría', 'x x x x x x') ON CONFLICT (id) DO UPDATE SET grade_id = EXCLUDED.grade_id, codigo = EXCLUDED.codigo, tipo = EXCLUDED.tipo, eje = EXCLUDED.eje, descripcion = EXCLUDED.descripcion;
INSERT INTO curriculum_objectives (id, grade_id, codigo, tipo, eje, descripcion) VALUES ('e8a389b8-0aa1-4da8-8418-5dc03331e3f5', '8c8f2924-a0a6-45ff-8455-2280a3ee9042', 'OA_x', 'habilidad', 'Geometría', 'x x x x x x x') ON CONFLICT (id) DO UPDATE SET grade_id = EXCLUDED.grade_id, codigo = EXCLUDED.codigo, tipo = EXCLUDED.tipo, eje = EXCLUDED.eje, descripcion = EXCLUDED.descripcion;
INSERT INTO curriculum_objectives (id, grade_id, codigo, tipo, eje, descripcion) VALUES ('f1f174d5-d9c9-452d-97ba-5570a589f165', '8c8f2924-a0a6-45ff-8455-2280a3ee9042', 'OA_x', 'habilidad', 'Geometría', 'x x x x x x x x 19 20 21 22 23 24 25 26 27') ON CONFLICT (id) DO UPDATE SET grade_id = EXCLUDED.grade_id, codigo = EXCLUDED.codigo, tipo = EXCLUDED.tipo, eje = EXCLUDED.eje, descripcion = EXCLUDED.descripcion;
INSERT INTO curriculum_objectives (id, grade_id, codigo, tipo, eje, descripcion) VALUES ('8c30db88-2d99-44b5-b15b-7da4e08f5f6e', '8c8f2924-a0a6-45ff-8455-2280a3ee9042', 'OA_y', 'habilidad', 'Números y Operaciones', 'Representación gráfica que permite mostrar datos en orden de valor ición Ejemplo: Los números de dos cifras se pueden organizar usando un diagrama de tallo y hojas: el dígito de las decenas es un tallo y el de las unidades es una hoja. En el caso de los números 24 26 28 30 35 38 39 41 45 47:') ON CONFLICT (id) DO UPDATE SET grade_id = EXCLUDED.grade_id, codigo = EXCLUDED.codigo, tipo = EXCLUDED.tipo, eje = EXCLUDED.eje, descripcion = EXCLUDED.descripcion;
INSERT INTO curriculum_objectives (id, grade_id, codigo, tipo, eje, descripcion) VALUES ('0c7e60da-a682-4be5-ab0a-0215f0efda3b', '8c8f2924-a0a6-45ff-8455-2280a3ee9042', 'OA_d', 'habilidad', 'Números y Operaciones', 'Ejemplo: 5 · (3 +2) = 5 · 3 + 5 · 2 Ejemplo: Ecuaciones con una incógnita que requieren solo una operación para resolverlas: 1) 8 + 5 = 2) + 5 =15 3) 8 + =15 Ejemplo: 7 + 5 7, 8, 9, 10, 11, 12 =› 7 + 5 = 12 Ejemplo: 15 - 4 14, 13, 12, 11 =› 15 – 4 = 11 Ejemplo: 7 +5= 7 + 3 = 10 10 + 2 = 12 Ejemplo: 7+9= 7 + 7 + 2 = 16 Ejemplo: En una adición o una sustracción, se suma o resta tanto como sea necesario para llegar a la decena más cercana y después se suma o resta lo que falta: 48 – 27 = 35 + 17 = 48 – 8 = 40 35 + 5 = 40 40 – 19 = 21 40 + 12 = 52 48 – 27 = 21 35 + 17 = 52 Glosario 257 Ejemplo: ” 33 – 16 = se considera el doble de 16, que es 32 32 + 1 – 16 = se descompone 33 en 32 + 1 32 – 16 + 1 = 16 + 1 = 17 Ejemplo: 19 + 22 = 20 – 1 + 22 = 20 + 22 – 1 = 41 Ejemplo: 18 + 46 = se redondea 18 a 20 para facilitar el cálculo 20 2 + 46 = se expresa 18 como 20 - 2 20 + 46 – 2 = 64 Ejemplo: 47 – 29 = 29 + = 47 se usa la reversibilidad de las operaciones 29 + 18 = 47 Ejemplo: En una adición o una sustracción, se suma o resta tanto como sea necesario para llegar a la decena más cercana y después se suma o resta lo que falta: 48 – 27 = 35 + 17 = 48 – 20 = 28 35 + 10 = 45 28 – 7 = 21 45 + 7 = 52 48 – 27 = 21 35 + 17 = 52 Ejemplo: 25 · 8 = 50 · 4 = 200 y En una multiplicación de dos factores, uno de ellos se dobla y el otro se reduce a la mitad. Ejemplo: 25 · 8 = 50 · 4 =100 · 2 = 200 En una multiplicación de dos factores, uno de ellos se dobla más de una vez y el otro se reduce a la mitad más de una vez. Ejemplo: 8 · 75 = 2 · 4 · 25 · 3 = 2 · 100 · 3 = 200 · 3 = 600 En una multiplicación de dos factores, ambos se factorizan. Ejemplo: 70 · 90 = (7 · 9) · 10 · 10 = 6 300 En una multiplicación de dos factores, en que uno de ellos o ambos son múltiplos de 10, se multiplican los números que quedan, sin considerar los ceros, y posteriormente se agregan. Ejemplo 1: la 92 · 7 = (90+2) · 7 = 90 · 7 + 90 · 2 = 630 + 14 = 644 i va” En una multiplicación de dos factores, uno de ellos se descompone en dos sumandos y posteriormente se aplica la propiedad distributiva. Ejemplo 2 : 7 · 4 = (3 + 4) · 4 = 3 ·4 +4·4 Ejemplo: 3 + 5 (cifras y signos) Glosario 259 Los números 7, 8 y 15 de la suma 7 + 8 = 15 están relacionadas de la siguiente manera: 7 + 8 8 + 7 15 - 8 15 - 7 “familia de operaciones” 7 + 8 = 15 8 + 7 = 15 15 – 8 = 7 15 – 7 = 8 Ejemplo: 4 325 = 4 000 + 300 + 20 + 5 Ejemplo: 4 325 = 4 · 1 000 + 3 · 100 + 2 · 10 + 5 · 1 Ejemplo: Fracciones cuyo numerador es menor que el denominador. Ejemplo: Fracciones cuyo numerador es mayor que el denominador. El todo se toma como la unidad o el total de partes. Una fracción expresa un valor con relación a ese todo. Ejemplo: La fracción significa que se tomaron 3 partes de un total de 4 partes iguales. Ejemplo: 0,53 Decimal cuya parte no entera no tiene período Ejemplo: 7 · 5 = 35 y 35 : 5 = 7 Es una pregunta que tiene como propósito de recopilar información. Ejemplo: ¿Cuántas veces fuiste al cine en este mes? ¿Cuántos hermanos tienes? Problemas familiares para los estudiantes, que están diseñados normalmente como ejercicios para practicar determinados conceptos y procedimientos. Su resolución implica seleccionar y aplicar conceptos y procedimientos aprendidos. Glosario 261 Problemas poco o nada familiares para los estudiantes. Aun cuando su resolución requiere aplicar conceptos y procedimientos aprendidos, estos problemas hacen demandas cognitivas superiores a las que se necesitan para resolver problemas de rutina. Esto puede obedecer a la novedad y la complejidad de la situación, a que pueden tener más de una solución o a que cualquier solución puede involucrar varios pasos y que, además, pueden involucrar diferentes áreas de la matemática. Ejemplo: A Pedro le gustan los dulces (nivel 3º/4º básico)') ON CONFLICT (id) DO UPDATE SET grade_id = EXCLUDED.grade_id, codigo = EXCLUDED.codigo, tipo = EXCLUDED.tipo, eje = EXCLUDED.eje, descripcion = EXCLUDED.descripcion;
INSERT INTO curriculum_objectives (id, grade_id, codigo, tipo, eje, descripcion) VALUES ('26a41f17-9683-4ed7-abe2-5453dccdd3b4', '8c8f2924-a0a6-45ff-8455-2280a3ee9042', 'OA3', 'conocimiento', 'Habilidades: Argumentar y comunicar', 'lugar de estudiar sus estructuras. En este contexto, la enseñanza no solo enfatizará las habilidades de comeractiva del idioma. De prensión para incorporar el idioma, sino que también rativo del Lenguaje brindará a los alumnos oportunidades de usar la los estudiantes de un lengua para comunicar ideas y negociar significados.6 a comunicativa al es interactivas en las Los aportes descritos, en su conjunto, contribuyen a vo principal. Al intedesarrollar la competencia comunicativa en los alumnos tre ellos para lograr y constituyen aspectos esenciales del currículum. ando a crear una dizaje de un idioma A partir de lo expuesto anteriormente, se han considenseca, fortalezca la rado los siguientes aspectos relevantes para el desarrollo ad y los prejuicios.4 del currículum. como un medio para r información, en I mpo r tancia d e la lect u r a d e te x tos lite - o en sí mismo. El Enrari o s y n o li t erari o s ent-Based InstrucEl desarrollo de la comprensión lectora, tanto de textos á aprendido exitosaliterarios como no literarios, brinda la posibilidad de esentado en forma acceder a información y elementos del idioma necesarios que sea un medio para para interactuar en él, lo que contribuye a la adquisición nitivo, incluso en estunuevo vocabulario por medio de imágenes, repetición nsión7. de palabras y la presencia de palabras familiares junto a algunas menos conocidas por los estudiantes. nglés como lengua terarios, como diálogos, P r oceso d e esc r it u r a s, cobra gran relevanEn la actualidad, debido al uso más frecuente de dila posibilidad de recoversas tecnologías para la comunicación, desarrollar la ocabulario, exprehabilidad de expresarse por escrito en el idioma inglés structuras gramaticales es tan necesario como poder comunicarse oralmente. ciones comunicativas. La expresión escrita ofrece la posibilidad de expresar ermiten desarrollar hamensajes significativos en el idioma en forma comunicomo reconocer ideas cativa y contextualizada. De esta forma, la escritura en explícita y detalles en inglés deja de considerarse como un medio para repasar n muy importantes para patrones gramaticales o vocabulario en forma repetitiva desarrollo y aprendizay se convierte en una posibilidad de usar el idioma para bulario y gramática en comunicarse en situaciones reales. n un modelo para la El aprendizaje de la escritura en inglés se llevará a cabo en una progresión que va desde la imitación o escritura arrollar la comprencontrolada en los niveles de menor dominio del idioma un idioma extranjero, se hasta la escritura expresiva que implique un uso del er el aprendizaje de idioma más independiente, espontáneo y natural. La ctura de textos literaenseñanza de la escritura contempla, además, cómo s de diferentes usos generar ideas, cómo organizarlas y darles coherencia de vocabulario. Adede acuerdo al tipo de texto, usando las expresiones y la pensamiento crítico gramática adecuadas. a diferentes culturas8. La habilidad de expresión escrita no se refiere solo a de cuentos, rimas o la representación gráfica del lenguaje, sino que es un cto con el idioma proceso con pasos definidos, cuyo resultado es producto de los textos sin la de la reflexión, el ensayo, la corrección y la revisión. Este en cada elemento del proceso permite a los estudiantes descubrir y desarrollar vitan al lector a recrear estrategias al escribir, revisar sus errores y aprender de propia experiencia9 ellos para así ir mejorando sus desempeños. a sus temas y a la aciones que ofrecen10. Desa r r ollo d e est r ategias desde la etapa del reLas estrategias de aprendizaje de un idioma se definen comprensión global y como acciones, actividades, comportamientos o pasos ez. específicos que los alumnos usan intencionalmente para apoyar su progreso en el aprendizaje de la lengua. De to del inglés, la acuerdo con sus estilos de aprendizaje, los estudians como versiones tes de un idioma extranjero pueden desarrollar las más rimas contribuye a variadas estrategias, como repetir la letra de canciones, ar la adquisición de hacer resúmenes o usar el diccionario. Introducción 267 enseñanza explícita identificación), ya que apoya la adquisición, comprensión endizaje del inglés y comunicación del idioma. cenamiento, la recupedel lenguaje, lo que El aprendizaje de vocabulario es especialmente imrales o alguna portante como apoyo a la comprensión de textos en el desarrollar estrategias, idioma inglés. El mayor conocimiento de palabras al leer d de reflexionar e un texto contribuye a lograr una mayor fluidez y coms de aprendizaje y así prensión de lo que se lee y, al mismo tiempo, permite más independencia11. al lector usar el contexto para deducir el significado de nuevas palabras12. Como consecuencia, es también imcluyen estrategias portante la selección cuidadosa de textos de lectura que nza Básica protengan un léxico adecuado al nivel de los estudiantes. ra más exitosa, opias dificultades Aprender vocabulario es igualmente importante para de superarlas. desarrollar la fluidez en las expresiones oral y escrita desde los primeros niveles de conocimiento del idioma13. Así, por ejemplo, aprender expresiones de uso frecuente ología de la enseñanpara saludar dará herramientas al estudiante para luego la importancia del realizar esa función al comunicarse en forma oral. or sobre las formas es), considerando Integrar y aprender nuevo vocabulario será más fácil si je apoya la comuse lo enseña de forma explícita e intencionada, se usan entender ni producir estrategias y se ofrece al alumno la posibilidad de enconática y la precisión en trar las nuevas palabras en forma recurrente en distintos la enseñanza, sino que contextos14. La combinación de estos planteamientos, ribuye a alcanzar sumada a una planificación que considere variedad de actividades en contextos comunicativos, contribuirá al desarrollo sistemático del vocabulario en los estudiantes. izado del idioma inglés, n elemento más Para los dos primeros niveles del idioma inglés, se espera real del idioma y no que los alumnos comprendan quinientas palabras en los ado de la comprentextos orales y escritos, que incluyan vocabulario de uso frecuente y palabras y expresiones más comunes relacionadas con los temas de su entorno, como la familia, la casa, la escuela. Asimismo, se busca que puedan usar cial en el aprendiparte de ese vocabulario para leer independientemente n aporte al desarrollo textos simples y para comunicar ideas acerca de los misuctivas. mos temas en forma oral y escrita. a al vocabulario, se Uso d e las T I C sino también frases y Los medios tecnológicos y los innumerables recursos es especialmenexistentes en la web constituyen un gran apoyo para de aprendizaje del aprender y enseñar una lengua extranjera. La incorpoalabras de rápida ración de las TICs en la clase de inglés comprende una e utilizar CDs de ciones. Debido a esto, existen lineamientos internacioador e internet para nales que intentan estandarizar los niveles del idioma je de los estudiantes para tener las mismas interpretaciones al referirse a un productivas y receptideterminado dominio. a, las actividades que on altamente motiLa alineación internacional por la que se ha optado es el entre los alumnos, Marco Común Europeo (Common European Framework, ntacto con el uso real CEFR), que es aceptado internacionalmente como una en una gran fuente de forma de establecer criterios y estándares en cuanto a las habilidades en inglés. Además ofrece una serie de descripciones de logros claros y flexibles en las habilidades esta han incorporado del inglés, lo que representa una gran contribución a la ta en las cuatro habilidahora de establecer objetivos de aprendizaje en el idioma. omprensión auditiva, el eo disponible en CDs, Específicamente, estas bases curriculares se orientan al n apoyo para que los logro de dos niveles. El A2 corresponde a un nivel básico por medio de textos superior y se usa como referencia para el nivel que debe nes o noticias, entre alcanzar un estudiante al terminar 8° básico. El nivel B1, even el uso oral del equivalente a un nivel intermedio inferior, corresponde reguntas, comentarios al nivel mínimo que deben alcanzar los estudiantes en o. Asimismo, es recoIV medio. representaciones o diantes los puedan ver y T emas En la actualidad, las teorías de aprendizaje y la práctica educativa confirman que el aprendizaje es más efectivo , los recursos de la cuando quien aprende los contenidos los percibe como erial de lectura, relevantes, significativos y de interés. os más diversos temas studiantes. En el caso En el proceso de enseñanza-aprendizaje de un idioma mientas del procesador extranjero, organizar los contenidos en torno a temas interacción social en la facilita la contextualización de la enseñanza y la hace más entas de aprendicomunicativa. Además, brinda a los estudiantes usos movación de los alumnos tivadores y significativos del idioma, lo que contribuye a dades de usar el idioma que aprendan de modo más efectivo todos sus elemenescribir correos electrótos, en especial de vocabulario. Al elegir los temas, por lo tanto, se debe considerar su potencialidad, relevancia y el eventual interés que signifique para los alumnos. s in t ernaci o na - De acuerdo a lo anterior, las bases curriculares de inglés minio del idioma, es han considerado temas que sean cercanos a la realidad, y precisa de lo que entorno y edad de los alumnos de Enseñanza Básica, que ezca a un nivel de tengan relación con lo estudiado en otras asignaturas y o, ya que la habilidad que contribuyan a despertar la curiosidad y el interés por distintas interpretaaprender y explorar nuevos conocimientos. En especial, Introducción 269 r otras realidades y do. sugieren otros que e el docente puede a, el interés particular material de lectura. an sido organizadas en mensaje. De este modo, los alumnos se aproximan al uso del idioma inglés (comreal del idioma y se enfrentan a tareas relevantes, motitora, expresión oral y vadoras y significativas, lo que contribuye a desarrollar constituye el aspecto mayor fluidez en la expresión y la comprensión. el idioma. Las habiliarada, lo que obeActualmente, la enseñanza del inglés considera una zar la información y así visión del lenguaje que promueve la interrelación entre de cada una, sin embarlas cuatro habilidades. Utilizar el idioma implica interacn abordados de manera tuar recibiendo y emitiendo mensajes y una habilidad del l docente enseñará las idioma reforzará y promoverá el uso de otra. Esta visión nada en todo momende integración, además de estar alineada con el enfoque iantes considerando comunicativo, presenta el idioma de una forma más nare ellas al expresar un tural, más cercana a la realidad y más motivadora16. asignatura de inglés han sido organizados en cuatro ejes que corresponden a las torgar significado a asignarle significado a lo que escucha. En este proceso ficar y comprender tienen gran relevancia los conocimientos previos del con el apoyo del contexto y situación del mensaje para que lo escuchado ndo. La comprencobre sentido (conocer el tema acerca del cual se va a dizaje de un idioma ya escuchar, los hablantes, la situación y tener un propósito e recibe información al escuchar). ) necesaria para n la clase. El desarrollo a simple decodificación Al escuchar, el oyente ucción del mensaje al Organización curricular 271 ir de la información te a los estudiantes acceder a nuevos conocimientos, sos tipos (literarios temas interesantes y aspectos de la cultura del inglés. La tos del lector. Al igual comprensión de lectura se irá construyendo con la ayuda lidad de comprende los conocimientos previos del alumno y de acuerdo a os estudiantes con las tareas y propósitos de la lectura. Así, los estudiantes a y con modelos podrán leer textos adaptados o auténticos simples en los en la producque reconocerán el tema, ideas generales o simplemente mprensión de lectura expresarán sus sentimientos frente a lo leído. dible que permiés que supone utilizar idioma en forma explícita y que son significativas para los rma oral. Expresarse estudiantes, los ayudan a resolver tareas comunicativas ensaje con una de la vida real, les proveen estrategias de expresión y les nteligible al pardan además herramientas para poder hablar de acuerdo ersaciones y monóa una situación específica contribuyendo a disminuir imiento del idioma, la ansiedad que puede provocar el expresarse en otra funciones comulengua. ito del mensaje. Las señan funciones del del idioma que a la expresión más creativa. De la misma forma que en la omunicar mensajes. expresión oral, la habilidad de producción escrita da la rrollen esta habilidad posibilidad al estudiante de expresar ideas y comunicar y contextualizadas, mensajes que son relevantes para él. sitos definidos. La roceso guiado que a completación de modelo hasta llegar glés promueven un M anifesta r u na actit u d positiva f r ente a sí ciclo básico, que dem i s m o y s u s ca pacidade s para a p render un aje Transversales (OAT). n u evo i d ioma . zaje en el contexto Los objetivos de la asignatura promueven la confianza desarrollar de manera en sí mismo, ya que expresarse en un idioma extranjero las habilidades propios implica el esfuerzo de sobreponerse a las inhibiciones que puede generar el uso de una lengua distinta de la propia. Adicionalmente, esta asignatura favorece la bjetivos de Aprendizaconfianza en sí mismo por medio del reconocimiento la formación integral y la comunicación de las propias ideas, experiencias e a. Los establecimientos intereses que los Objetivos de Aprendizaje proponen. rrollar y complementar an las necesidades de Demost r a r r espeto ante ot r as pe r sonas , ducativa. Las actitudes r eali da d es o c u lt u r as , r econocien d o s u s Inglés son las siguientes: a p o r t e s y valo rand o la di v er s idad de m o - d os d e vi da . inte r é s po r cono - Los objetivos de la asignatura promueven que los estuda d como ot r as diantes conozcan y valoren otras culturas y realidades o rand o lo p r o - distintas de las propias. n o ci m ien t o de m un - Mani f e s tar un e s t ilo de t ra ba j o y e s t udi o que los objetivos de rigur o s o y p er s e v eran t e para alcan z ar iantes se involucren lo s p r o p ó s i t o s de la a s ignat ura . ídos y escuchados y Se requiere promover esta actitud para que los alumnos xpresando opiniones y alcancen los diversos aprendizajes establecidos para periencia e intereesta asignatura. Esta se fomenta por medio del trabajo vos pretenden que los asociado al aprendizaje de vocabulario, pronunciación y información en al proceso de escritura (organización de ideas, escritura, riosidad. De este corrección y publicación), entre otros. s se utilice como un de otras realidades valorar aspectos de la Referencias 273 by Principles. An 7 STANOVICH en Grabe, W. (2009). Reading in a nguage pedagogy. Second Language. Moving from theory to pracn, Inc. tice. Cambridge: Cambridge University Press. by Principles. An 8 UR, P. (1996). A Course in Language Teaching: nguage pedagogy. Practice and Theory. Cambridge: Cambridge n, Inc. University Press. (2007). Tea9 McRAE, J. en Carter y Nunan (2001). Literature nteractive approach in the Language Classroom en R. Carter y D. York: Pearson Nunan (eds.) The Cambridge Guide to TESOL. Cambridge: Cambridge University Press J. (2006). Com10 MALEY, A. (2001). Literature in the Language ing Today. CamClassroom en R. Carter y D. Nunan (Ed.) The ity Press Cambridge Guide to TESOL. Cambridge: Cambridge University Press (Pp 180-185). , J. (2001). Cunguage Teaching. 11 OXFORD, R. (2002). Language Learning Strategies rsity Press in a Nutshell: Update and ESL Suggestions en') ON CONFLICT (id) DO UPDATE SET grade_id = EXCLUDED.grade_id, codigo = EXCLUDED.codigo, tipo = EXCLUDED.tipo, eje = EXCLUDED.eje, descripcion = EXCLUDED.descripcion;
INSERT INTO curriculum_objectives (id, grade_id, codigo, tipo, eje, descripcion) VALUES ('bc53bfc9-370f-41bf-9822-e06daffdd226', '8c8f2924-a0a6-45ff-8455-2280a3ee9042', 'OA1', 'conocimiento', 'Habilidades: Argumentar y comunicar', 'Escuchar y demostrar comprensión de información explícita en textos adaptados y auténticos simples, tanto no literarios (textos expositivos, diálogos) como literarios (rimas, canciones, cuentos), que estén enunciados en forma clara, tengan repetición de palabras y apoyo visual y gestual, y estén relacionados con las funciones del año y con los siguientes temas:') ON CONFLICT (id) DO UPDATE SET grade_id = EXCLUDED.grade_id, codigo = EXCLUDED.codigo, tipo = EXCLUDED.tipo, eje = EXCLUDED.eje, descripcion = EXCLUDED.descripcion;
INSERT INTO curriculum_objective_items (objective_id, orden, descripcion) VALUES ('bc53bfc9-370f-41bf-9822-e06daffdd226', 1, 'temas de la vida cotidiana: la escuela, la casa, la familia, la ropa, la comida, el clima') ON CONFLICT (objective_id, orden) DO UPDATE SET descripcion = EXCLUDED.descripcion;
INSERT INTO curriculum_objective_items (objective_id, orden, descripcion) VALUES ('bc53bfc9-370f-41bf-9822-e06daffdd226', 2, 'temas del contexto inmediato de los estudiantes, como experiencias personales e información de interés relativa a eventos y aspectos de su entorno y de nuestro país') ON CONFLICT (objective_id, orden) DO UPDATE SET descripcion = EXCLUDED.descripcion;
INSERT INTO curriculum_objective_items (objective_id, orden, descripcion) VALUES ('bc53bfc9-370f-41bf-9822-e06daffdd226', 3, 'temas de otras asignaturas, como alimentación equilibrada y variada (Ciencias Naturales) y descripción de lugares y clima (Geografía)') ON CONFLICT (objective_id, orden) DO UPDATE SET descripcion = EXCLUDED.descripcion;
INSERT INTO curriculum_objective_items (objective_id, orden, descripcion) VALUES ('bc53bfc9-370f-41bf-9822-e06daffdd226', 4, 'temas de actualidad e interés global, como cultura de otros países, cuidado del medioambiente y avances tecnológicos (redes sociales, medios de comunicación)') ON CONFLICT (objective_id, orden) DO UPDATE SET descripcion = EXCLUDED.descripcion;
INSERT INTO curriculum_objectives (id, grade_id, codigo, tipo, eje, descripcion) VALUES ('9f28e169-1ac6-400d-b189-b4e54a09a22c', '8c8f2924-a0a6-45ff-8455-2280a3ee9042', 'OA2', 'conocimiento', 'Habilidades: Argumentar y comunicar', 'Identificar en los textos escuchados:') ON CONFLICT (id) DO UPDATE SET grade_id = EXCLUDED.grade_id, codigo = EXCLUDED.codigo, tipo = EXCLUDED.tipo, eje = EXCLUDED.eje, descripcion = EXCLUDED.descripcion;
INSERT INTO curriculum_objective_items (objective_id, orden, descripcion) VALUES ('9f28e169-1ac6-400d-b189-b4e54a09a22c', 1, 'tema e ideas generales') ON CONFLICT (objective_id, orden) DO UPDATE SET descripcion = EXCLUDED.descripcion;
INSERT INTO curriculum_objective_items (objective_id, orden, descripcion) VALUES ('9f28e169-1ac6-400d-b189-b4e54a09a22c', 2, 'información específica asociada a personas, lugares y tiempo') ON CONFLICT (objective_id, orden) DO UPDATE SET descripcion = EXCLUDED.descripcion;
INSERT INTO curriculum_objective_items (objective_id, orden, descripcion) VALUES ('9f28e169-1ac6-400d-b189-b4e54a09a22c', 3, 'palabras, familias de palabras, expresiones de uso frecuente y vocabulario temático') ON CONFLICT (objective_id, orden) DO UPDATE SET descripcion = EXCLUDED.descripcion;
INSERT INTO curriculum_objective_items (objective_id, orden, descripcion) VALUES ('9f28e169-1ac6-400d-b189-b4e54a09a22c', 4, 'sonidos y repetición de sonidos para comenzar a familiarizarse con los sonidos del inglés') ON CONFLICT (objective_id, orden) DO UPDATE SET descripcion = EXCLUDED.descripcion;
INSERT INTO curriculum_objectives (id, grade_id, codigo, tipo, eje, descripcion) VALUES ('1d18971a-f27f-46dd-8f4d-024e7824e374', '8c8f2924-a0a6-45ff-8455-2280a3ee9042', 'OA3', 'conocimiento', 'Habilidades: Argumentar y comunicar', 'Escuchar textos orales en diversos formatos audiovisuales, usando las siguientes estrategias para apoyar la comprensión:') ON CONFLICT (id) DO UPDATE SET grade_id = EXCLUDED.grade_id, codigo = EXCLUDED.codigo, tipo = EXCLUDED.tipo, eje = EXCLUDED.eje, descripcion = EXCLUDED.descripcion;
INSERT INTO curriculum_objective_items (objective_id, orden, descripcion) VALUES ('1d18971a-f27f-46dd-8f4d-024e7824e374', 1, 'hacer predicciones, basándose en conocimientos previos') ON CONFLICT (objective_id, orden) DO UPDATE SET descripcion = EXCLUDED.descripcion;
INSERT INTO curriculum_objective_items (objective_id, orden, descripcion) VALUES ('1d18971a-f27f-46dd-8f4d-024e7824e374', 2, 'usar claves contextuales (tema, hablantes, lugar, tiempo, imágenes)') ON CONFLICT (objective_id, orden) DO UPDATE SET descripcion = EXCLUDED.descripcion;
INSERT INTO curriculum_objective_items (objective_id, orden, descripcion) VALUES ('1d18971a-f27f-46dd-8f4d-024e7824e374', 3, 'visualizar diferentes aspectos del texto') ON CONFLICT (objective_id, orden) DO UPDATE SET descripcion = EXCLUDED.descripcion;
INSERT INTO curriculum_objective_items (objective_id, orden, descripcion) VALUES ('1d18971a-f27f-46dd-8f4d-024e7824e374', 4, 'usar apoyo visual') ON CONFLICT (objective_id, orden) DO UPDATE SET descripcion = EXCLUDED.descripcion;
INSERT INTO curriculum_objectives (id, grade_id, codigo, tipo, eje, descripcion) VALUES ('cabec07e-36e9-4ec0-a9e4-dd5278261960', '8c8f2924-a0a6-45ff-8455-2280a3ee9042', 'OA4', 'conocimiento', 'Habilidades: Argumentar y comunicar', 'Reaccionar a los textos escuchados, expresando preferencias o haciendo conexiones con experiencias personales, en forma oral, escrita o mediante ilustraciones.') ON CONFLICT (id) DO UPDATE SET grade_id = EXCLUDED.grade_id, codigo = EXCLUDED.codigo, tipo = EXCLUDED.tipo, eje = EXCLUDED.eje, descripcion = EXCLUDED.descripcion;
INSERT INTO curriculum_subjects (id, slug, nombre, total_grados) VALUES ('1cbb0ee3-285e-4d7e-aea9-f13522697d53', 'idioma_extranjero_ingles', 'Idioma Extranjero Inglés', 2) ON CONFLICT (id) DO UPDATE SET slug = EXCLUDED.slug, nombre = EXCLUDED.nombre, total_grados = EXCLUDED.total_grados;
INSERT INTO curriculum_grades (id, subject_id, grado, label, total_objetivos) VALUES ('61332481-c4fa-445f-a90a-5e8d6541f5d2', '1cbb0ee3-285e-4d7e-aea9-f13522697d53', '1', '1° Básico', 5) ON CONFLICT (id) DO UPDATE SET subject_id = EXCLUDED.subject_id, grado = EXCLUDED.grado, label = EXCLUDED.label, total_objetivos = EXCLUDED.total_objetivos;
INSERT INTO curriculum_objectives (id, grade_id, codigo, tipo, eje, descripcion) VALUES ('97906c84-7924-4235-9712-9a2df79a3d31', '61332481-c4fa-445f-a90a-5e8d6541f5d2', 'OA1', 'conocimiento', 'Comprensión auditiva', 'Escuchar y demostrar comprensión de palabras e instrucciones simples del entorno escolar.') ON CONFLICT (id) DO UPDATE SET grade_id = EXCLUDED.grade_id, codigo = EXCLUDED.codigo, tipo = EXCLUDED.tipo, eje = EXCLUDED.eje, descripcion = EXCLUDED.descripcion;
INSERT INTO curriculum_objective_items (objective_id, orden, descripcion) VALUES ('97906c84-7924-4235-9712-9a2df79a3d31', 1, 'siguiendo instrucciones de una o dos acciones') ON CONFLICT (objective_id, orden) DO UPDATE SET descripcion = EXCLUDED.descripcion;
INSERT INTO curriculum_objective_items (objective_id, orden, descripcion) VALUES ('97906c84-7924-4235-9712-9a2df79a3d31', 2, 'identificando objetos, animales y personas nombradas') ON CONFLICT (objective_id, orden) DO UPDATE SET descripcion = EXCLUDED.descripcion;
INSERT INTO curriculum_objectives (id, grade_id, codigo, tipo, eje, descripcion) VALUES ('8a98db72-2a2d-42a9-bed4-67286908f9b2', '61332481-c4fa-445f-a90a-5e8d6541f5d2', 'OA2', 'conocimiento', 'Comprensión auditiva', 'Escuchar y demostrar comprensión de canciones, rimas y cuentos cortos simples en inglés.') ON CONFLICT (id) DO UPDATE SET grade_id = EXCLUDED.grade_id, codigo = EXCLUDED.codigo, tipo = EXCLUDED.tipo, eje = EXCLUDED.eje, descripcion = EXCLUDED.descripcion;
INSERT INTO curriculum_objective_items (objective_id, orden, descripcion) VALUES ('8a98db72-2a2d-42a9-bed4-67286908f9b2', 1, 'identificando personajes y objetos mencionados') ON CONFLICT (objective_id, orden) DO UPDATE SET descripcion = EXCLUDED.descripcion;
INSERT INTO curriculum_objective_items (objective_id, orden, descripcion) VALUES ('8a98db72-2a2d-42a9-bed4-67286908f9b2', 2, 'realizando las acciones que describe el texto') ON CONFLICT (objective_id, orden) DO UPDATE SET descripcion = EXCLUDED.descripcion;
INSERT INTO curriculum_objectives (id, grade_id, codigo, tipo, eje, descripcion) VALUES ('c179d0e2-7c74-496a-a320-cc6ab20d2ed3', '61332481-c4fa-445f-a90a-5e8d6541f5d2', 'OA3', 'conocimiento', 'Expresión oral', 'Producir palabras y expresiones muy simples para nombrar objetos y personas del entorno inmediato.') ON CONFLICT (id) DO UPDATE SET grade_id = EXCLUDED.grade_id, codigo = EXCLUDED.codigo, tipo = EXCLUDED.tipo, eje = EXCLUDED.eje, descripcion = EXCLUDED.descripcion;
INSERT INTO curriculum_objective_items (objective_id, orden, descripcion) VALUES ('c179d0e2-7c74-496a-a320-cc6ab20d2ed3', 1, 'usando vocabulario relacionado con colores, números, animales y objetos del aula') ON CONFLICT (objective_id, orden) DO UPDATE SET descripcion = EXCLUDED.descripcion;
INSERT INTO curriculum_objectives (id, grade_id, codigo, tipo, eje, descripcion) VALUES ('c3d1374c-7517-4d10-a295-aa4434acbbae', '61332481-c4fa-445f-a90a-5e8d6541f5d2', 'OA4', 'conocimiento', 'Expresión oral', 'Participar en interacciones simples repitiendo modelos de lengua trabajados en clases.') ON CONFLICT (id) DO UPDATE SET grade_id = EXCLUDED.grade_id, codigo = EXCLUDED.codigo, tipo = EXCLUDED.tipo, eje = EXCLUDED.eje, descripcion = EXCLUDED.descripcion;
INSERT INTO curriculum_objective_items (objective_id, orden, descripcion) VALUES ('c3d1374c-7517-4d10-a295-aa4434acbbae', 1, 'saludando y despidiéndose') ON CONFLICT (objective_id, orden) DO UPDATE SET descripcion = EXCLUDED.descripcion;
INSERT INTO curriculum_objective_items (objective_id, orden, descripcion) VALUES ('c3d1374c-7517-4d10-a295-aa4434acbbae', 2, 'respondiendo con sí/no a preguntas simples') ON CONFLICT (objective_id, orden) DO UPDATE SET descripcion = EXCLUDED.descripcion;
INSERT INTO curriculum_objectives (id, grade_id, codigo, tipo, eje, descripcion) VALUES ('6f05587b-0a13-4ccd-b201-9392008846ba', '61332481-c4fa-445f-a90a-5e8d6541f5d2', 'OA5', 'habilidad', 'Actitudes', 'Demostrar disposición e interés por aprender inglés y participar en actividades de la clase.') ON CONFLICT (id) DO UPDATE SET grade_id = EXCLUDED.grade_id, codigo = EXCLUDED.codigo, tipo = EXCLUDED.tipo, eje = EXCLUDED.eje, descripcion = EXCLUDED.descripcion;
INSERT INTO curriculum_objective_items (objective_id, orden, descripcion) VALUES ('6f05587b-0a13-4ccd-b201-9392008846ba', 1, 'intentando comunicarse en inglés aunque cometa errores') ON CONFLICT (objective_id, orden) DO UPDATE SET descripcion = EXCLUDED.descripcion;
INSERT INTO curriculum_objective_items (objective_id, orden, descripcion) VALUES ('6f05587b-0a13-4ccd-b201-9392008846ba', 2, 'respetando los turnos de habla') ON CONFLICT (objective_id, orden) DO UPDATE SET descripcion = EXCLUDED.descripcion;
INSERT INTO curriculum_grades (id, subject_id, grado, label, total_objetivos) VALUES ('43fe8c04-7351-462c-882e-e1d12ce9679d', '1cbb0ee3-285e-4d7e-aea9-f13522697d53', '2', '2° Básico', 5) ON CONFLICT (id) DO UPDATE SET subject_id = EXCLUDED.subject_id, grado = EXCLUDED.grado, label = EXCLUDED.label, total_objetivos = EXCLUDED.total_objetivos;
INSERT INTO curriculum_objectives (id, grade_id, codigo, tipo, eje, descripcion) VALUES ('1308ae44-624f-4599-a7ec-9fed637f0fbd', '43fe8c04-7351-462c-882e-e1d12ce9679d', 'OA1', 'conocimiento', 'Comprensión auditiva', 'Escuchar y demostrar comprensión de instrucciones, descripciones y narraciones simples en inglés.') ON CONFLICT (id) DO UPDATE SET grade_id = EXCLUDED.grade_id, codigo = EXCLUDED.codigo, tipo = EXCLUDED.tipo, eje = EXCLUDED.eje, descripcion = EXCLUDED.descripcion;
INSERT INTO curriculum_objective_items (objective_id, orden, descripcion) VALUES ('1308ae44-624f-4599-a7ec-9fed637f0fbd', 1, 'siguiendo secuencias de dos a tres instrucciones') ON CONFLICT (objective_id, orden) DO UPDATE SET descripcion = EXCLUDED.descripcion;
INSERT INTO curriculum_objective_items (objective_id, orden, descripcion) VALUES ('1308ae44-624f-4599-a7ec-9fed637f0fbd', 2, 'identificando personas, lugares y acciones nombradas') ON CONFLICT (objective_id, orden) DO UPDATE SET descripcion = EXCLUDED.descripcion;
INSERT INTO curriculum_objectives (id, grade_id, codigo, tipo, eje, descripcion) VALUES ('3f07330b-8f7c-46d0-8146-d083c721f72e', '43fe8c04-7351-462c-882e-e1d12ce9679d', 'OA2', 'conocimiento', 'Comprensión auditiva', 'Escuchar y demostrar comprensión de canciones, rimas y cuentos simples sobre temas cotidianos.') ON CONFLICT (id) DO UPDATE SET grade_id = EXCLUDED.grade_id, codigo = EXCLUDED.codigo, tipo = EXCLUDED.tipo, eje = EXCLUDED.eje, descripcion = EXCLUDED.descripcion;
INSERT INTO curriculum_objective_items (objective_id, orden, descripcion) VALUES ('3f07330b-8f7c-46d0-8146-d083c721f72e', 1, 'identificando el tema central') ON CONFLICT (objective_id, orden) DO UPDATE SET descripcion = EXCLUDED.descripcion;
INSERT INTO curriculum_objective_items (objective_id, orden, descripcion) VALUES ('3f07330b-8f7c-46d0-8146-d083c721f72e', 2, 'reconociendo vocabulario familiar') ON CONFLICT (objective_id, orden) DO UPDATE SET descripcion = EXCLUDED.descripcion;
INSERT INTO curriculum_objectives (id, grade_id, codigo, tipo, eje, descripcion) VALUES ('14350776-597d-428b-b755-4b33c52266f3', '43fe8c04-7351-462c-882e-e1d12ce9679d', 'OA3', 'conocimiento', 'Lectura', 'Leer y demostrar comprensión de palabras, frases y oraciones muy simples sobre temas conocidos.') ON CONFLICT (id) DO UPDATE SET grade_id = EXCLUDED.grade_id, codigo = EXCLUDED.codigo, tipo = EXCLUDED.tipo, eje = EXCLUDED.eje, descripcion = EXCLUDED.descripcion;
INSERT INTO curriculum_objective_items (objective_id, orden, descripcion) VALUES ('14350776-597d-428b-b755-4b33c52266f3', 1, 'relacionando imágenes con palabras escritas') ON CONFLICT (objective_id, orden) DO UPDATE SET descripcion = EXCLUDED.descripcion;
INSERT INTO curriculum_objective_items (objective_id, orden, descripcion) VALUES ('14350776-597d-428b-b755-4b33c52266f3', 2, 'leyendo letreros y etiquetas del aula') ON CONFLICT (objective_id, orden) DO UPDATE SET descripcion = EXCLUDED.descripcion;
INSERT INTO curriculum_objectives (id, grade_id, codigo, tipo, eje, descripcion) VALUES ('02bc75d9-7391-42e9-a0a5-451dfce02f35', '43fe8c04-7351-462c-882e-e1d12ce9679d', 'OA4', 'conocimiento', 'Expresión oral', 'Producir palabras, frases cortas y expresiones simples para describir personas, objetos y acciones del entorno.') ON CONFLICT (id) DO UPDATE SET grade_id = EXCLUDED.grade_id, codigo = EXCLUDED.codigo, tipo = EXCLUDED.tipo, eje = EXCLUDED.eje, descripcion = EXCLUDED.descripcion;
INSERT INTO curriculum_objective_items (objective_id, orden, descripcion) VALUES ('02bc75d9-7391-42e9-a0a5-451dfce02f35', 1, 'describiendo características físicas simples') ON CONFLICT (objective_id, orden) DO UPDATE SET descripcion = EXCLUDED.descripcion;
INSERT INTO curriculum_objective_items (objective_id, orden, descripcion) VALUES ('02bc75d9-7391-42e9-a0a5-451dfce02f35', 2, 'usando el vocabulario trabajado en clases') ON CONFLICT (objective_id, orden) DO UPDATE SET descripcion = EXCLUDED.descripcion;
INSERT INTO curriculum_objectives (id, grade_id, codigo, tipo, eje, descripcion) VALUES ('61840eb6-a9cf-44d6-b7d4-78064ee4d34b', '43fe8c04-7351-462c-882e-e1d12ce9679d', 'OA5', 'conocimiento', 'Expresión oral', 'Participar en intercambios comunicativos simples usando modelos de lengua trabajados.') ON CONFLICT (id) DO UPDATE SET grade_id = EXCLUDED.grade_id, codigo = EXCLUDED.codigo, tipo = EXCLUDED.tipo, eje = EXCLUDED.eje, descripcion = EXCLUDED.descripcion;
INSERT INTO curriculum_objective_items (objective_id, orden, descripcion) VALUES ('61840eb6-a9cf-44d6-b7d4-78064ee4d34b', 1, 'preguntando y respondiendo sobre información personal básica') ON CONFLICT (objective_id, orden) DO UPDATE SET descripcion = EXCLUDED.descripcion;
INSERT INTO curriculum_objective_items (objective_id, orden, descripcion) VALUES ('61840eb6-a9cf-44d6-b7d4-78064ee4d34b', 2, 'expresando gustos y preferencias simples') ON CONFLICT (objective_id, orden) DO UPDATE SET descripcion = EXCLUDED.descripcion;
INSERT INTO curriculum_grades (id, subject_id, grado, label, total_objetivos) VALUES ('baceb5e8-1519-4747-91fb-b4b6b17f1413', '1cbb0ee3-285e-4d7e-aea9-f13522697d53', '3', '3° Básico', 5) ON CONFLICT (id) DO UPDATE SET subject_id = EXCLUDED.subject_id, grado = EXCLUDED.grado, label = EXCLUDED.label, total_objetivos = EXCLUDED.total_objetivos;
INSERT INTO curriculum_objectives (id, grade_id, codigo, tipo, eje, descripcion) VALUES ('405571f8-3149-4f40-95a3-f16c7ab05819', 'baceb5e8-1519-4747-91fb-b4b6b17f1413', 'OA1', 'conocimiento', 'Comprensión auditiva', 'Escuchar y demostrar comprensión de textos orales simples sobre temas conocidos del entorno.') ON CONFLICT (id) DO UPDATE SET grade_id = EXCLUDED.grade_id, codigo = EXCLUDED.codigo, tipo = EXCLUDED.tipo, eje = EXCLUDED.eje, descripcion = EXCLUDED.descripcion;
INSERT INTO curriculum_objective_items (objective_id, orden, descripcion) VALUES ('405571f8-3149-4f40-95a3-f16c7ab05819', 1, 'identificando información específica') ON CONFLICT (objective_id, orden) DO UPDATE SET descripcion = EXCLUDED.descripcion;
INSERT INTO curriculum_objective_items (objective_id, orden, descripcion) VALUES ('405571f8-3149-4f40-95a3-f16c7ab05819', 2, 'reconociendo vocabulario en contexto') ON CONFLICT (objective_id, orden) DO UPDATE SET descripcion = EXCLUDED.descripcion;
INSERT INTO curriculum_objectives (id, grade_id, codigo, tipo, eje, descripcion) VALUES ('7017e29f-20ff-4f9b-b57c-578f0e1c3b42', 'baceb5e8-1519-4747-91fb-b4b6b17f1413', 'OA2', 'conocimiento', 'Comprensión auditiva', 'Escuchar y demostrar comprensión de narraciones, descripciones y diálogos simples.') ON CONFLICT (id) DO UPDATE SET grade_id = EXCLUDED.grade_id, codigo = EXCLUDED.codigo, tipo = EXCLUDED.tipo, eje = EXCLUDED.eje, descripcion = EXCLUDED.descripcion;
INSERT INTO curriculum_objective_items (objective_id, orden, descripcion) VALUES ('7017e29f-20ff-4f9b-b57c-578f0e1c3b42', 1, 'identificando el tema central y los personajes') ON CONFLICT (objective_id, orden) DO UPDATE SET descripcion = EXCLUDED.descripcion;
INSERT INTO curriculum_objective_items (objective_id, orden, descripcion) VALUES ('7017e29f-20ff-4f9b-b57c-578f0e1c3b42', 2, 'secuenciando acciones simples') ON CONFLICT (objective_id, orden) DO UPDATE SET descripcion = EXCLUDED.descripcion;
INSERT INTO curriculum_objectives (id, grade_id, codigo, tipo, eje, descripcion) VALUES ('a145674e-6a9d-4300-84c1-ae8269092862', 'baceb5e8-1519-4747-91fb-b4b6b17f1413', 'OA3', 'conocimiento', 'Lectura', 'Leer y demostrar comprensión de textos simples y breves sobre temas conocidos.') ON CONFLICT (id) DO UPDATE SET grade_id = EXCLUDED.grade_id, codigo = EXCLUDED.codigo, tipo = EXCLUDED.tipo, eje = EXCLUDED.eje, descripcion = EXCLUDED.descripcion;
INSERT INTO curriculum_objective_items (objective_id, orden, descripcion) VALUES ('a145674e-6a9d-4300-84c1-ae8269092862', 1, 'identificando información explícita') ON CONFLICT (objective_id, orden) DO UPDATE SET descripcion = EXCLUDED.descripcion;
INSERT INTO curriculum_objective_items (objective_id, orden, descripcion) VALUES ('a145674e-6a9d-4300-84c1-ae8269092862', 2, 'usando el contexto para inferir el significado de palabras desconocidas') ON CONFLICT (objective_id, orden) DO UPDATE SET descripcion = EXCLUDED.descripcion;
INSERT INTO curriculum_objectives (id, grade_id, codigo, tipo, eje, descripcion) VALUES ('55d6b391-e9d1-4f7b-90f2-ee389cfc4b53', 'baceb5e8-1519-4747-91fb-b4b6b17f1413', 'OA4', 'conocimiento', 'Expresión oral', 'Producir frases y oraciones simples para describir personas, lugares y actividades cotidianas.') ON CONFLICT (id) DO UPDATE SET grade_id = EXCLUDED.grade_id, codigo = EXCLUDED.codigo, tipo = EXCLUDED.tipo, eje = EXCLUDED.eje, descripcion = EXCLUDED.descripcion;
INSERT INTO curriculum_objective_items (objective_id, orden, descripcion) VALUES ('55d6b391-e9d1-4f7b-90f2-ee389cfc4b53', 1, 'usando estructuras básicas trabajadas en clases') ON CONFLICT (objective_id, orden) DO UPDATE SET descripcion = EXCLUDED.descripcion;
INSERT INTO curriculum_objective_items (objective_id, orden, descripcion) VALUES ('55d6b391-e9d1-4f7b-90f2-ee389cfc4b53', 2, 'apoyándose en imágenes o esquemas cuando sea necesario') ON CONFLICT (objective_id, orden) DO UPDATE SET descripcion = EXCLUDED.descripcion;
INSERT INTO curriculum_objectives (id, grade_id, codigo, tipo, eje, descripcion) VALUES ('0d80ecbf-18e9-43b5-9773-660641ea95c4', 'baceb5e8-1519-4747-91fb-b4b6b17f1413', 'OA5', 'conocimiento', 'Escritura', 'Escribir palabras y frases cortas sobre temas del entorno usando modelos dados.') ON CONFLICT (id) DO UPDATE SET grade_id = EXCLUDED.grade_id, codigo = EXCLUDED.codigo, tipo = EXCLUDED.tipo, eje = EXCLUDED.eje, descripcion = EXCLUDED.descripcion;
INSERT INTO curriculum_objective_items (objective_id, orden, descripcion) VALUES ('0d80ecbf-18e9-43b5-9773-660641ea95c4', 1, 'completando oraciones con información personal') ON CONFLICT (objective_id, orden) DO UPDATE SET descripcion = EXCLUDED.descripcion;
INSERT INTO curriculum_objective_items (objective_id, orden, descripcion) VALUES ('0d80ecbf-18e9-43b5-9773-660641ea95c4', 2, 'escribiendo descripciones breves con apoyo') ON CONFLICT (objective_id, orden) DO UPDATE SET descripcion = EXCLUDED.descripcion;
INSERT INTO curriculum_grades (id, subject_id, grado, label, total_objetivos) VALUES ('defd1afd-d388-420c-bd7a-5f3712a877a1', '1cbb0ee3-285e-4d7e-aea9-f13522697d53', '4', '4° Básico', 5) ON CONFLICT (id) DO UPDATE SET subject_id = EXCLUDED.subject_id, grado = EXCLUDED.grado, label = EXCLUDED.label, total_objetivos = EXCLUDED.total_objetivos;
INSERT INTO curriculum_objectives (id, grade_id, codigo, tipo, eje, descripcion) VALUES ('0371dd0d-73e6-4c4a-a1cf-b6d20d7fefaf', 'defd1afd-d388-420c-bd7a-5f3712a877a1', 'OA1', 'conocimiento', 'Comprensión auditiva', 'Escuchar y demostrar comprensión de textos orales sobre temas variados del entorno cercano.') ON CONFLICT (id) DO UPDATE SET grade_id = EXCLUDED.grade_id, codigo = EXCLUDED.codigo, tipo = EXCLUDED.tipo, eje = EXCLUDED.eje, descripcion = EXCLUDED.descripcion;
INSERT INTO curriculum_objective_items (objective_id, orden, descripcion) VALUES ('0371dd0d-73e6-4c4a-a1cf-b6d20d7fefaf', 1, 'identificando el tema e información específica') ON CONFLICT (objective_id, orden) DO UPDATE SET descripcion = EXCLUDED.descripcion;
INSERT INTO curriculum_objective_items (objective_id, orden, descripcion) VALUES ('0371dd0d-73e6-4c4a-a1cf-b6d20d7fefaf', 2, 'distinguiendo palabras clave en contexto') ON CONFLICT (objective_id, orden) DO UPDATE SET descripcion = EXCLUDED.descripcion;
INSERT INTO curriculum_objectives (id, grade_id, codigo, tipo, eje, descripcion) VALUES ('06de918e-9a33-4b9f-aed8-9ba9a87c69e6', 'defd1afd-d388-420c-bd7a-5f3712a877a1', 'OA2', 'conocimiento', 'Comprensión auditiva', 'Escuchar y demostrar comprensión de diálogos, descripciones y narraciones con vocabulario familiar.') ON CONFLICT (id) DO UPDATE SET grade_id = EXCLUDED.grade_id, codigo = EXCLUDED.codigo, tipo = EXCLUDED.tipo, eje = EXCLUDED.eje, descripcion = EXCLUDED.descripcion;
INSERT INTO curriculum_objective_items (objective_id, orden, descripcion) VALUES ('06de918e-9a33-4b9f-aed8-9ba9a87c69e6', 1, 'identificando personajes, tiempo y lugar') ON CONFLICT (objective_id, orden) DO UPDATE SET descripcion = EXCLUDED.descripcion;
INSERT INTO curriculum_objective_items (objective_id, orden, descripcion) VALUES ('06de918e-9a33-4b9f-aed8-9ba9a87c69e6', 2, 'respondiendo preguntas de comprensión') ON CONFLICT (objective_id, orden) DO UPDATE SET descripcion = EXCLUDED.descripcion;
INSERT INTO curriculum_objectives (id, grade_id, codigo, tipo, eje, descripcion) VALUES ('f63a1c71-edbe-442d-8cb8-ae8c3a969f3d', 'defd1afd-d388-420c-bd7a-5f3712a877a1', 'OA3', 'conocimiento', 'Lectura', 'Leer y demostrar comprensión de textos breves y simples de tipo informativo y narrativo.') ON CONFLICT (id) DO UPDATE SET grade_id = EXCLUDED.grade_id, codigo = EXCLUDED.codigo, tipo = EXCLUDED.tipo, eje = EXCLUDED.eje, descripcion = EXCLUDED.descripcion;
INSERT INTO curriculum_objective_items (objective_id, orden, descripcion) VALUES ('f63a1c71-edbe-442d-8cb8-ae8c3a969f3d', 1, 'identificando la idea principal') ON CONFLICT (objective_id, orden) DO UPDATE SET descripcion = EXCLUDED.descripcion;
INSERT INTO curriculum_objective_items (objective_id, orden, descripcion) VALUES ('f63a1c71-edbe-442d-8cb8-ae8c3a969f3d', 2, 'extrayendo información explícita e implícita sencilla') ON CONFLICT (objective_id, orden) DO UPDATE SET descripcion = EXCLUDED.descripcion;
INSERT INTO curriculum_objectives (id, grade_id, codigo, tipo, eje, descripcion) VALUES ('259786c8-b8fe-4db6-b1ec-e294c2f86315', 'defd1afd-d388-420c-bd7a-5f3712a877a1', 'OA4', 'conocimiento', 'Expresión oral', 'Producir textos orales breves describiendo experiencias, preferencias y planes simples.') ON CONFLICT (id) DO UPDATE SET grade_id = EXCLUDED.grade_id, codigo = EXCLUDED.codigo, tipo = EXCLUDED.tipo, eje = EXCLUDED.eje, descripcion = EXCLUDED.descripcion;
INSERT INTO curriculum_objective_items (objective_id, orden, descripcion) VALUES ('259786c8-b8fe-4db6-b1ec-e294c2f86315', 1, 'usando vocabulario y estructuras apropiadas al nivel') ON CONFLICT (objective_id, orden) DO UPDATE SET descripcion = EXCLUDED.descripcion;
INSERT INTO curriculum_objective_items (objective_id, orden, descripcion) VALUES ('259786c8-b8fe-4db6-b1ec-e294c2f86315', 2, 'apoyándose en notas o esquemas') ON CONFLICT (objective_id, orden) DO UPDATE SET descripcion = EXCLUDED.descripcion;
INSERT INTO curriculum_objectives (id, grade_id, codigo, tipo, eje, descripcion) VALUES ('70f82023-706f-44ac-bbbe-4df7446b2403', 'defd1afd-d388-420c-bd7a-5f3712a877a1', 'OA5', 'conocimiento', 'Escritura', 'Escribir textos breves y simples sobre temas del entorno usando estructuras básicas.') ON CONFLICT (id) DO UPDATE SET grade_id = EXCLUDED.grade_id, codigo = EXCLUDED.codigo, tipo = EXCLUDED.tipo, eje = EXCLUDED.eje, descripcion = EXCLUDED.descripcion;
INSERT INTO curriculum_objective_items (objective_id, orden, descripcion) VALUES ('70f82023-706f-44ac-bbbe-4df7446b2403', 1, 'organizando las ideas con apoyo de esquemas') ON CONFLICT (objective_id, orden) DO UPDATE SET descripcion = EXCLUDED.descripcion;
INSERT INTO curriculum_objective_items (objective_id, orden, descripcion) VALUES ('70f82023-706f-44ac-bbbe-4df7446b2403', 2, 'usando conectores básicos: and, but, because') ON CONFLICT (objective_id, orden) DO UPDATE SET descripcion = EXCLUDED.descripcion;
INSERT INTO curriculum_grades (id, subject_id, grado, label, total_objetivos) VALUES ('2bde6c7c-0f4e-49c1-ad6f-efab376aaf21', '1cbb0ee3-285e-4d7e-aea9-f13522697d53', '5', '5° Básico', 4) ON CONFLICT (id) DO UPDATE SET subject_id = EXCLUDED.subject_id, grado = EXCLUDED.grado, label = EXCLUDED.label, total_objetivos = EXCLUDED.total_objetivos;
INSERT INTO curriculum_objectives (id, grade_id, codigo, tipo, eje, descripcion) VALUES ('0b81dfe6-6648-4721-9d9b-97f8de02b580', '2bde6c7c-0f4e-49c1-ad6f-efab376aaf21', 'OA1', 'conocimiento', 'Comprensión auditiva', 'Escuchar y demostrar comprensión de información explícita en textos adaptados y auténticos simples, tanto no literarios (textos expositivos, diálogos) como literarios (rimas, poemas, canciones, cuentos) que estén enunciados en forma clara, tengan repetición de palabras y apoyo visual y gestual, y estén relacionados con las funciones del año y los siguientes temas:') ON CONFLICT (id) DO UPDATE SET grade_id = EXCLUDED.grade_id, codigo = EXCLUDED.codigo, tipo = EXCLUDED.tipo, eje = EXCLUDED.eje, descripcion = EXCLUDED.descripcion;
INSERT INTO curriculum_objective_items (objective_id, orden, descripcion) VALUES ('0b81dfe6-6648-4721-9d9b-97f8de02b580', 1, 'la comida y la bebida, la salud, lugares de la ciudad, ocupaciones, el mundo natural, viajes y medios de transporte') ON CONFLICT (objective_id, orden) DO UPDATE SET descripcion = EXCLUDED.descripcion;
INSERT INTO curriculum_objective_items (objective_id, orden, descripcion) VALUES ('0b81dfe6-6648-4721-9d9b-97f8de02b580', 2, 'temas relacionados con el contexto inmediato de los estudiantes, como experiencias personales pasadas, sentimientos, historias ficticias e información de interés relativa a eventos y aspectos de su entorno y de nuestro país') ON CONFLICT (objective_id, orden) DO UPDATE SET descripcion = EXCLUDED.descripcion;
INSERT INTO curriculum_objective_items (objective_id, orden, descripcion) VALUES ('0b81dfe6-6648-4721-9d9b-97f8de02b580', 3, 'temas de otras asignaturas: hábitos de limpieza e higiene, beneficios de actividad física, alimentación saludable (Ciencias Naturales); características geográficas como relieve y clima de Chile (Geografía)') ON CONFLICT (objective_id, orden) DO UPDATE SET descripcion = EXCLUDED.descripcion;
INSERT INTO curriculum_objective_items (objective_id, orden, descripcion) VALUES ('0b81dfe6-6648-4721-9d9b-97f8de02b580', 4, 'temas de actualidad e interés global, como cultura de otros países, cuidado del medioambiente, avances tecnológicos (redes sociales, medios de comunicación)') ON CONFLICT (objective_id, orden) DO UPDATE SET descripcion = EXCLUDED.descripcion;
INSERT INTO curriculum_objectives (id, grade_id, codigo, tipo, eje, descripcion) VALUES ('a17bc53b-3a22-484c-a3f8-9b422ec19eef', '2bde6c7c-0f4e-49c1-ad6f-efab376aaf21', 'OA2', 'conocimiento', 'Comprensión auditiva', 'Identificar en los textos escuchados:') ON CONFLICT (id) DO UPDATE SET grade_id = EXCLUDED.grade_id, codigo = EXCLUDED.codigo, tipo = EXCLUDED.tipo, eje = EXCLUDED.eje, descripcion = EXCLUDED.descripcion;
INSERT INTO curriculum_objective_items (objective_id, orden, descripcion) VALUES ('a17bc53b-3a22-484c-a3f8-9b422ec19eef', 1, 'tema e ideas generales') ON CONFLICT (objective_id, orden) DO UPDATE SET descripcion = EXCLUDED.descripcion;
INSERT INTO curriculum_objective_items (objective_id, orden, descripcion) VALUES ('a17bc53b-3a22-484c-a3f8-9b422ec19eef', 2, 'información específica asociada a personas, lugares, tiempo y acciones') ON CONFLICT (objective_id, orden) DO UPDATE SET descripcion = EXCLUDED.descripcion;
INSERT INTO curriculum_objective_items (objective_id, orden, descripcion) VALUES ('a17bc53b-3a22-484c-a3f8-9b422ec19eef', 3, 'palabras, familias de palabras, expresiones de uso frecuente y vocabulario temático') ON CONFLICT (objective_id, orden) DO UPDATE SET descripcion = EXCLUDED.descripcion;
INSERT INTO curriculum_objective_items (objective_id, orden, descripcion) VALUES ('a17bc53b-3a22-484c-a3f8-9b422ec19eef', 4, 'repetición de sonidos y sonidos propios del idioma inglés que interfieren con la comunicación, como los sonidos ch/sh en palabras como chip/ship; b/v en palabras como boat/vote') ON CONFLICT (objective_id, orden) DO UPDATE SET descripcion = EXCLUDED.descripcion;
INSERT INTO curriculum_objectives (id, grade_id, codigo, tipo, eje, descripcion) VALUES ('ebc7dc72-1238-45aa-95d6-d6f186407bbb', '2bde6c7c-0f4e-49c1-ad6f-efab376aaf21', 'OA3', 'conocimiento', 'Comprensión auditiva', 'Escuchar textos orales en diversos formatos audiovisuales, usando las siguientes estrategias para apoyar la comprensión:') ON CONFLICT (id) DO UPDATE SET grade_id = EXCLUDED.grade_id, codigo = EXCLUDED.codigo, tipo = EXCLUDED.tipo, eje = EXCLUDED.eje, descripcion = EXCLUDED.descripcion;
INSERT INTO curriculum_objective_items (objective_id, orden, descripcion) VALUES ('ebc7dc72-1238-45aa-95d6-d6f186407bbb', 1, 'hacer predicciones, basándose en conocimientos previos') ON CONFLICT (objective_id, orden) DO UPDATE SET descripcion = EXCLUDED.descripcion;
INSERT INTO curriculum_objective_items (objective_id, orden, descripcion) VALUES ('ebc7dc72-1238-45aa-95d6-d6f186407bbb', 2, 'usar claves contextuales (tema, hablantes, lugar, tiempo, imágenes)') ON CONFLICT (objective_id, orden) DO UPDATE SET descripcion = EXCLUDED.descripcion;
INSERT INTO curriculum_objective_items (objective_id, orden, descripcion) VALUES ('ebc7dc72-1238-45aa-95d6-d6f186407bbb', 3, 'focalizar la atención en palabras claves') ON CONFLICT (objective_id, orden) DO UPDATE SET descripcion = EXCLUDED.descripcion;
INSERT INTO curriculum_objective_items (objective_id, orden, descripcion) VALUES ('ebc7dc72-1238-45aa-95d6-d6f186407bbb', 4, 'visualizar diferentes aspectos del texto') ON CONFLICT (objective_id, orden) DO UPDATE SET descripcion = EXCLUDED.descripcion;
INSERT INTO curriculum_objective_items (objective_id, orden, descripcion) VALUES ('ebc7dc72-1238-45aa-95d6-d6f186407bbb', 5, 'usar apoyo visual') ON CONFLICT (objective_id, orden) DO UPDATE SET descripcion = EXCLUDED.descripcion;
INSERT INTO curriculum_objectives (id, grade_id, codigo, tipo, eje, descripcion) VALUES ('b1cfa81e-f341-46aa-a476-dcd9e6e24b13', '2bde6c7c-0f4e-49c1-ad6f-efab376aaf21', 'OA4', 'conocimiento', 'Comprensión auditiva', 'Reaccionar a los textos escuchados, expresando opiniones y sentimientos o haciendo conexiones con experiencias personales, en forma oral o escrita.') ON CONFLICT (id) DO UPDATE SET grade_id = EXCLUDED.grade_id, codigo = EXCLUDED.codigo, tipo = EXCLUDED.tipo, eje = EXCLUDED.eje, descripcion = EXCLUDED.descripcion;
INSERT INTO curriculum_grades (id, subject_id, grado, label, total_objetivos) VALUES ('0a68501e-4cef-4d6c-ba52-085acb2c09a9', '1cbb0ee3-285e-4d7e-aea9-f13522697d53', '6', '6° Básico', 8) ON CONFLICT (id) DO UPDATE SET subject_id = EXCLUDED.subject_id, grado = EXCLUDED.grado, label = EXCLUDED.label, total_objetivos = EXCLUDED.total_objetivos;
INSERT INTO curriculum_objectives (id, grade_id, codigo, tipo, eje, descripcion) VALUES ('78a57e97-6f24-446c-92fb-80be4130d1c6', '0a68501e-4cef-4d6c-ba52-085acb2c09a9', 'OA1', 'conocimiento', 'Lectura', 'Reconocer que los textos escritos transmiten mensajes y que son escritos por alguien para cumplir un propósito.') ON CONFLICT (id) DO UPDATE SET grade_id = EXCLUDED.grade_id, codigo = EXCLUDED.codigo, tipo = EXCLUDED.tipo, eje = EXCLUDED.eje, descripcion = EXCLUDED.descripcion;
INSERT INTO curriculum_objectives (id, grade_id, codigo, tipo, eje, descripcion) VALUES ('76bef05c-553f-4de2-a2d9-f21f39803ebd', '0a68501e-4cef-4d6c-ba52-085acb2c09a9', 'OA2', 'conocimiento', 'Lectura', 'Reconocer que las palabras son unidades de significado separadas por espacios en el texto escrito.') ON CONFLICT (id) DO UPDATE SET grade_id = EXCLUDED.grade_id, codigo = EXCLUDED.codigo, tipo = EXCLUDED.tipo, eje = EXCLUDED.eje, descripcion = EXCLUDED.descripcion;
INSERT INTO curriculum_objectives (id, grade_id, codigo, tipo, eje, descripcion) VALUES ('72c9271f-8246-48bb-86d1-ac2ea3ad55f8', '0a68501e-4cef-4d6c-ba52-085acb2c09a9', 'OA3', 'conocimiento', 'Lectura', 'Identificar los sonidos que componen las palabras (conciencia fonológica), reconociendo, separando y combinando sus fonemas y sílabas.') ON CONFLICT (id) DO UPDATE SET grade_id = EXCLUDED.grade_id, codigo = EXCLUDED.codigo, tipo = EXCLUDED.tipo, eje = EXCLUDED.eje, descripcion = EXCLUDED.descripcion;
INSERT INTO curriculum_objectives (id, grade_id, codigo, tipo, eje, descripcion) VALUES ('0320a2a8-4ae0-4865-bc50-693809b71abe', '0a68501e-4cef-4d6c-ba52-085acb2c09a9', 'OA4', 'conocimiento', 'Lectura', 'Leer palabras aisladas y en contexto, aplicando su conocimiento de la correspondencia letrasonido en diferentes combinaciones: sílaba directa, indirecta o compleja, y dígrafos rr-ll-ch-qu.') ON CONFLICT (id) DO UPDATE SET grade_id = EXCLUDED.grade_id, codigo = EXCLUDED.codigo, tipo = EXCLUDED.tipo, eje = EXCLUDED.eje, descripcion = EXCLUDED.descripcion;
INSERT INTO curriculum_objectives (id, grade_id, codigo, tipo, eje, descripcion) VALUES ('b936b549-fc75-4a95-9ebb-4516fa3baf01', '0a68501e-4cef-4d6c-ba52-085acb2c09a9', 'OA5', 'conocimiento', 'Lectura', 'Leer textos breves en voz alta para adquirir fluidez:') ON CONFLICT (id) DO UPDATE SET grade_id = EXCLUDED.grade_id, codigo = EXCLUDED.codigo, tipo = EXCLUDED.tipo, eje = EXCLUDED.eje, descripcion = EXCLUDED.descripcion;
INSERT INTO curriculum_objective_items (objective_id, orden, descripcion) VALUES ('b936b549-fc75-4a95-9ebb-4516fa3baf01', 1, 'pronunciando cada palabra con precisión, aunque se autocorrijan en algunas ocasiones') ON CONFLICT (objective_id, orden) DO UPDATE SET descripcion = EXCLUDED.descripcion;
INSERT INTO curriculum_objective_items (objective_id, orden, descripcion) VALUES ('b936b549-fc75-4a95-9ebb-4516fa3baf01', 2, 'respetando el punto seguido y el punto aparte') ON CONFLICT (objective_id, orden) DO UPDATE SET descripcion = EXCLUDED.descripcion;
INSERT INTO curriculum_objective_items (objective_id, orden, descripcion) VALUES ('b936b549-fc75-4a95-9ebb-4516fa3baf01', 3, 'leyendo palabra a palabra') ON CONFLICT (objective_id, orden) DO UPDATE SET descripcion = EXCLUDED.descripcion;
INSERT INTO curriculum_objectives (id, grade_id, codigo, tipo, eje, descripcion) VALUES ('87762626-3e9d-42b2-988f-aad24885de42', '0a68501e-4cef-4d6c-ba52-085acb2c09a9', 'OA6', 'conocimiento', 'Lectura', 'Comprender textos, aplicando estrategias de comprensión lectora; por ejemplo:') ON CONFLICT (id) DO UPDATE SET grade_id = EXCLUDED.grade_id, codigo = EXCLUDED.codigo, tipo = EXCLUDED.tipo, eje = EXCLUDED.eje, descripcion = EXCLUDED.descripcion;
INSERT INTO curriculum_objective_items (objective_id, orden, descripcion) VALUES ('87762626-3e9d-42b2-988f-aad24885de42', 1, 'relacionar la información del texto con sus experiencias y conocimientos') ON CONFLICT (objective_id, orden) DO UPDATE SET descripcion = EXCLUDED.descripcion;
INSERT INTO curriculum_objective_items (objective_id, orden, descripcion) VALUES ('87762626-3e9d-42b2-988f-aad24885de42', 2, 'visualizar lo que describe el texto') ON CONFLICT (objective_id, orden) DO UPDATE SET descripcion = EXCLUDED.descripcion;
INSERT INTO curriculum_objectives (id, grade_id, codigo, tipo, eje, descripcion) VALUES ('34fbeb9b-4473-4739-95e4-81023e2cf95c', '0a68501e-4cef-4d6c-ba52-085acb2c09a9', 'OA7', 'conocimiento', 'Lectura', 'Leer independientemente y familiarizarse con un amplio repertorio de literatura para aumentar su conocimiento del mundo y desarrollar su imaginación; por ejemplo:') ON CONFLICT (id) DO UPDATE SET grade_id = EXCLUDED.grade_id, codigo = EXCLUDED.codigo, tipo = EXCLUDED.tipo, eje = EXCLUDED.eje, descripcion = EXCLUDED.descripcion;
INSERT INTO curriculum_objective_items (objective_id, orden, descripcion) VALUES ('34fbeb9b-4473-4739-95e4-81023e2cf95c', 1, 'poemas') ON CONFLICT (objective_id, orden) DO UPDATE SET descripcion = EXCLUDED.descripcion;
INSERT INTO curriculum_objective_items (objective_id, orden, descripcion) VALUES ('34fbeb9b-4473-4739-95e4-81023e2cf95c', 2, 'historias breves') ON CONFLICT (objective_id, orden) DO UPDATE SET descripcion = EXCLUDED.descripcion;
INSERT INTO curriculum_objective_items (objective_id, orden, descripcion) VALUES ('34fbeb9b-4473-4739-95e4-81023e2cf95c', 3, 'textos con una estructura predecible') ON CONFLICT (objective_id, orden) DO UPDATE SET descripcion = EXCLUDED.descripcion;
INSERT INTO curriculum_objectives (id, grade_id, codigo, tipo, eje, descripcion) VALUES ('b838d75b-a43c-450a-8a70-ae20223665cb', '0a68501e-4cef-4d6c-ba52-085acb2c09a9', 'OA8', 'conocimiento', 'Lectura', 'Demostrar comprensión de narraciones que aborden temas que les sean familiares:') ON CONFLICT (id) DO UPDATE SET grade_id = EXCLUDED.grade_id, codigo = EXCLUDED.codigo, tipo = EXCLUDED.tipo, eje = EXCLUDED.eje, descripcion = EXCLUDED.descripcion;
INSERT INTO curriculum_objective_items (objective_id, orden, descripcion) VALUES ('b838d75b-a43c-450a-8a70-ae20223665cb', 1, 'extrayendo información explícita e implícita') ON CONFLICT (objective_id, orden) DO UPDATE SET descripcion = EXCLUDED.descripcion;
INSERT INTO curriculum_objective_items (objective_id, orden, descripcion) VALUES ('b838d75b-a43c-450a-8a70-ae20223665cb', 2, 'respondiendo preguntas simples, oralmente o por escrito, sobre los textos (qué, quién, dónde, cuándo, por qué)') ON CONFLICT (objective_id, orden) DO UPDATE SET descripcion = EXCLUDED.descripcion;
INSERT INTO curriculum_objective_items (objective_id, orden, descripcion) VALUES ('b838d75b-a43c-450a-8a70-ae20223665cb', 3, 'recreando personajes por medio de distintas expresiones artísticas, como títeres, dramatizaciones, dibujos o esculturas') ON CONFLICT (objective_id, orden) DO UPDATE SET descripcion = EXCLUDED.descripcion;
INSERT INTO curriculum_objective_items (objective_id, orden, descripcion) VALUES ('b838d75b-a43c-450a-8a70-ae20223665cb', 4, 'describiendo con sus palabras las ilustraciones del texto y relacionándolas con la historia') ON CONFLICT (objective_id, orden) DO UPDATE SET descripcion = EXCLUDED.descripcion;
INSERT INTO curriculum_subjects (id, slug, nombre, total_grados) VALUES ('7aed9476-852c-40e1-b2c5-2548e46ef62a', 'lenguaje_comunicacion', 'Lenguaje y Comunicación', 6) ON CONFLICT (id) DO UPDATE SET slug = EXCLUDED.slug, nombre = EXCLUDED.nombre, total_grados = EXCLUDED.total_grados;
INSERT INTO curriculum_grades (id, subject_id, grado, label, total_objetivos) VALUES ('d1290821-b514-49f3-8d42-716bf911f942', '7aed9476-852c-40e1-b2c5-2548e46ef62a', '1', '1° Básico', 6) ON CONFLICT (id) DO UPDATE SET subject_id = EXCLUDED.subject_id, grado = EXCLUDED.grado, label = EXCLUDED.label, total_objetivos = EXCLUDED.total_objetivos;
INSERT INTO curriculum_objectives (id, grade_id, codigo, tipo, eje, descripcion) VALUES ('b6496a2d-e21a-4121-b146-c7eb38bd57a9', 'd1290821-b514-49f3-8d42-716bf911f942', 'OA1', 'conocimiento', 'Lectura', 'Leer textos significativos que incluyan palabras con hiatos y diptongos, con grupos consonánticos y con combinación ce-ci, que-qui, ge-gi, gue-gui, güegüi.') ON CONFLICT (id) DO UPDATE SET grade_id = EXCLUDED.grade_id, codigo = EXCLUDED.codigo, tipo = EXCLUDED.tipo, eje = EXCLUDED.eje, descripcion = EXCLUDED.descripcion;
INSERT INTO curriculum_objectives (id, grade_id, codigo, tipo, eje, descripcion) VALUES ('d096f80e-6f34-4b8b-a9b7-d633b5960871', 'd1290821-b514-49f3-8d42-716bf911f942', 'OA2', 'conocimiento', 'Lectura', 'Leer en voz alta para adquirir fluidez:') ON CONFLICT (id) DO UPDATE SET grade_id = EXCLUDED.grade_id, codigo = EXCLUDED.codigo, tipo = EXCLUDED.tipo, eje = EXCLUDED.eje, descripcion = EXCLUDED.descripcion;
INSERT INTO curriculum_objective_items (objective_id, orden, descripcion) VALUES ('d096f80e-6f34-4b8b-a9b7-d633b5960871', 1, 'pronunciando cada palabra con precisión, aunque se autocorrijan en contadas ocasiones') ON CONFLICT (objective_id, orden) DO UPDATE SET descripcion = EXCLUDED.descripcion;
INSERT INTO curriculum_objective_items (objective_id, orden, descripcion) VALUES ('d096f80e-6f34-4b8b-a9b7-d633b5960871', 2, 'respetando el punto seguido y el punto aparte') ON CONFLICT (objective_id, orden) DO UPDATE SET descripcion = EXCLUDED.descripcion;
INSERT INTO curriculum_objective_items (objective_id, orden, descripcion) VALUES ('d096f80e-6f34-4b8b-a9b7-d633b5960871', 3, 'sin detenerse en cada palabra') ON CONFLICT (objective_id, orden) DO UPDATE SET descripcion = EXCLUDED.descripcion;
INSERT INTO curriculum_objectives (id, grade_id, codigo, tipo, eje, descripcion) VALUES ('052daeec-e0d5-4dc0-ba94-9b84df8a9c86', 'd1290821-b514-49f3-8d42-716bf911f942', 'OA3', 'conocimiento', 'Lectura', 'Comprender textos, aplicando estrategias de comprensión lectora; por ejemplo:') ON CONFLICT (id) DO UPDATE SET grade_id = EXCLUDED.grade_id, codigo = EXCLUDED.codigo, tipo = EXCLUDED.tipo, eje = EXCLUDED.eje, descripcion = EXCLUDED.descripcion;
INSERT INTO curriculum_objective_items (objective_id, orden, descripcion) VALUES ('052daeec-e0d5-4dc0-ba94-9b84df8a9c86', 1, 'relacionar la información del texto con sus experiencias y conocimientos') ON CONFLICT (objective_id, orden) DO UPDATE SET descripcion = EXCLUDED.descripcion;
INSERT INTO curriculum_objective_items (objective_id, orden, descripcion) VALUES ('052daeec-e0d5-4dc0-ba94-9b84df8a9c86', 2, 'visualizar lo que describe el texto') ON CONFLICT (objective_id, orden) DO UPDATE SET descripcion = EXCLUDED.descripcion;
INSERT INTO curriculum_objective_items (objective_id, orden, descripcion) VALUES ('052daeec-e0d5-4dc0-ba94-9b84df8a9c86', 3, 'hacer preguntas mientras se lee') ON CONFLICT (objective_id, orden) DO UPDATE SET descripcion = EXCLUDED.descripcion;
INSERT INTO curriculum_objectives (id, grade_id, codigo, tipo, eje, descripcion) VALUES ('7869fcc2-731f-45ac-9205-b4908c7ca420', 'd1290821-b514-49f3-8d42-716bf911f942', 'OA4', 'conocimiento', 'Lectura', 'Leer independientemente y familiarizarse con un amplio repertorio de literatura para aumentar su conocimiento del mundo y desarrollar su imaginación; por ejemplo:') ON CONFLICT (id) DO UPDATE SET grade_id = EXCLUDED.grade_id, codigo = EXCLUDED.codigo, tipo = EXCLUDED.tipo, eje = EXCLUDED.eje, descripcion = EXCLUDED.descripcion;
INSERT INTO curriculum_objective_items (objective_id, orden, descripcion) VALUES ('7869fcc2-731f-45ac-9205-b4908c7ca420', 1, 'poemas') ON CONFLICT (objective_id, orden) DO UPDATE SET descripcion = EXCLUDED.descripcion;
INSERT INTO curriculum_objective_items (objective_id, orden, descripcion) VALUES ('7869fcc2-731f-45ac-9205-b4908c7ca420', 2, 'cuentos folclóricos y de autor') ON CONFLICT (objective_id, orden) DO UPDATE SET descripcion = EXCLUDED.descripcion;
INSERT INTO curriculum_objective_items (objective_id, orden, descripcion) VALUES ('7869fcc2-731f-45ac-9205-b4908c7ca420', 3, 'fábulas') ON CONFLICT (objective_id, orden) DO UPDATE SET descripcion = EXCLUDED.descripcion;
INSERT INTO curriculum_objective_items (objective_id, orden, descripcion) VALUES ('7869fcc2-731f-45ac-9205-b4908c7ca420', 4, 'leyendas') ON CONFLICT (objective_id, orden) DO UPDATE SET descripcion = EXCLUDED.descripcion;
INSERT INTO curriculum_objective_items (objective_id, orden, descripcion) VALUES ('7869fcc2-731f-45ac-9205-b4908c7ca420', 5, 'otros') ON CONFLICT (objective_id, orden) DO UPDATE SET descripcion = EXCLUDED.descripcion;
INSERT INTO curriculum_objectives (id, grade_id, codigo, tipo, eje, descripcion) VALUES ('3dc24b9f-aa7b-492c-a4c1-dc043f15a0d9', 'd1290821-b514-49f3-8d42-716bf911f942', 'OA5', 'conocimiento', 'Lectura', 'Demostrar comprensión de las narraciones leídas: úextrayendo información explícita e implícita úreconstruyendo la secuencia de las acciones en la historia úidentificando y describiendo las características físicas y los sentimientos de los distintos personajes úrecreando, por medio de distintas expresiones (dibujos, modelos tridimensionales u otras), el ambiente en el que ocurre la acción úestableciendo relaciones entre el texto y sus propias experiencias úemitiendo una opinión sobre un aspecto de la lectura') ON CONFLICT (id) DO UPDATE SET grade_id = EXCLUDED.grade_id, codigo = EXCLUDED.codigo, tipo = EXCLUDED.tipo, eje = EXCLUDED.eje, descripcion = EXCLUDED.descripcion;
INSERT INTO curriculum_objectives (id, grade_id, codigo, tipo, eje, descripcion) VALUES ('91d7eb04-70af-4028-9666-703350803f0d', 'd1290821-b514-49f3-8d42-716bf911f942', 'OA6', 'conocimiento', 'Lectura', 'Leer habitualmente y disfrutar los mejores poemas de autor y de la tradición oral adecuados a su edad.') ON CONFLICT (id) DO UPDATE SET grade_id = EXCLUDED.grade_id, codigo = EXCLUDED.codigo, tipo = EXCLUDED.tipo, eje = EXCLUDED.eje, descripcion = EXCLUDED.descripcion;
INSERT INTO curriculum_grades (id, subject_id, grado, label, total_objetivos) VALUES ('a73740c5-f7a6-421d-ae2f-eb9c3f00e8e0', '7aed9476-852c-40e1-b2c5-2548e46ef62a', '2', '2° Básico', 5) ON CONFLICT (id) DO UPDATE SET subject_id = EXCLUDED.subject_id, grado = EXCLUDED.grado, label = EXCLUDED.label, total_objetivos = EXCLUDED.total_objetivos;
INSERT INTO curriculum_objectives (id, grade_id, codigo, tipo, eje, descripcion) VALUES ('299641fd-662c-4271-9ac9-1b57386089e4', 'a73740c5-f7a6-421d-ae2f-eb9c3f00e8e0', 'OA1', 'conocimiento', 'Lectura', 'Leer en voz alta de manera fluida variados textos apropiados a su edad:') ON CONFLICT (id) DO UPDATE SET grade_id = EXCLUDED.grade_id, codigo = EXCLUDED.codigo, tipo = EXCLUDED.tipo, eje = EXCLUDED.eje, descripcion = EXCLUDED.descripcion;
INSERT INTO curriculum_objective_items (objective_id, orden, descripcion) VALUES ('299641fd-662c-4271-9ac9-1b57386089e4', 1, 'pronunciando cada palabra con precisión') ON CONFLICT (objective_id, orden) DO UPDATE SET descripcion = EXCLUDED.descripcion;
INSERT INTO curriculum_objective_items (objective_id, orden, descripcion) VALUES ('299641fd-662c-4271-9ac9-1b57386089e4', 2, 'respetando la coma, el punto y los signos de exclamación e interrogación') ON CONFLICT (objective_id, orden) DO UPDATE SET descripcion = EXCLUDED.descripcion;
INSERT INTO curriculum_objective_items (objective_id, orden, descripcion) VALUES ('299641fd-662c-4271-9ac9-1b57386089e4', 3, 'leyendo con velocidad adecuada para el nivel') ON CONFLICT (objective_id, orden) DO UPDATE SET descripcion = EXCLUDED.descripcion;
INSERT INTO curriculum_objectives (id, grade_id, codigo, tipo, eje, descripcion) VALUES ('28608d6a-4bc6-4363-8d90-d69bf27632c0', 'a73740c5-f7a6-421d-ae2f-eb9c3f00e8e0', 'OA2', 'conocimiento', 'Lectura', 'Comprender textos, aplicando estrategias de comprensión lectora; por ejemplo:') ON CONFLICT (id) DO UPDATE SET grade_id = EXCLUDED.grade_id, codigo = EXCLUDED.codigo, tipo = EXCLUDED.tipo, eje = EXCLUDED.eje, descripcion = EXCLUDED.descripcion;
INSERT INTO curriculum_objective_items (objective_id, orden, descripcion) VALUES ('28608d6a-4bc6-4363-8d90-d69bf27632c0', 1, 'relacionar la información del texto con sus experiencias y conocimientos') ON CONFLICT (objective_id, orden) DO UPDATE SET descripcion = EXCLUDED.descripcion;
INSERT INTO curriculum_objective_items (objective_id, orden, descripcion) VALUES ('28608d6a-4bc6-4363-8d90-d69bf27632c0', 2, 'releer lo que no fue comprendido') ON CONFLICT (objective_id, orden) DO UPDATE SET descripcion = EXCLUDED.descripcion;
INSERT INTO curriculum_objective_items (objective_id, orden, descripcion) VALUES ('28608d6a-4bc6-4363-8d90-d69bf27632c0', 3, 'visualizar lo que describe el texto') ON CONFLICT (objective_id, orden) DO UPDATE SET descripcion = EXCLUDED.descripcion;
INSERT INTO curriculum_objective_items (objective_id, orden, descripcion) VALUES ('28608d6a-4bc6-4363-8d90-d69bf27632c0', 4, 'recapitular') ON CONFLICT (objective_id, orden) DO UPDATE SET descripcion = EXCLUDED.descripcion;
INSERT INTO curriculum_objective_items (objective_id, orden, descripcion) VALUES ('28608d6a-4bc6-4363-8d90-d69bf27632c0', 5, 'formular preguntas sobre lo leído y responderlas') ON CONFLICT (objective_id, orden) DO UPDATE SET descripcion = EXCLUDED.descripcion;
INSERT INTO curriculum_objective_items (objective_id, orden, descripcion) VALUES ('28608d6a-4bc6-4363-8d90-d69bf27632c0', 6, 'subrayar información relevante en un texto') ON CONFLICT (objective_id, orden) DO UPDATE SET descripcion = EXCLUDED.descripcion;
INSERT INTO curriculum_objectives (id, grade_id, codigo, tipo, eje, descripcion) VALUES ('58ed29f0-9430-4deb-bac0-c1841b45c47b', 'a73740c5-f7a6-421d-ae2f-eb9c3f00e8e0', 'OA3', 'conocimiento', 'Lectura', 'Leer y familiarizarse con un amplio repertorio de literatura para aumentar su conocimiento del mundo y desarrollar su imaginación; por ejemplo:') ON CONFLICT (id) DO UPDATE SET grade_id = EXCLUDED.grade_id, codigo = EXCLUDED.codigo, tipo = EXCLUDED.tipo, eje = EXCLUDED.eje, descripcion = EXCLUDED.descripcion;
INSERT INTO curriculum_objective_items (objective_id, orden, descripcion) VALUES ('58ed29f0-9430-4deb-bac0-c1841b45c47b', 1, 'poemas') ON CONFLICT (objective_id, orden) DO UPDATE SET descripcion = EXCLUDED.descripcion;
INSERT INTO curriculum_objective_items (objective_id, orden, descripcion) VALUES ('58ed29f0-9430-4deb-bac0-c1841b45c47b', 2, 'cuentos folclóricos y de autor') ON CONFLICT (objective_id, orden) DO UPDATE SET descripcion = EXCLUDED.descripcion;
INSERT INTO curriculum_objective_items (objective_id, orden, descripcion) VALUES ('58ed29f0-9430-4deb-bac0-c1841b45c47b', 3, 'fábulas') ON CONFLICT (objective_id, orden) DO UPDATE SET descripcion = EXCLUDED.descripcion;
INSERT INTO curriculum_objective_items (objective_id, orden, descripcion) VALUES ('58ed29f0-9430-4deb-bac0-c1841b45c47b', 4, 'leyendas') ON CONFLICT (objective_id, orden) DO UPDATE SET descripcion = EXCLUDED.descripcion;
INSERT INTO curriculum_objective_items (objective_id, orden, descripcion) VALUES ('58ed29f0-9430-4deb-bac0-c1841b45c47b', 5, 'mitos') ON CONFLICT (objective_id, orden) DO UPDATE SET descripcion = EXCLUDED.descripcion;
INSERT INTO curriculum_objective_items (objective_id, orden, descripcion) VALUES ('58ed29f0-9430-4deb-bac0-c1841b45c47b', 6, 'novelas') ON CONFLICT (objective_id, orden) DO UPDATE SET descripcion = EXCLUDED.descripcion;
INSERT INTO curriculum_objective_items (objective_id, orden, descripcion) VALUES ('58ed29f0-9430-4deb-bac0-c1841b45c47b', 7, 'historietas') ON CONFLICT (objective_id, orden) DO UPDATE SET descripcion = EXCLUDED.descripcion;
INSERT INTO curriculum_objective_items (objective_id, orden, descripcion) VALUES ('58ed29f0-9430-4deb-bac0-c1841b45c47b', 8, 'otros') ON CONFLICT (objective_id, orden) DO UPDATE SET descripcion = EXCLUDED.descripcion;
INSERT INTO curriculum_objectives (id, grade_id, codigo, tipo, eje, descripcion) VALUES ('7d1cc3ec-3e23-4134-ac64-df1aa06db317', 'a73740c5-f7a6-421d-ae2f-eb9c3f00e8e0', 'OA4', 'conocimiento', 'Lectura', 'Profundizar su comprensión de las narraciones leídas:') ON CONFLICT (id) DO UPDATE SET grade_id = EXCLUDED.grade_id, codigo = EXCLUDED.codigo, tipo = EXCLUDED.tipo, eje = EXCLUDED.eje, descripcion = EXCLUDED.descripcion;
INSERT INTO curriculum_objective_items (objective_id, orden, descripcion) VALUES ('7d1cc3ec-3e23-4134-ac64-df1aa06db317', 1, 'extrayendo información explícita e implícita') ON CONFLICT (objective_id, orden) DO UPDATE SET descripcion = EXCLUDED.descripcion;
INSERT INTO curriculum_objective_items (objective_id, orden, descripcion) VALUES ('7d1cc3ec-3e23-4134-ac64-df1aa06db317', 2, 'reconstruyendo la secuencia de las acciones en la historia') ON CONFLICT (objective_id, orden) DO UPDATE SET descripcion = EXCLUDED.descripcion;
INSERT INTO curriculum_objective_items (objective_id, orden, descripcion) VALUES ('7d1cc3ec-3e23-4134-ac64-df1aa06db317', 3, 'describiendo a los personajes') ON CONFLICT (objective_id, orden) DO UPDATE SET descripcion = EXCLUDED.descripcion;
INSERT INTO curriculum_objective_items (objective_id, orden, descripcion) VALUES ('7d1cc3ec-3e23-4134-ac64-df1aa06db317', 4, 'describiendo el ambiente en que ocurre la acción') ON CONFLICT (objective_id, orden) DO UPDATE SET descripcion = EXCLUDED.descripcion;
INSERT INTO curriculum_objective_items (objective_id, orden, descripcion) VALUES ('7d1cc3ec-3e23-4134-ac64-df1aa06db317', 5, 'expresando opiniones fundamentadas sobre hechos y situaciones del texto') ON CONFLICT (objective_id, orden) DO UPDATE SET descripcion = EXCLUDED.descripcion;
INSERT INTO curriculum_objective_items (objective_id, orden, descripcion) VALUES ('7d1cc3ec-3e23-4134-ac64-df1aa06db317', 6, 'emitiendo una opinión sobre los personajes') ON CONFLICT (objective_id, orden) DO UPDATE SET descripcion = EXCLUDED.descripcion;
INSERT INTO curriculum_objectives (id, grade_id, codigo, tipo, eje, descripcion) VALUES ('beb9b43a-2a93-404c-9c59-025ce26dbc51', 'a73740c5-f7a6-421d-ae2f-eb9c3f00e8e0', 'OA5', 'conocimiento', 'Lectura', 'Comprender poemas adecuados al nivel e interpretar el lenguaje figurado presente en ellos.') ON CONFLICT (id) DO UPDATE SET grade_id = EXCLUDED.grade_id, codigo = EXCLUDED.codigo, tipo = EXCLUDED.tipo, eje = EXCLUDED.eje, descripcion = EXCLUDED.descripcion;
INSERT INTO curriculum_grades (id, subject_id, grado, label, total_objetivos) VALUES ('0095bc32-bc3f-454f-b1d3-243d6f90e50c', '7aed9476-852c-40e1-b2c5-2548e46ef62a', '3', '3° Básico', 5) ON CONFLICT (id) DO UPDATE SET subject_id = EXCLUDED.subject_id, grado = EXCLUDED.grado, label = EXCLUDED.label, total_objetivos = EXCLUDED.total_objetivos;
INSERT INTO curriculum_objectives (id, grade_id, codigo, tipo, eje, descripcion) VALUES ('d252689b-77cc-4acc-aefa-50a8fcca7cb4', '0095bc32-bc3f-454f-b1d3-243d6f90e50c', 'OA1', 'conocimiento', 'Lectura', 'Leer en voz alta de manera fluida variados textos apropiados a su edad:') ON CONFLICT (id) DO UPDATE SET grade_id = EXCLUDED.grade_id, codigo = EXCLUDED.codigo, tipo = EXCLUDED.tipo, eje = EXCLUDED.eje, descripcion = EXCLUDED.descripcion;
INSERT INTO curriculum_objective_items (objective_id, orden, descripcion) VALUES ('d252689b-77cc-4acc-aefa-50a8fcca7cb4', 1, 'pronunciando las palabras con precisión') ON CONFLICT (objective_id, orden) DO UPDATE SET descripcion = EXCLUDED.descripcion;
INSERT INTO curriculum_objective_items (objective_id, orden, descripcion) VALUES ('d252689b-77cc-4acc-aefa-50a8fcca7cb4', 2, 'respetando los signos de puntuación') ON CONFLICT (objective_id, orden) DO UPDATE SET descripcion = EXCLUDED.descripcion;
INSERT INTO curriculum_objective_items (objective_id, orden, descripcion) VALUES ('d252689b-77cc-4acc-aefa-50a8fcca7cb4', 3, 'leyendo con entonación adecuada') ON CONFLICT (objective_id, orden) DO UPDATE SET descripcion = EXCLUDED.descripcion;
INSERT INTO curriculum_objective_items (objective_id, orden, descripcion) VALUES ('d252689b-77cc-4acc-aefa-50a8fcca7cb4', 4, 'leyendo con velocidad adecuada para el nivel') ON CONFLICT (objective_id, orden) DO UPDATE SET descripcion = EXCLUDED.descripcion;
INSERT INTO curriculum_objectives (id, grade_id, codigo, tipo, eje, descripcion) VALUES ('c8a55c46-e2aa-425f-a242-1f5efd1de0fe', '0095bc32-bc3f-454f-b1d3-243d6f90e50c', 'OA2', 'conocimiento', 'Lectura', 'Comprender textos, aplicando estrategias de comprensión lectora; por ejemplo:') ON CONFLICT (id) DO UPDATE SET grade_id = EXCLUDED.grade_id, codigo = EXCLUDED.codigo, tipo = EXCLUDED.tipo, eje = EXCLUDED.eje, descripcion = EXCLUDED.descripcion;
INSERT INTO curriculum_objective_items (objective_id, orden, descripcion) VALUES ('c8a55c46-e2aa-425f-a242-1f5efd1de0fe', 1, 'relacionar la información del texto con sus experiencias y conocimientos') ON CONFLICT (objective_id, orden) DO UPDATE SET descripcion = EXCLUDED.descripcion;
INSERT INTO curriculum_objective_items (objective_id, orden, descripcion) VALUES ('c8a55c46-e2aa-425f-a242-1f5efd1de0fe', 2, 'releer lo que no fue comprendido') ON CONFLICT (objective_id, orden) DO UPDATE SET descripcion = EXCLUDED.descripcion;
INSERT INTO curriculum_objective_items (objective_id, orden, descripcion) VALUES ('c8a55c46-e2aa-425f-a242-1f5efd1de0fe', 3, 'visualizar lo que describe el texto') ON CONFLICT (objective_id, orden) DO UPDATE SET descripcion = EXCLUDED.descripcion;
INSERT INTO curriculum_objective_items (objective_id, orden, descripcion) VALUES ('c8a55c46-e2aa-425f-a242-1f5efd1de0fe', 4, 'recapitular') ON CONFLICT (objective_id, orden) DO UPDATE SET descripcion = EXCLUDED.descripcion;
INSERT INTO curriculum_objective_items (objective_id, orden, descripcion) VALUES ('c8a55c46-e2aa-425f-a242-1f5efd1de0fe', 5, 'formular preguntas sobre lo leído y responderlas') ON CONFLICT (objective_id, orden) DO UPDATE SET descripcion = EXCLUDED.descripcion;
INSERT INTO curriculum_objective_items (objective_id, orden, descripcion) VALUES ('c8a55c46-e2aa-425f-a242-1f5efd1de0fe', 6, 'subrayar información relevante en un texto') ON CONFLICT (objective_id, orden) DO UPDATE SET descripcion = EXCLUDED.descripcion;
INSERT INTO curriculum_objectives (id, grade_id, codigo, tipo, eje, descripcion) VALUES ('e6e3ef72-ce42-46c5-ac7f-8034bc00d22b', '0095bc32-bc3f-454f-b1d3-243d6f90e50c', 'OA3', 'conocimiento', 'Lectura', 'Leer y familiarizarse con un amplio repertorio de literatura para aumentar su conocimiento del mundo y desarrollar su imaginación; por ejemplo:') ON CONFLICT (id) DO UPDATE SET grade_id = EXCLUDED.grade_id, codigo = EXCLUDED.codigo, tipo = EXCLUDED.tipo, eje = EXCLUDED.eje, descripcion = EXCLUDED.descripcion;
INSERT INTO curriculum_objective_items (objective_id, orden, descripcion) VALUES ('e6e3ef72-ce42-46c5-ac7f-8034bc00d22b', 1, 'poemas') ON CONFLICT (objective_id, orden) DO UPDATE SET descripcion = EXCLUDED.descripcion;
INSERT INTO curriculum_objective_items (objective_id, orden, descripcion) VALUES ('e6e3ef72-ce42-46c5-ac7f-8034bc00d22b', 2, 'cuentos folclóricos y de autor') ON CONFLICT (objective_id, orden) DO UPDATE SET descripcion = EXCLUDED.descripcion;
INSERT INTO curriculum_objective_items (objective_id, orden, descripcion) VALUES ('e6e3ef72-ce42-46c5-ac7f-8034bc00d22b', 3, 'fábulas') ON CONFLICT (objective_id, orden) DO UPDATE SET descripcion = EXCLUDED.descripcion;
INSERT INTO curriculum_objective_items (objective_id, orden, descripcion) VALUES ('e6e3ef72-ce42-46c5-ac7f-8034bc00d22b', 4, 'leyendas') ON CONFLICT (objective_id, orden) DO UPDATE SET descripcion = EXCLUDED.descripcion;
INSERT INTO curriculum_objective_items (objective_id, orden, descripcion) VALUES ('e6e3ef72-ce42-46c5-ac7f-8034bc00d22b', 5, 'mitos') ON CONFLICT (objective_id, orden) DO UPDATE SET descripcion = EXCLUDED.descripcion;
INSERT INTO curriculum_objective_items (objective_id, orden, descripcion) VALUES ('e6e3ef72-ce42-46c5-ac7f-8034bc00d22b', 6, 'novelas') ON CONFLICT (objective_id, orden) DO UPDATE SET descripcion = EXCLUDED.descripcion;
INSERT INTO curriculum_objective_items (objective_id, orden, descripcion) VALUES ('e6e3ef72-ce42-46c5-ac7f-8034bc00d22b', 7, 'historietas') ON CONFLICT (objective_id, orden) DO UPDATE SET descripcion = EXCLUDED.descripcion;
INSERT INTO curriculum_objective_items (objective_id, orden, descripcion) VALUES ('e6e3ef72-ce42-46c5-ac7f-8034bc00d22b', 8, 'otros') ON CONFLICT (objective_id, orden) DO UPDATE SET descripcion = EXCLUDED.descripcion;
INSERT INTO curriculum_objectives (id, grade_id, codigo, tipo, eje, descripcion) VALUES ('d2e0582b-8187-4b5e-9219-3ecfb530fae5', '0095bc32-bc3f-454f-b1d3-243d6f90e50c', 'OA4', 'conocimiento', 'Lectura', 'Profundizar su comprensión de las narraciones leídas:') ON CONFLICT (id) DO UPDATE SET grade_id = EXCLUDED.grade_id, codigo = EXCLUDED.codigo, tipo = EXCLUDED.tipo, eje = EXCLUDED.eje, descripcion = EXCLUDED.descripcion;
INSERT INTO curriculum_objective_items (objective_id, orden, descripcion) VALUES ('d2e0582b-8187-4b5e-9219-3ecfb530fae5', 1, 'extrayendo información explícita e implícita') ON CONFLICT (objective_id, orden) DO UPDATE SET descripcion = EXCLUDED.descripcion;
INSERT INTO curriculum_objective_items (objective_id, orden, descripcion) VALUES ('d2e0582b-8187-4b5e-9219-3ecfb530fae5', 2, 'determinando las consecuencias de hechos o acciones') ON CONFLICT (objective_id, orden) DO UPDATE SET descripcion = EXCLUDED.descripcion;
INSERT INTO curriculum_objective_items (objective_id, orden, descripcion) VALUES ('d2e0582b-8187-4b5e-9219-3ecfb530fae5', 3, 'describiendo y comparando a los personajes') ON CONFLICT (objective_id, orden) DO UPDATE SET descripcion = EXCLUDED.descripcion;
INSERT INTO curriculum_objective_items (objective_id, orden, descripcion) VALUES ('d2e0582b-8187-4b5e-9219-3ecfb530fae5', 4, 'describiendo los diferentes ambientes que aparecen en un texto') ON CONFLICT (objective_id, orden) DO UPDATE SET descripcion = EXCLUDED.descripcion;
INSERT INTO curriculum_objective_items (objective_id, orden, descripcion) VALUES ('d2e0582b-8187-4b5e-9219-3ecfb530fae5', 5, 'reconociendo el problema y la solución en una narración') ON CONFLICT (objective_id, orden) DO UPDATE SET descripcion = EXCLUDED.descripcion;
INSERT INTO curriculum_objective_items (objective_id, orden, descripcion) VALUES ('d2e0582b-8187-4b5e-9219-3ecfb530fae5', 6, 'expresando opiniones fundamentadas sobre actitudes y acciones de los personajes') ON CONFLICT (objective_id, orden) DO UPDATE SET descripcion = EXCLUDED.descripcion;
INSERT INTO curriculum_objective_items (objective_id, orden, descripcion) VALUES ('d2e0582b-8187-4b5e-9219-3ecfb530fae5', 7, 'comparando diferentes textos escritos por un mismo autor') ON CONFLICT (objective_id, orden) DO UPDATE SET descripcion = EXCLUDED.descripcion;
INSERT INTO curriculum_objectives (id, grade_id, codigo, tipo, eje, descripcion) VALUES ('977a74bf-e1b1-4d41-89af-cb5afae4f23f', '0095bc32-bc3f-454f-b1d3-243d6f90e50c', 'OA5', 'conocimiento', 'Lectura', 'Comprender poemas adecuados al nivel e interpretar el lenguaje figurado presente en ellos.') ON CONFLICT (id) DO UPDATE SET grade_id = EXCLUDED.grade_id, codigo = EXCLUDED.codigo, tipo = EXCLUDED.tipo, eje = EXCLUDED.eje, descripcion = EXCLUDED.descripcion;
INSERT INTO curriculum_grades (id, subject_id, grado, label, total_objetivos) VALUES ('3eea65ff-ad11-4e40-989a-207883ad7d38', '7aed9476-852c-40e1-b2c5-2548e46ef62a', '4', '4° Básico', 4) ON CONFLICT (id) DO UPDATE SET subject_id = EXCLUDED.subject_id, grado = EXCLUDED.grado, label = EXCLUDED.label, total_objetivos = EXCLUDED.total_objetivos;
INSERT INTO curriculum_objectives (id, grade_id, codigo, tipo, eje, descripcion) VALUES ('49743f00-5a7c-4b30-83eb-d7777d7f4b34', '3eea65ff-ad11-4e40-989a-207883ad7d38', 'OA1', 'conocimiento', 'Lectura', 'Leer de manera fluida textos variados apropiados a su edad:') ON CONFLICT (id) DO UPDATE SET grade_id = EXCLUDED.grade_id, codigo = EXCLUDED.codigo, tipo = EXCLUDED.tipo, eje = EXCLUDED.eje, descripcion = EXCLUDED.descripcion;
INSERT INTO curriculum_objective_items (objective_id, orden, descripcion) VALUES ('49743f00-5a7c-4b30-83eb-d7777d7f4b34', 1, 'pronunciando las palabras con precisión') ON CONFLICT (objective_id, orden) DO UPDATE SET descripcion = EXCLUDED.descripcion;
INSERT INTO curriculum_objective_items (objective_id, orden, descripcion) VALUES ('49743f00-5a7c-4b30-83eb-d7777d7f4b34', 2, 'respetando la prosodia indicada por todos los signos de puntuación') ON CONFLICT (objective_id, orden) DO UPDATE SET descripcion = EXCLUDED.descripcion;
INSERT INTO curriculum_objective_items (objective_id, orden, descripcion) VALUES ('49743f00-5a7c-4b30-83eb-d7777d7f4b34', 3, 'decodificando de manera automática la mayoría de las palabras del texto') ON CONFLICT (objective_id, orden) DO UPDATE SET descripcion = EXCLUDED.descripcion;
INSERT INTO curriculum_objectives (id, grade_id, codigo, tipo, eje, descripcion) VALUES ('6796da98-ec60-4740-a7a0-d860ddc89953', '3eea65ff-ad11-4e40-989a-207883ad7d38', 'OA2', 'conocimiento', 'Lectura', 'Comprender textos, aplicando estrategias de comprensión lectora; por ejemplo:') ON CONFLICT (id) DO UPDATE SET grade_id = EXCLUDED.grade_id, codigo = EXCLUDED.codigo, tipo = EXCLUDED.tipo, eje = EXCLUDED.eje, descripcion = EXCLUDED.descripcion;
INSERT INTO curriculum_objective_items (objective_id, orden, descripcion) VALUES ('6796da98-ec60-4740-a7a0-d860ddc89953', 1, 'relacionar la información del texto con sus experiencias y conocimientos') ON CONFLICT (objective_id, orden) DO UPDATE SET descripcion = EXCLUDED.descripcion;
INSERT INTO curriculum_objective_items (objective_id, orden, descripcion) VALUES ('6796da98-ec60-4740-a7a0-d860ddc89953', 2, 'releer lo que no fue comprendido') ON CONFLICT (objective_id, orden) DO UPDATE SET descripcion = EXCLUDED.descripcion;
INSERT INTO curriculum_objective_items (objective_id, orden, descripcion) VALUES ('6796da98-ec60-4740-a7a0-d860ddc89953', 3, 'formular preguntas sobre lo leído y responderlas') ON CONFLICT (objective_id, orden) DO UPDATE SET descripcion = EXCLUDED.descripcion;
INSERT INTO curriculum_objective_items (objective_id, orden, descripcion) VALUES ('6796da98-ec60-4740-a7a0-d860ddc89953', 4, 'identificar las ideas más importantes de acuerdo con el propósito del lector') ON CONFLICT (objective_id, orden) DO UPDATE SET descripcion = EXCLUDED.descripcion;
INSERT INTO curriculum_objective_items (objective_id, orden, descripcion) VALUES ('6796da98-ec60-4740-a7a0-d860ddc89953', 5, 'organizar la información en esquemas o mapas conceptuales') ON CONFLICT (objective_id, orden) DO UPDATE SET descripcion = EXCLUDED.descripcion;
INSERT INTO curriculum_objectives (id, grade_id, codigo, tipo, eje, descripcion) VALUES ('71ecf2e9-3084-4dab-8b35-569de1343dc7', '3eea65ff-ad11-4e40-989a-207883ad7d38', 'OA3', 'conocimiento', 'Lectura', 'Leer y familiarizarse con un amplio repertorio de literatura para aumentar su conocimiento del mundo, desarrollar su imaginación y reconocer su valor social y cultural; por ejemplo:') ON CONFLICT (id) DO UPDATE SET grade_id = EXCLUDED.grade_id, codigo = EXCLUDED.codigo, tipo = EXCLUDED.tipo, eje = EXCLUDED.eje, descripcion = EXCLUDED.descripcion;
INSERT INTO curriculum_objective_items (objective_id, orden, descripcion) VALUES ('71ecf2e9-3084-4dab-8b35-569de1343dc7', 1, 'poemas') ON CONFLICT (objective_id, orden) DO UPDATE SET descripcion = EXCLUDED.descripcion;
INSERT INTO curriculum_objective_items (objective_id, orden, descripcion) VALUES ('71ecf2e9-3084-4dab-8b35-569de1343dc7', 2, 'cuentos folclóricos y de autor') ON CONFLICT (objective_id, orden) DO UPDATE SET descripcion = EXCLUDED.descripcion;
INSERT INTO curriculum_objective_items (objective_id, orden, descripcion) VALUES ('71ecf2e9-3084-4dab-8b35-569de1343dc7', 3, 'fábulas') ON CONFLICT (objective_id, orden) DO UPDATE SET descripcion = EXCLUDED.descripcion;
INSERT INTO curriculum_objective_items (objective_id, orden, descripcion) VALUES ('71ecf2e9-3084-4dab-8b35-569de1343dc7', 4, 'leyendas') ON CONFLICT (objective_id, orden) DO UPDATE SET descripcion = EXCLUDED.descripcion;
INSERT INTO curriculum_objective_items (objective_id, orden, descripcion) VALUES ('71ecf2e9-3084-4dab-8b35-569de1343dc7', 5, 'mitos') ON CONFLICT (objective_id, orden) DO UPDATE SET descripcion = EXCLUDED.descripcion;
INSERT INTO curriculum_objective_items (objective_id, orden, descripcion) VALUES ('71ecf2e9-3084-4dab-8b35-569de1343dc7', 6, 'novelas') ON CONFLICT (objective_id, orden) DO UPDATE SET descripcion = EXCLUDED.descripcion;
INSERT INTO curriculum_objective_items (objective_id, orden, descripcion) VALUES ('71ecf2e9-3084-4dab-8b35-569de1343dc7', 7, 'historietas') ON CONFLICT (objective_id, orden) DO UPDATE SET descripcion = EXCLUDED.descripcion;
INSERT INTO curriculum_objective_items (objective_id, orden, descripcion) VALUES ('71ecf2e9-3084-4dab-8b35-569de1343dc7', 8, 'otros') ON CONFLICT (objective_id, orden) DO UPDATE SET descripcion = EXCLUDED.descripcion;
INSERT INTO curriculum_objectives (id, grade_id, codigo, tipo, eje, descripcion) VALUES ('f855021d-c181-4e6c-8087-624d885993c5', '3eea65ff-ad11-4e40-989a-207883ad7d38', 'OA4', 'conocimiento', 'Lectura', 'Analizar aspectos relevantes de narraciones leídas para profundizar su comprensión:') ON CONFLICT (id) DO UPDATE SET grade_id = EXCLUDED.grade_id, codigo = EXCLUDED.codigo, tipo = EXCLUDED.tipo, eje = EXCLUDED.eje, descripcion = EXCLUDED.descripcion;
INSERT INTO curriculum_objective_items (objective_id, orden, descripcion) VALUES ('f855021d-c181-4e6c-8087-624d885993c5', 1, 'interpretando el lenguaje figurado presente en el texto') ON CONFLICT (objective_id, orden) DO UPDATE SET descripcion = EXCLUDED.descripcion;
INSERT INTO curriculum_objective_items (objective_id, orden, descripcion) VALUES ('f855021d-c181-4e6c-8087-624d885993c5', 2, 'expresando opiniones sobre las actitudes y acciones de los personajes y fundamentándolas con ejemplos del texto') ON CONFLICT (objective_id, orden) DO UPDATE SET descripcion = EXCLUDED.descripcion;
INSERT INTO curriculum_objective_items (objective_id, orden, descripcion) VALUES ('f855021d-c181-4e6c-8087-624d885993c5', 3, 'determinando las consecuencias de hechos o acciones') ON CONFLICT (objective_id, orden) DO UPDATE SET descripcion = EXCLUDED.descripcion;
INSERT INTO curriculum_objective_items (objective_id, orden, descripcion) VALUES ('f855021d-c181-4e6c-8087-624d885993c5', 4, 'describiendo el ambiente y las costumbres representadas en el texto') ON CONFLICT (objective_id, orden) DO UPDATE SET descripcion = EXCLUDED.descripcion;
INSERT INTO curriculum_objective_items (objective_id, orden, descripcion) VALUES ('f855021d-c181-4e6c-8087-624d885993c5', 5, 'explicando las características físicas y sicológicas de los personajes que son relevantes para el desarrollo de la historia') ON CONFLICT (objective_id, orden) DO UPDATE SET descripcion = EXCLUDED.descripcion;
INSERT INTO curriculum_objective_items (objective_id, orden, descripcion) VALUES ('f855021d-c181-4e6c-8087-624d885993c5', 6, 'comparando textos de autores diferentes y justificando su preferencia por alguno') ON CONFLICT (objective_id, orden) DO UPDATE SET descripcion = EXCLUDED.descripcion;
INSERT INTO curriculum_grades (id, subject_id, grado, label, total_objetivos) VALUES ('4581543d-6b04-425b-9b53-55b220a41bea', '7aed9476-852c-40e1-b2c5-2548e46ef62a', '5', '5° Básico', 4) ON CONFLICT (id) DO UPDATE SET subject_id = EXCLUDED.subject_id, grado = EXCLUDED.grado, label = EXCLUDED.label, total_objetivos = EXCLUDED.total_objetivos;
INSERT INTO curriculum_objectives (id, grade_id, codigo, tipo, eje, descripcion) VALUES ('e3595a42-8e33-435f-954e-b408ab81cba8', '4581543d-6b04-425b-9b53-55b220a41bea', 'OA1', 'conocimiento', 'Lectura', 'Leer de manera fluida textos variados apropiados a su edad:') ON CONFLICT (id) DO UPDATE SET grade_id = EXCLUDED.grade_id, codigo = EXCLUDED.codigo, tipo = EXCLUDED.tipo, eje = EXCLUDED.eje, descripcion = EXCLUDED.descripcion;
INSERT INTO curriculum_objective_items (objective_id, orden, descripcion) VALUES ('e3595a42-8e33-435f-954e-b408ab81cba8', 1, 'pronunciando las palabras con precisión') ON CONFLICT (objective_id, orden) DO UPDATE SET descripcion = EXCLUDED.descripcion;
INSERT INTO curriculum_objective_items (objective_id, orden, descripcion) VALUES ('e3595a42-8e33-435f-954e-b408ab81cba8', 2, 'respetando la prosodia indicada por todos los signos de puntuación') ON CONFLICT (objective_id, orden) DO UPDATE SET descripcion = EXCLUDED.descripcion;
INSERT INTO curriculum_objective_items (objective_id, orden, descripcion) VALUES ('e3595a42-8e33-435f-954e-b408ab81cba8', 3, 'decodificando de manera automática la mayoría de las palabras del texto') ON CONFLICT (objective_id, orden) DO UPDATE SET descripcion = EXCLUDED.descripcion;
INSERT INTO curriculum_objectives (id, grade_id, codigo, tipo, eje, descripcion) VALUES ('cadae2be-46a9-4573-9f5b-f8f56c2da2b6', '4581543d-6b04-425b-9b53-55b220a41bea', 'OA2', 'conocimiento', 'Lectura', 'Comprender textos, aplicando estrategias de comprensión lectora; por ejemplo:') ON CONFLICT (id) DO UPDATE SET grade_id = EXCLUDED.grade_id, codigo = EXCLUDED.codigo, tipo = EXCLUDED.tipo, eje = EXCLUDED.eje, descripcion = EXCLUDED.descripcion;
INSERT INTO curriculum_objective_items (objective_id, orden, descripcion) VALUES ('cadae2be-46a9-4573-9f5b-f8f56c2da2b6', 1, 'relacionar la información del texto con sus experiencias y conocimientos') ON CONFLICT (objective_id, orden) DO UPDATE SET descripcion = EXCLUDED.descripcion;
INSERT INTO curriculum_objective_items (objective_id, orden, descripcion) VALUES ('cadae2be-46a9-4573-9f5b-f8f56c2da2b6', 2, 'releer lo que no fue comprendido') ON CONFLICT (objective_id, orden) DO UPDATE SET descripcion = EXCLUDED.descripcion;
INSERT INTO curriculum_objective_items (objective_id, orden, descripcion) VALUES ('cadae2be-46a9-4573-9f5b-f8f56c2da2b6', 3, 'formular preguntas sobre lo leído y responderlas') ON CONFLICT (objective_id, orden) DO UPDATE SET descripcion = EXCLUDED.descripcion;
INSERT INTO curriculum_objective_items (objective_id, orden, descripcion) VALUES ('cadae2be-46a9-4573-9f5b-f8f56c2da2b6', 4, 'organizar la información en esquemas o mapas conceptuales') ON CONFLICT (objective_id, orden) DO UPDATE SET descripcion = EXCLUDED.descripcion;
INSERT INTO curriculum_objective_items (objective_id, orden, descripcion) VALUES ('cadae2be-46a9-4573-9f5b-f8f56c2da2b6', 5, 'resumir') ON CONFLICT (objective_id, orden) DO UPDATE SET descripcion = EXCLUDED.descripcion;
INSERT INTO curriculum_objectives (id, grade_id, codigo, tipo, eje, descripcion) VALUES ('e26fb9cf-6c19-43c3-909f-183a16f432d0', '4581543d-6b04-425b-9b53-55b220a41bea', 'OA3', 'conocimiento', 'Lectura', 'Leer y familiarizarse con un amplio repertorio de literatura para aumentar su conocimiento del mundo, desarrollar su imaginación y reconocer su valor social y cultural; por ejemplo:') ON CONFLICT (id) DO UPDATE SET grade_id = EXCLUDED.grade_id, codigo = EXCLUDED.codigo, tipo = EXCLUDED.tipo, eje = EXCLUDED.eje, descripcion = EXCLUDED.descripcion;
INSERT INTO curriculum_objective_items (objective_id, orden, descripcion) VALUES ('e26fb9cf-6c19-43c3-909f-183a16f432d0', 1, 'poemas') ON CONFLICT (objective_id, orden) DO UPDATE SET descripcion = EXCLUDED.descripcion;
INSERT INTO curriculum_objective_items (objective_id, orden, descripcion) VALUES ('e26fb9cf-6c19-43c3-909f-183a16f432d0', 2, 'cuentos folclóricos y de autor') ON CONFLICT (objective_id, orden) DO UPDATE SET descripcion = EXCLUDED.descripcion;
INSERT INTO curriculum_objective_items (objective_id, orden, descripcion) VALUES ('e26fb9cf-6c19-43c3-909f-183a16f432d0', 3, 'fábulas') ON CONFLICT (objective_id, orden) DO UPDATE SET descripcion = EXCLUDED.descripcion;
INSERT INTO curriculum_objective_items (objective_id, orden, descripcion) VALUES ('e26fb9cf-6c19-43c3-909f-183a16f432d0', 4, 'leyendas') ON CONFLICT (objective_id, orden) DO UPDATE SET descripcion = EXCLUDED.descripcion;
INSERT INTO curriculum_objective_items (objective_id, orden, descripcion) VALUES ('e26fb9cf-6c19-43c3-909f-183a16f432d0', 5, 'mitos') ON CONFLICT (objective_id, orden) DO UPDATE SET descripcion = EXCLUDED.descripcion;
INSERT INTO curriculum_objective_items (objective_id, orden, descripcion) VALUES ('e26fb9cf-6c19-43c3-909f-183a16f432d0', 6, 'novelas') ON CONFLICT (objective_id, orden) DO UPDATE SET descripcion = EXCLUDED.descripcion;
INSERT INTO curriculum_objective_items (objective_id, orden, descripcion) VALUES ('e26fb9cf-6c19-43c3-909f-183a16f432d0', 7, 'historietas') ON CONFLICT (objective_id, orden) DO UPDATE SET descripcion = EXCLUDED.descripcion;
INSERT INTO curriculum_objective_items (objective_id, orden, descripcion) VALUES ('e26fb9cf-6c19-43c3-909f-183a16f432d0', 8, 'otros') ON CONFLICT (objective_id, orden) DO UPDATE SET descripcion = EXCLUDED.descripcion;
INSERT INTO curriculum_objectives (id, grade_id, codigo, tipo, eje, descripcion) VALUES ('40ee458a-72fa-4196-95f5-b26098e4d00f', '4581543d-6b04-425b-9b53-55b220a41bea', 'OA4', 'conocimiento', 'Lectura', 'Analizar aspectos relevantes de las narraciones leídas para profundizar su comprensión:') ON CONFLICT (id) DO UPDATE SET grade_id = EXCLUDED.grade_id, codigo = EXCLUDED.codigo, tipo = EXCLUDED.tipo, eje = EXCLUDED.eje, descripcion = EXCLUDED.descripcion;
INSERT INTO curriculum_objective_items (objective_id, orden, descripcion) VALUES ('40ee458a-72fa-4196-95f5-b26098e4d00f', 1, 'identificando las acciones principales del relato y explicando cómo influyen en el desarrollo de la historia') ON CONFLICT (objective_id, orden) DO UPDATE SET descripcion = EXCLUDED.descripcion;
INSERT INTO curriculum_objective_items (objective_id, orden, descripcion) VALUES ('40ee458a-72fa-4196-95f5-b26098e4d00f', 2, 'explicando las actitudes y reacciones de los personajes de acuerdo con sus motivaciones y las situaciones que viven') ON CONFLICT (objective_id, orden) DO UPDATE SET descripcion = EXCLUDED.descripcion;
INSERT INTO curriculum_objective_items (objective_id, orden, descripcion) VALUES ('40ee458a-72fa-4196-95f5-b26098e4d00f', 3, 'describiendo el ambiente y las costumbres representadas en el texto y explicando su influencia en las acciones del relato') ON CONFLICT (objective_id, orden) DO UPDATE SET descripcion = EXCLUDED.descripcion;
INSERT INTO curriculum_objective_items (objective_id, orden, descripcion) VALUES ('40ee458a-72fa-4196-95f5-b26098e4d00f', 4, 'relacionando el relato, si es pertinente, con la época y el lugar en que se ambienta') ON CONFLICT (objective_id, orden) DO UPDATE SET descripcion = EXCLUDED.descripcion;
INSERT INTO curriculum_objective_items (objective_id, orden, descripcion) VALUES ('40ee458a-72fa-4196-95f5-b26098e4d00f', 5, 'interpretando el lenguaje figurado presente en el texto') ON CONFLICT (objective_id, orden) DO UPDATE SET descripcion = EXCLUDED.descripcion;
INSERT INTO curriculum_objective_items (objective_id, orden, descripcion) VALUES ('40ee458a-72fa-4196-95f5-b26098e4d00f', 6, 'expresando opiniones sobre las actitudes y acciones de los personajes y fundamentándolas con ejemplos del texto') ON CONFLICT (objective_id, orden) DO UPDATE SET descripcion = EXCLUDED.descripcion;
INSERT INTO curriculum_grades (id, subject_id, grado, label, total_objetivos) VALUES ('07daac78-67ed-4127-96d0-31fb0d5bcf0b', '7aed9476-852c-40e1-b2c5-2548e46ef62a', '6', '6° Básico', 10) ON CONFLICT (id) DO UPDATE SET subject_id = EXCLUDED.subject_id, grado = EXCLUDED.grado, label = EXCLUDED.label, total_objetivos = EXCLUDED.total_objetivos;
INSERT INTO curriculum_objectives (id, grade_id, codigo, tipo, eje, descripcion) VALUES ('32575170-c223-4d27-b536-bcf5c0605cba', '07daac78-67ed-4127-96d0-31fb0d5bcf0b', 'OA1', 'conocimiento', 'Lectura', 'Leer de manera fluida textos variados y complejos apropiados a su edad.') ON CONFLICT (id) DO UPDATE SET grade_id = EXCLUDED.grade_id, codigo = EXCLUDED.codigo, tipo = EXCLUDED.tipo, eje = EXCLUDED.eje, descripcion = EXCLUDED.descripcion;
INSERT INTO curriculum_objective_items (objective_id, orden, descripcion) VALUES ('32575170-c223-4d27-b536-bcf5c0605cba', 1, 'con expresión, entonación y ritmo adecuados al texto') ON CONFLICT (objective_id, orden) DO UPDATE SET descripcion = EXCLUDED.descripcion;
INSERT INTO curriculum_objective_items (objective_id, orden, descripcion) VALUES ('32575170-c223-4d27-b536-bcf5c0605cba', 2, 'respetando pausas y signos de puntuación') ON CONFLICT (objective_id, orden) DO UPDATE SET descripcion = EXCLUDED.descripcion;
INSERT INTO curriculum_objective_items (objective_id, orden, descripcion) VALUES ('32575170-c223-4d27-b536-bcf5c0605cba', 3, 'a una velocidad adecuada para la comprensión') ON CONFLICT (objective_id, orden) DO UPDATE SET descripcion = EXCLUDED.descripcion;
INSERT INTO curriculum_objectives (id, grade_id, codigo, tipo, eje, descripcion) VALUES ('d146b253-ba8c-427f-bd45-e50a97f83908', '07daac78-67ed-4127-96d0-31fb0d5bcf0b', 'OA2', 'conocimiento', 'Lectura', 'Comprender textos, aplicando estrategias de comprensión lectora; por ejemplo:') ON CONFLICT (id) DO UPDATE SET grade_id = EXCLUDED.grade_id, codigo = EXCLUDED.codigo, tipo = EXCLUDED.tipo, eje = EXCLUDED.eje, descripcion = EXCLUDED.descripcion;
INSERT INTO curriculum_objective_items (objective_id, orden, descripcion) VALUES ('d146b253-ba8c-427f-bd45-e50a97f83908', 1, 'relacionar la información del texto con sus experiencias y conocimientos previos') ON CONFLICT (objective_id, orden) DO UPDATE SET descripcion = EXCLUDED.descripcion;
INSERT INTO curriculum_objective_items (objective_id, orden, descripcion) VALUES ('d146b253-ba8c-427f-bd45-e50a97f83908', 2, 'hacer preguntas sobre lo leído y buscar respuestas en el texto') ON CONFLICT (objective_id, orden) DO UPDATE SET descripcion = EXCLUDED.descripcion;
INSERT INTO curriculum_objective_items (objective_id, orden, descripcion) VALUES ('d146b253-ba8c-427f-bd45-e50a97f83908', 3, 'sintetizar la información importante') ON CONFLICT (objective_id, orden) DO UPDATE SET descripcion = EXCLUDED.descripcion;
INSERT INTO curriculum_objective_items (objective_id, orden, descripcion) VALUES ('d146b253-ba8c-427f-bd45-e50a97f83908', 4, 'visualizar lo que describe el texto') ON CONFLICT (objective_id, orden) DO UPDATE SET descripcion = EXCLUDED.descripcion;
INSERT INTO curriculum_objectives (id, grade_id, codigo, tipo, eje, descripcion) VALUES ('36c455ee-93b9-4fc8-b5d5-1dd12babf41f', '07daac78-67ed-4127-96d0-31fb0d5bcf0b', 'OA3', 'conocimiento', 'Lectura', 'Leer independientemente y familiarizarse con un amplio repertorio de literatura para aumentar su conocimiento del mundo.') ON CONFLICT (id) DO UPDATE SET grade_id = EXCLUDED.grade_id, codigo = EXCLUDED.codigo, tipo = EXCLUDED.tipo, eje = EXCLUDED.eje, descripcion = EXCLUDED.descripcion;
INSERT INTO curriculum_objective_items (objective_id, orden, descripcion) VALUES ('36c455ee-93b9-4fc8-b5d5-1dd12babf41f', 1, 'novelas y cuentos de autores chilenos y universales') ON CONFLICT (objective_id, orden) DO UPDATE SET descripcion = EXCLUDED.descripcion;
INSERT INTO curriculum_objective_items (objective_id, orden, descripcion) VALUES ('36c455ee-93b9-4fc8-b5d5-1dd12babf41f', 2, 'poemas y textos dramáticos') ON CONFLICT (objective_id, orden) DO UPDATE SET descripcion = EXCLUDED.descripcion;
INSERT INTO curriculum_objective_items (objective_id, orden, descripcion) VALUES ('36c455ee-93b9-4fc8-b5d5-1dd12babf41f', 3, 'noticias y artículos informativos') ON CONFLICT (objective_id, orden) DO UPDATE SET descripcion = EXCLUDED.descripcion;
INSERT INTO curriculum_objectives (id, grade_id, codigo, tipo, eje, descripcion) VALUES ('39b750c2-ac19-43e2-a38f-4b4670028a79', '07daac78-67ed-4127-96d0-31fb0d5bcf0b', 'OA4', 'conocimiento', 'Lectura', 'Analizar aspectos relevantes de narraciones leídas para profundizar su comprensión:') ON CONFLICT (id) DO UPDATE SET grade_id = EXCLUDED.grade_id, codigo = EXCLUDED.codigo, tipo = EXCLUDED.tipo, eje = EXCLUDED.eje, descripcion = EXCLUDED.descripcion;
INSERT INTO curriculum_objective_items (objective_id, orden, descripcion) VALUES ('39b750c2-ac19-43e2-a38f-4b4670028a79', 1, 'identificando el tema y los subtemas presentes') ON CONFLICT (objective_id, orden) DO UPDATE SET descripcion = EXCLUDED.descripcion;
INSERT INTO curriculum_objective_items (objective_id, orden, descripcion) VALUES ('39b750c2-ac19-43e2-a38f-4b4670028a79', 2, 'describiendo la evolución de los personajes principales y secundarios') ON CONFLICT (objective_id, orden) DO UPDATE SET descripcion = EXCLUDED.descripcion;
INSERT INTO curriculum_objective_items (objective_id, orden, descripcion) VALUES ('39b750c2-ac19-43e2-a38f-4b4670028a79', 3, 'explicando cómo el ambiente influye en los personajes y los sucesos') ON CONFLICT (objective_id, orden) DO UPDATE SET descripcion = EXCLUDED.descripcion;
INSERT INTO curriculum_objective_items (objective_id, orden, descripcion) VALUES ('39b750c2-ac19-43e2-a38f-4b4670028a79', 4, 'relacionando los sucesos del texto con situaciones de la vida actual') ON CONFLICT (objective_id, orden) DO UPDATE SET descripcion = EXCLUDED.descripcion;
INSERT INTO curriculum_objective_items (objective_id, orden, descripcion) VALUES ('39b750c2-ac19-43e2-a38f-4b4670028a79', 5, 'emitiendo una opinión fundamentada sobre el texto') ON CONFLICT (objective_id, orden) DO UPDATE SET descripcion = EXCLUDED.descripcion;
INSERT INTO curriculum_objectives (id, grade_id, codigo, tipo, eje, descripcion) VALUES ('4116204d-820f-4ec6-b097-847187b33022', '07daac78-67ed-4127-96d0-31fb0d5bcf0b', 'OA5', 'conocimiento', 'Lectura', 'Comprender poemas adecuados al nivel e interpretar el lenguaje figurado presente en ellos, como metáforas e hipérboles.') ON CONFLICT (id) DO UPDATE SET grade_id = EXCLUDED.grade_id, codigo = EXCLUDED.codigo, tipo = EXCLUDED.tipo, eje = EXCLUDED.eje, descripcion = EXCLUDED.descripcion;
INSERT INTO curriculum_objective_items (objective_id, orden, descripcion) VALUES ('4116204d-820f-4ec6-b097-847187b33022', 1, 'identificando el tema del poema') ON CONFLICT (objective_id, orden) DO UPDATE SET descripcion = EXCLUDED.descripcion;
INSERT INTO curriculum_objective_items (objective_id, orden, descripcion) VALUES ('4116204d-820f-4ec6-b097-847187b33022', 2, 'reconociendo el lenguaje figurado y su efecto en el lector') ON CONFLICT (objective_id, orden) DO UPDATE SET descripcion = EXCLUDED.descripcion;
INSERT INTO curriculum_objective_items (objective_id, orden, descripcion) VALUES ('4116204d-820f-4ec6-b097-847187b33022', 3, 'expresando las emociones que despierta el poema') ON CONFLICT (objective_id, orden) DO UPDATE SET descripcion = EXCLUDED.descripcion;
INSERT INTO curriculum_objectives (id, grade_id, codigo, tipo, eje, descripcion) VALUES ('8e34d0e8-a137-44fe-8c01-b19fafbea672', '07daac78-67ed-4127-96d0-31fb0d5bcf0b', 'OA6', 'conocimiento', 'Lectura', 'Analizar los textos no literarios para aplicar la información en el desarrollo de investigaciones o tareas.') ON CONFLICT (id) DO UPDATE SET grade_id = EXCLUDED.grade_id, codigo = EXCLUDED.codigo, tipo = EXCLUDED.tipo, eje = EXCLUDED.eje, descripcion = EXCLUDED.descripcion;
INSERT INTO curriculum_objective_items (objective_id, orden, descripcion) VALUES ('8e34d0e8-a137-44fe-8c01-b19fafbea672', 1, 'localizando información a partir de títulos, subtítulos, tablas de contenidos e índices') ON CONFLICT (objective_id, orden) DO UPDATE SET descripcion = EXCLUDED.descripcion;
INSERT INTO curriculum_objective_items (objective_id, orden, descripcion) VALUES ('8e34d0e8-a137-44fe-8c01-b19fafbea672', 2, 'distinguiendo la información relevante de la que no lo es') ON CONFLICT (objective_id, orden) DO UPDATE SET descripcion = EXCLUDED.descripcion;
INSERT INTO curriculum_objective_items (objective_id, orden, descripcion) VALUES ('8e34d0e8-a137-44fe-8c01-b19fafbea672', 3, 'comparando la información de dos o más fuentes') ON CONFLICT (objective_id, orden) DO UPDATE SET descripcion = EXCLUDED.descripcion;
INSERT INTO curriculum_objectives (id, grade_id, codigo, tipo, eje, descripcion) VALUES ('48d6b079-6ddc-4edd-a897-1d5af9d03497', '07daac78-67ed-4127-96d0-31fb0d5bcf0b', 'OA7', 'conocimiento', 'Escritura', 'Escribir, revisar y editar sus textos para satisfacer un propósito y transmitir sus ideas con claridad.') ON CONFLICT (id) DO UPDATE SET grade_id = EXCLUDED.grade_id, codigo = EXCLUDED.codigo, tipo = EXCLUDED.tipo, eje = EXCLUDED.eje, descripcion = EXCLUDED.descripcion;
INSERT INTO curriculum_objective_items (objective_id, orden, descripcion) VALUES ('48d6b079-6ddc-4edd-a897-1d5af9d03497', 1, 'estructurando los textos de manera coherente') ON CONFLICT (objective_id, orden) DO UPDATE SET descripcion = EXCLUDED.descripcion;
INSERT INTO curriculum_objective_items (objective_id, orden, descripcion) VALUES ('48d6b079-6ddc-4edd-a897-1d5af9d03497', 2, 'utilizando un vocabulario variado y preciso') ON CONFLICT (objective_id, orden) DO UPDATE SET descripcion = EXCLUDED.descripcion;
INSERT INTO curriculum_objective_items (objective_id, orden, descripcion) VALUES ('48d6b079-6ddc-4edd-a897-1d5af9d03497', 3, 'usando conectores para unir las ideas') ON CONFLICT (objective_id, orden) DO UPDATE SET descripcion = EXCLUDED.descripcion;
INSERT INTO curriculum_objective_items (objective_id, orden, descripcion) VALUES ('48d6b079-6ddc-4edd-a897-1d5af9d03497', 4, 'corrigiendo la ortografía y redacción') ON CONFLICT (objective_id, orden) DO UPDATE SET descripcion = EXCLUDED.descripcion;
INSERT INTO curriculum_objectives (id, grade_id, codigo, tipo, eje, descripcion) VALUES ('9463d116-793c-4414-b4a4-a2faea066fc2', '07daac78-67ed-4127-96d0-31fb0d5bcf0b', 'OA8', 'conocimiento', 'Escritura', 'Escribir creativamente narraciones (historias, relatos de experiencias personales o de otros) que tengan') ON CONFLICT (id) DO UPDATE SET grade_id = EXCLUDED.grade_id, codigo = EXCLUDED.codigo, tipo = EXCLUDED.tipo, eje = EXCLUDED.eje, descripcion = EXCLUDED.descripcion;
INSERT INTO curriculum_objective_items (objective_id, orden, descripcion) VALUES ('9463d116-793c-4414-b4a4-a2faea066fc2', 1, 'un inicio que presente a los personajes y el ambiente') ON CONFLICT (objective_id, orden) DO UPDATE SET descripcion = EXCLUDED.descripcion;
INSERT INTO curriculum_objective_items (objective_id, orden, descripcion) VALUES ('9463d116-793c-4414-b4a4-a2faea066fc2', 2, 'una secuencia de acciones') ON CONFLICT (objective_id, orden) DO UPDATE SET descripcion = EXCLUDED.descripcion;
INSERT INTO curriculum_objective_items (objective_id, orden, descripcion) VALUES ('9463d116-793c-4414-b4a4-a2faea066fc2', 3, 'un desenlace coherente con la historia') ON CONFLICT (objective_id, orden) DO UPDATE SET descripcion = EXCLUDED.descripcion;
INSERT INTO curriculum_objectives (id, grade_id, codigo, tipo, eje, descripcion) VALUES ('3f09e2e5-66e1-4f04-87e2-30224d843dc9', '07daac78-67ed-4127-96d0-31fb0d5bcf0b', 'OA9', 'conocimiento', 'Comunicación oral', 'Expresarse de manera coherente y articulada en situaciones formales de comunicación oral:') ON CONFLICT (id) DO UPDATE SET grade_id = EXCLUDED.grade_id, codigo = EXCLUDED.codigo, tipo = EXCLUDED.tipo, eje = EXCLUDED.eje, descripcion = EXCLUDED.descripcion;
INSERT INTO curriculum_objective_items (objective_id, orden, descripcion) VALUES ('3f09e2e5-66e1-4f04-87e2-30224d843dc9', 1, 'presentando sus ideas de manera ordenada y clara') ON CONFLICT (objective_id, orden) DO UPDATE SET descripcion = EXCLUDED.descripcion;
INSERT INTO curriculum_objective_items (objective_id, orden, descripcion) VALUES ('3f09e2e5-66e1-4f04-87e2-30224d843dc9', 2, 'utilizando un vocabulario variado y preciso') ON CONFLICT (objective_id, orden) DO UPDATE SET descripcion = EXCLUDED.descripcion;
INSERT INTO curriculum_objective_items (objective_id, orden, descripcion) VALUES ('3f09e2e5-66e1-4f04-87e2-30224d843dc9', 3, 'manteniendo una postura y tono de voz adecuados') ON CONFLICT (objective_id, orden) DO UPDATE SET descripcion = EXCLUDED.descripcion;
INSERT INTO curriculum_objectives (id, grade_id, codigo, tipo, eje, descripcion) VALUES ('d4c89d65-e6e1-4584-8a48-1569e1106a12', '07daac78-67ed-4127-96d0-31fb0d5bcf0b', 'OA10', 'conocimiento', 'Comunicación oral', 'Comprender y evaluar textos orales (exposiciones, noticias, documentales y otros medios de comunicación):') ON CONFLICT (id) DO UPDATE SET grade_id = EXCLUDED.grade_id, codigo = EXCLUDED.codigo, tipo = EXCLUDED.tipo, eje = EXCLUDED.eje, descripcion = EXCLUDED.descripcion;
INSERT INTO curriculum_objective_items (objective_id, orden, descripcion) VALUES ('d4c89d65-e6e1-4584-8a48-1569e1106a12', 1, 'identificando el propósito del texto') ON CONFLICT (objective_id, orden) DO UPDATE SET descripcion = EXCLUDED.descripcion;
INSERT INTO curriculum_objective_items (objective_id, orden, descripcion) VALUES ('d4c89d65-e6e1-4584-8a48-1569e1106a12', 2, 'distinguiendo hechos de opiniones') ON CONFLICT (objective_id, orden) DO UPDATE SET descripcion = EXCLUDED.descripcion;
INSERT INTO curriculum_objective_items (objective_id, orden, descripcion) VALUES ('d4c89d65-e6e1-4584-8a48-1569e1106a12', 3, 'evaluando críticamente la información recibida') ON CONFLICT (objective_id, orden) DO UPDATE SET descripcion = EXCLUDED.descripcion;
INSERT INTO curriculum_subjects (id, slug, nombre, total_grados) VALUES ('5210e053-5d22-41ec-92ce-b027725fe145', 'musica', 'Música', 6) ON CONFLICT (id) DO UPDATE SET slug = EXCLUDED.slug, nombre = EXCLUDED.nombre, total_grados = EXCLUDED.total_grados;
INSERT INTO curriculum_grades (id, subject_id, grado, label, total_objetivos) VALUES ('3075cd0c-9f1f-4d4b-991b-18877861de01', '5210e053-5d22-41ec-92ce-b027725fe145', '1', '1° Básico', 7) ON CONFLICT (id) DO UPDATE SET subject_id = EXCLUDED.subject_id, grado = EXCLUDED.grado, label = EXCLUDED.label, total_objetivos = EXCLUDED.total_objetivos;
INSERT INTO curriculum_objectives (id, grade_id, codigo, tipo, eje, descripcion) VALUES ('57ab59f8-bc3c-450b-9d46-97a20919f811', '3075cd0c-9f1f-4d4b-991b-18877861de01', 'OA1', 'conocimiento', 'Escuchar y apreciar', 'Escuchar cualidades del sonido (altura, timbre, intensidad, duración) y elementos lenguaje musical (pulsos, acentos, patrones, secciones), y representarlos de distintas formas.') ON CONFLICT (id) DO UPDATE SET grade_id = EXCLUDED.grade_id, codigo = EXCLUDED.codigo, tipo = EXCLUDED.tipo, eje = EXCLUDED.eje, descripcion = EXCLUDED.descripcion;
INSERT INTO curriculum_objectives (id, grade_id, codigo, tipo, eje, descripcion) VALUES ('aa33adfc-1b51-445a-8e79-9749ae07f68e', '3075cd0c-9f1f-4d4b-991b-18877861de01', 'OA2', 'conocimiento', 'Escuchar y apreciar', 'Expresar sensaciones, emociones e ideas que les sugieren el sonido y la música escuchada, usando diversos medios expresivos (verbal, corporal, musical, visual).') ON CONFLICT (id) DO UPDATE SET grade_id = EXCLUDED.grade_id, codigo = EXCLUDED.codigo, tipo = EXCLUDED.tipo, eje = EXCLUDED.eje, descripcion = EXCLUDED.descripcion;
INSERT INTO curriculum_objectives (id, grade_id, codigo, tipo, eje, descripcion) VALUES ('9eaa2eb2-5208-4385-969c-496ced2c9dba', '3075cd0c-9f1f-4d4b-991b-18877861de01', 'OA3', 'conocimiento', 'Escuchar y apreciar', 'Escuchar música en forma abundante de diversos contextos y culturas, poniendo énfasis en:') ON CONFLICT (id) DO UPDATE SET grade_id = EXCLUDED.grade_id, codigo = EXCLUDED.codigo, tipo = EXCLUDED.tipo, eje = EXCLUDED.eje, descripcion = EXCLUDED.descripcion;
INSERT INTO curriculum_objective_items (objective_id, orden, descripcion) VALUES ('9eaa2eb2-5208-4385-969c-496ced2c9dba', 1, 'Tradición escrita (docta) - piezas instrumentales y vocales de corta duración (por ejemplo, piezas del Álbum para la juventud de R. Schumann, piezas de Juguetería de P. Bisquert)') ON CONFLICT (objective_id, orden) DO UPDATE SET descripcion = EXCLUDED.descripcion;
INSERT INTO curriculum_objective_items (objective_id, orden, descripcion) VALUES ('9eaa2eb2-5208-4385-969c-496ced2c9dba', 2, 'Tradición oral (folclor, música de pueblos originarios) - canciones, rondas, bailes y versos rítmicos') ON CONFLICT (objective_id, orden) DO UPDATE SET descripcion = EXCLUDED.descripcion;
INSERT INTO curriculum_objective_items (objective_id, orden, descripcion) VALUES ('9eaa2eb2-5208-4385-969c-496ced2c9dba', 3, 'Popular (jazz, rock, fusión, etc.) - música infantil (por ejemplo canciones como El Negro Cirilo y videos como Los') ON CONFLICT (objective_id, orden) DO UPDATE SET descripcion = EXCLUDED.descripcion;
INSERT INTO curriculum_objectives (id, grade_id, codigo, tipo, eje, descripcion) VALUES ('d7bbfb5a-9c1a-4540-b8d2-46d34677e9bf', '3075cd0c-9f1f-4d4b-991b-18877861de01', 'OA4', 'conocimiento', 'Interpretar y crear', 'Cantar al unísono y tocar instrumentos de percusión convencionales y no conionales.') ON CONFLICT (id) DO UPDATE SET grade_id = EXCLUDED.grade_id, codigo = EXCLUDED.codigo, tipo = EXCLUDED.tipo, eje = EXCLUDED.eje, descripcion = EXCLUDED.descripcion;
INSERT INTO curriculum_objectives (id, grade_id, codigo, tipo, eje, descripcion) VALUES ('5c9fb2e3-d1ed-40ad-af89-a30c0d4f37db', '3075cd0c-9f1f-4d4b-991b-18877861de01', 'OA5', 'conocimiento', 'Interpretar y crear', 'Explorar e improvisar ideas musicales con diversos medios sonoros (la voz, instrumentos convencionales y no convencionales, entre otros), usando las cualidades del sonido y elementos del lenguaje musical.') ON CONFLICT (id) DO UPDATE SET grade_id = EXCLUDED.grade_id, codigo = EXCLUDED.codigo, tipo = EXCLUDED.tipo, eje = EXCLUDED.eje, descripcion = EXCLUDED.descripcion;
INSERT INTO curriculum_objectives (id, grade_id, codigo, tipo, eje, descripcion) VALUES ('1d383462-0605-4e7c-b3d0-9a5aa4a6cd7a', '3075cd0c-9f1f-4d4b-991b-18877861de01', 'OA6', 'conocimiento', 'Interpretar y crear', 'Presentar su trabajo musical, en forma individual y grupal, compartiendo con el curso y la comunidad.') ON CONFLICT (id) DO UPDATE SET grade_id = EXCLUDED.grade_id, codigo = EXCLUDED.codigo, tipo = EXCLUDED.tipo, eje = EXCLUDED.eje, descripcion = EXCLUDED.descripcion;
INSERT INTO curriculum_objectives (id, grade_id, codigo, tipo, eje, descripcion) VALUES ('ff9525bb-5286-4445-bfb2-b728c80a1836', '3075cd0c-9f1f-4d4b-991b-18877861de01', 'OA7', 'conocimiento', 'Reflexionar y contextualizar', 'Identificar y describir experiencias musicales y sonoras en su propia vida.') ON CONFLICT (id) DO UPDATE SET grade_id = EXCLUDED.grade_id, codigo = EXCLUDED.codigo, tipo = EXCLUDED.tipo, eje = EXCLUDED.eje, descripcion = EXCLUDED.descripcion;
INSERT INTO curriculum_grades (id, subject_id, grado, label, total_objetivos) VALUES ('72f22fce-dec1-4434-b111-cd04cc141412', '5210e053-5d22-41ec-92ce-b027725fe145', '2', '2° Básico', 7) ON CONFLICT (id) DO UPDATE SET subject_id = EXCLUDED.subject_id, grado = EXCLUDED.grado, label = EXCLUDED.label, total_objetivos = EXCLUDED.total_objetivos;
INSERT INTO curriculum_objectives (id, grade_id, codigo, tipo, eje, descripcion) VALUES ('dd9d26e2-6f35-48e0-9f61-0c7cf0cbd571', '72f22fce-dec1-4434-b111-cd04cc141412', 'OA1', 'conocimiento', 'Escuchar y apreciar', 'Escuchar cualidades del sonido (altura, timbre, intensidad, duración) y elementos enguaje musical (pulsos, acentos, patrones, secciones), y representarlos de distintas formas.') ON CONFLICT (id) DO UPDATE SET grade_id = EXCLUDED.grade_id, codigo = EXCLUDED.codigo, tipo = EXCLUDED.tipo, eje = EXCLUDED.eje, descripcion = EXCLUDED.descripcion;
INSERT INTO curriculum_objectives (id, grade_id, codigo, tipo, eje, descripcion) VALUES ('b4f1a29b-5889-4480-85af-ebdfe82a376a', '72f22fce-dec1-4434-b111-cd04cc141412', 'OA2', 'conocimiento', 'Escuchar y apreciar', 'Expresar sensaciones, emociones e ideas que les sugieren el sonido y la música escuchada, usando diversos medios expresivos (verbal, corporal, musical, visual).') ON CONFLICT (id) DO UPDATE SET grade_id = EXCLUDED.grade_id, codigo = EXCLUDED.codigo, tipo = EXCLUDED.tipo, eje = EXCLUDED.eje, descripcion = EXCLUDED.descripcion;
INSERT INTO curriculum_objectives (id, grade_id, codigo, tipo, eje, descripcion) VALUES ('bd4a7da9-3843-4f75-b357-84311dcbfc76', '72f22fce-dec1-4434-b111-cd04cc141412', 'OA3', 'conocimiento', 'Escuchar y apreciar', 'Escuchar música en forma abundante de diversos contextos y culturas, poniendo énfasis en: - piezas instrumentales y /o vocales de corta duración (por ejemplo, danzas me- - canciones, rondas, bailes y versos rítmicos - música infantil (por ejemplo, canciones como La Elefanta Fresia y música de (Escuchar apreciativamente al menos 20 músicas variadas de corta duración).') ON CONFLICT (id) DO UPDATE SET grade_id = EXCLUDED.grade_id, codigo = EXCLUDED.codigo, tipo = EXCLUDED.tipo, eje = EXCLUDED.eje, descripcion = EXCLUDED.descripcion;
INSERT INTO curriculum_objective_items (objective_id, orden, descripcion) VALUES ('bd4a7da9-3843-4f75-b357-84311dcbfc76', 1, 'Tradición escrita (docta) dievales, selección del Cuaderno de A.M. Bach, selección del ballet Cascanueces de P.I. Tchaikowsky)') ON CONFLICT (objective_id, orden) DO UPDATE SET descripcion = EXCLUDED.descripcion;
INSERT INTO curriculum_objective_items (objective_id, orden, descripcion) VALUES ('bd4a7da9-3843-4f75-b357-84311dcbfc76', 2, 'Tradición oral (folclor, música de pueblos originarios)') ON CONFLICT (objective_id, orden) DO UPDATE SET descripcion = EXCLUDED.descripcion;
INSERT INTO curriculum_objective_items (objective_id, orden, descripcion) VALUES ('bd4a7da9-3843-4f75-b357-84311dcbfc76', 3, 'Popular (jazz, rock, fusión, etc.) películas como El Libro de la Selva y El Rey León)') ON CONFLICT (objective_id, orden) DO UPDATE SET descripcion = EXCLUDED.descripcion;
INSERT INTO curriculum_objectives (id, grade_id, codigo, tipo, eje, descripcion) VALUES ('4193b65a-cd26-4b79-9b00-2e6a6b892278', '72f22fce-dec1-4434-b111-cd04cc141412', 'OA4', 'conocimiento', 'Interpretar y crear', 'Cantar al unísono y tocar instrumentos de percusión convencionales y no convenles.') ON CONFLICT (id) DO UPDATE SET grade_id = EXCLUDED.grade_id, codigo = EXCLUDED.codigo, tipo = EXCLUDED.tipo, eje = EXCLUDED.eje, descripcion = EXCLUDED.descripcion;
INSERT INTO curriculum_objectives (id, grade_id, codigo, tipo, eje, descripcion) VALUES ('673836aa-c88d-45e4-b610-f0076a486feb', '72f22fce-dec1-4434-b111-cd04cc141412', 'OA5', 'conocimiento', 'Interpretar y crear', 'Explorar e improvisar ideas musicales con diversos medios sonoros (la voz, instrumentos convencionales y no convencionales, entre otros), usando las cualidades del sonido y elementos del lenguaje musical.') ON CONFLICT (id) DO UPDATE SET grade_id = EXCLUDED.grade_id, codigo = EXCLUDED.codigo, tipo = EXCLUDED.tipo, eje = EXCLUDED.eje, descripcion = EXCLUDED.descripcion;
INSERT INTO curriculum_objectives (id, grade_id, codigo, tipo, eje, descripcion) VALUES ('9617b166-62a7-4762-a8d3-b9cd5af98b7e', '72f22fce-dec1-4434-b111-cd04cc141412', 'OA6', 'conocimiento', 'Interpretar y crear', 'Presentar su trabajo musical, en forma individual y grupal, compartiendo con el curso y la comunidad.') ON CONFLICT (id) DO UPDATE SET grade_id = EXCLUDED.grade_id, codigo = EXCLUDED.codigo, tipo = EXCLUDED.tipo, eje = EXCLUDED.eje, descripcion = EXCLUDED.descripcion;
INSERT INTO curriculum_objectives (id, grade_id, codigo, tipo, eje, descripcion) VALUES ('40c60b30-cd42-42cc-b84a-6e4f1b350064', '72f22fce-dec1-4434-b111-cd04cc141412', 'OA7', 'conocimiento', 'Reflexionar y contextualizar', 'Identificar y describir experiencias musicales y sonoras en su propia vida.') ON CONFLICT (id) DO UPDATE SET grade_id = EXCLUDED.grade_id, codigo = EXCLUDED.codigo, tipo = EXCLUDED.tipo, eje = EXCLUDED.eje, descripcion = EXCLUDED.descripcion;
INSERT INTO curriculum_grades (id, subject_id, grado, label, total_objetivos) VALUES ('17b2aca5-1aaf-439a-b27d-84f0aaecea57', '5210e053-5d22-41ec-92ce-b027725fe145', '3', '3° Básico', 7) ON CONFLICT (id) DO UPDATE SET subject_id = EXCLUDED.subject_id, grado = EXCLUDED.grado, label = EXCLUDED.label, total_objetivos = EXCLUDED.total_objetivos;
INSERT INTO curriculum_objectives (id, grade_id, codigo, tipo, eje, descripcion) VALUES ('6b2bd002-960e-4b94-882f-35a0dc7fcca8', '17b2aca5-1aaf-439a-b27d-84f0aaecea57', 'OA1', 'conocimiento', 'Escuchar y apreciar', 'Escuchar cualidades del sonido (altura, timbre, intensidad, duración) y elementos enguaje musical (pulsos, acentos, patrones, reiteraciones, contrastes, variaciones, dinámica, tempo, preguntas-respuestas, secciones, A-AB-BA), y representarlos de distintas formas.') ON CONFLICT (id) DO UPDATE SET grade_id = EXCLUDED.grade_id, codigo = EXCLUDED.codigo, tipo = EXCLUDED.tipo, eje = EXCLUDED.eje, descripcion = EXCLUDED.descripcion;
INSERT INTO curriculum_objectives (id, grade_id, codigo, tipo, eje, descripcion) VALUES ('80d1bffe-43cd-47ab-8e33-4fad11f7d5d4', '17b2aca5-1aaf-439a-b27d-84f0aaecea57', 'OA2', 'conocimiento', 'Escuchar y apreciar', 'Expresar, mostrando grados crecientes de elaboración, sensaciones, emociones e ideas que les sugiere la música, escuchada, usando diversos medios expresivos (verbal, corporal, musical, visual).') ON CONFLICT (id) DO UPDATE SET grade_id = EXCLUDED.grade_id, codigo = EXCLUDED.codigo, tipo = EXCLUDED.tipo, eje = EXCLUDED.eje, descripcion = EXCLUDED.descripcion;
INSERT INTO curriculum_objectives (id, grade_id, codigo, tipo, eje, descripcion) VALUES ('540cb5d1-a997-42b8-8c35-7b54353c9569', '17b2aca5-1aaf-439a-b27d-84f0aaecea57', 'OA3', 'conocimiento', 'Escuchar y apreciar', 'Escuchar música en forma abundante de diversos contextos y culturas, poniendo énfasis en: - música inspirada en raíces folclóricas de Chile y el mundo (por ejemplo, Chile - música descriptiva (por ejemplo, El Carnaval de los Animales de C. SaintSaens, - canciones, bailes, festividades, tradiciones de Chile y del mundo (por ejemplo, - fusión con raíces folclóricas (por ejemplo, Los Jaivas y Congreso) (Escuchar apreciativamente al menos 20 músicas de corta duración.)') ON CONFLICT (id) DO UPDATE SET grade_id = EXCLUDED.grade_id, codigo = EXCLUDED.codigo, tipo = EXCLUDED.tipo, eje = EXCLUDED.eje, descripcion = EXCLUDED.descripcion;
INSERT INTO curriculum_objective_items (objective_id, orden, descripcion) VALUES ('540cb5d1-a997-42b8-8c35-7b54353c9569', 1, 'Tradición escrita (docta) en cuatro cuerdas de G. Soublette, Danzas Eslavas de A. Dvorak) extractos de La Suite Gran Cañón de F. Gofré)') ON CONFLICT (objective_id, orden) DO UPDATE SET descripcion = EXCLUDED.descripcion;
INSERT INTO curriculum_objective_items (objective_id, orden, descripcion) VALUES ('540cb5d1-a997-42b8-8c35-7b54353c9569', 2, 'Tradición oral (folclor, música de pueblos originarios) El chuico y la damajuana de V. Parra, música de la Tirana, El Pavo)') ON CONFLICT (objective_id, orden) DO UPDATE SET descripcion = EXCLUDED.descripcion;
INSERT INTO curriculum_objective_items (objective_id, orden, descripcion) VALUES ('540cb5d1-a997-42b8-8c35-7b54353c9569', 3, 'Popular (jazz, rock, fusión, etc.)') ON CONFLICT (objective_id, orden) DO UPDATE SET descripcion = EXCLUDED.descripcion;
INSERT INTO curriculum_objectives (id, grade_id, codigo, tipo, eje, descripcion) VALUES ('bc9ab73d-03a6-46ea-8287-e6ad95aaecac', '17b2aca5-1aaf-439a-b27d-84f0aaecea57', 'OA4', 'conocimiento', 'Interpretar y crear', 'Cantar (al unísono y cánones simples, entre otros) y tocar instrumentos de percuy melódicos (metalófono, flauta dulce u otros).') ON CONFLICT (id) DO UPDATE SET grade_id = EXCLUDED.grade_id, codigo = EXCLUDED.codigo, tipo = EXCLUDED.tipo, eje = EXCLUDED.eje, descripcion = EXCLUDED.descripcion;
INSERT INTO curriculum_objectives (id, grade_id, codigo, tipo, eje, descripcion) VALUES ('04fa7221-6606-43f0-98a0-4f6b145bbb50', '17b2aca5-1aaf-439a-b27d-84f0aaecea57', 'OA5', 'conocimiento', 'Interpretar y crear', 'Improvisar y crear ideas musicales con diversos medios sonoros con un propósito, utilizando las cualidades del sonido y elementos del lenguaje musical.') ON CONFLICT (id) DO UPDATE SET grade_id = EXCLUDED.grade_id, codigo = EXCLUDED.codigo, tipo = EXCLUDED.tipo, eje = EXCLUDED.eje, descripcion = EXCLUDED.descripcion;
INSERT INTO curriculum_objectives (id, grade_id, codigo, tipo, eje, descripcion) VALUES ('a437f98c-0e1c-4670-b673-85ce28561439', '17b2aca5-1aaf-439a-b27d-84f0aaecea57', 'OA6', 'conocimiento', 'Interpretar y crear', 'Presentar su trabajo musical al curso y la comunidad, en forma individual y grupal, con compromiso y responsabilidad. ribir experiencias musicales y sonoras en su propia vida y en la iones, reuniones, festividades, situaciones cotidianas u otros).') ON CONFLICT (id) DO UPDATE SET grade_id = EXCLUDED.grade_id, codigo = EXCLUDED.codigo, tipo = EXCLUDED.tipo, eje = EXCLUDED.eje, descripcion = EXCLUDED.descripcion;
INSERT INTO curriculum_objectives (id, grade_id, codigo, tipo, eje, descripcion) VALUES ('6164b606-85ba-4fad-b7d6-fcd6f4dade6b', '17b2aca5-1aaf-439a-b27d-84f0aaecea57', 'OA8', 'conocimiento', 'Reflexionar y contextualizar', 'Reflexionar sobre sus fortalezas y las áreas en que pueden mejorar su audición, su interpretación y su creación.') ON CONFLICT (id) DO UPDATE SET grade_id = EXCLUDED.grade_id, codigo = EXCLUDED.codigo, tipo = EXCLUDED.tipo, eje = EXCLUDED.eje, descripcion = EXCLUDED.descripcion;
INSERT INTO curriculum_grades (id, subject_id, grado, label, total_objetivos) VALUES ('f01affb7-b20d-4203-a5ac-f1f2d020903c', '5210e053-5d22-41ec-92ce-b027725fe145', '4', '4° Básico', 7) ON CONFLICT (id) DO UPDATE SET subject_id = EXCLUDED.subject_id, grado = EXCLUDED.grado, label = EXCLUDED.label, total_objetivos = EXCLUDED.total_objetivos;
INSERT INTO curriculum_objectives (id, grade_id, codigo, tipo, eje, descripcion) VALUES ('312457a5-5168-4186-b3e8-7f5c9f410b04', 'f01affb7-b20d-4203-a5ac-f1f2d020903c', 'OA1', 'conocimiento', 'Escuchar y apreciar', 'Escuchar cualidades del sonido (altura, timbre, intensidad, duración) y elementos enguaje musical (pulsos, acentos, patrones, reiteraciones, contrastes, variaciones, dinámica, tempo, preguntas-respuestas, secciones, A-AB-ABA), y representarlos de distintas formas.') ON CONFLICT (id) DO UPDATE SET grade_id = EXCLUDED.grade_id, codigo = EXCLUDED.codigo, tipo = EXCLUDED.tipo, eje = EXCLUDED.eje, descripcion = EXCLUDED.descripcion;
INSERT INTO curriculum_objectives (id, grade_id, codigo, tipo, eje, descripcion) VALUES ('455843a2-98a9-43fe-9c71-00fe3e0e0d06', 'f01affb7-b20d-4203-a5ac-f1f2d020903c', 'OA2', 'conocimiento', 'Escuchar y apreciar', 'Expresar, mostrando grados crecientes de elaboración, sensaciones, emociones e ideas que les sugiere la música escuchada, usando diversos medios expresivos (verbal, corporal, musical, visual).') ON CONFLICT (id) DO UPDATE SET grade_id = EXCLUDED.grade_id, codigo = EXCLUDED.codigo, tipo = EXCLUDED.tipo, eje = EXCLUDED.eje, descripcion = EXCLUDED.descripcion;
INSERT INTO curriculum_objectives (id, grade_id, codigo, tipo, eje, descripcion) VALUES ('40520419-27b7-4a64-ab59-e540209522a8', 'f01affb7-b20d-4203-a5ac-f1f2d020903c', 'OA3', 'conocimiento', 'Escuchar y apreciar', 'Escuchar música en forma abundante de diversos contextos y culturas, poniendo énfasis en: - música para variadas agrupaciones instrumentales (por ejemplo, Entreacte de J. - música descriptiva (por ejemplo, El tren de Caipira de H. Villalobos, Cuadros de - música de diversas agrupaciones instrumentales (por ejemplo, canciones como (Escuchar apreciativamente al menos 20 músicas cariadas de corta duración.)') ON CONFLICT (id) DO UPDATE SET grade_id = EXCLUDED.grade_id, codigo = EXCLUDED.codigo, tipo = EXCLUDED.tipo, eje = EXCLUDED.eje, descripcion = EXCLUDED.descripcion;
INSERT INTO curriculum_objective_items (objective_id, orden, descripcion) VALUES ('40520419-27b7-4a64-ab59-e540209522a8', 1, 'Tradición escrita (docta) Ibert, Marcha Turca de L. V. Beethoven, Sinfonía Turangalila de O. Messiaen) una Exposición de M. Mussorsky, Los Peces de J. Amenábar)') ON CONFLICT (objective_id, orden) DO UPDATE SET descripcion = EXCLUDED.descripcion;
INSERT INTO curriculum_objective_items (objective_id, orden, descripcion) VALUES ('40520419-27b7-4a64-ab59-e540209522a8', 2, 'Tradición oral (folclor, música de pueblos originarios)') ON CONFLICT (objective_id, orden) DO UPDATE SET descripcion = EXCLUDED.descripcion;
INSERT INTO curriculum_objective_items (objective_id, orden, descripcion) VALUES ('40520419-27b7-4a64-ab59-e540209522a8', 3, 'Popular (jazz, rock, fusión, etc.) El Rock del Mundial, música de películas como The Yellow Submarine, musicales como Jesucristo Superestrella)') ON CONFLICT (objective_id, orden) DO UPDATE SET descripcion = EXCLUDED.descripcion;
INSERT INTO curriculum_objectives (id, grade_id, codigo, tipo, eje, descripcion) VALUES ('8f633076-44fe-436b-bf56-ece5ddd56786', 'f01affb7-b20d-4203-a5ac-f1f2d020903c', 'OA4', 'conocimiento', 'Interpretar y crear', 'Cantar (al unísono y cánones simples, entre otros) y tocar instrumentos de percuy melódicos (metalófono, flauta dulce u otros) y/o armónicos (guitarra, teclado, otros).') ON CONFLICT (id) DO UPDATE SET grade_id = EXCLUDED.grade_id, codigo = EXCLUDED.codigo, tipo = EXCLUDED.tipo, eje = EXCLUDED.eje, descripcion = EXCLUDED.descripcion;
INSERT INTO curriculum_objectives (id, grade_id, codigo, tipo, eje, descripcion) VALUES ('1255352b-894a-4b8d-86ca-7f6e823afccb', 'f01affb7-b20d-4203-a5ac-f1f2d020903c', 'OA5', 'conocimiento', 'Interpretar y crear', 'Improvisar y crear ideas musicales con diversos medios sonoros con un propósito dado, utilizando las cualidades del sonido y elementos del lenguaje musical.') ON CONFLICT (id) DO UPDATE SET grade_id = EXCLUDED.grade_id, codigo = EXCLUDED.codigo, tipo = EXCLUDED.tipo, eje = EXCLUDED.eje, descripcion = EXCLUDED.descripcion;
INSERT INTO curriculum_objectives (id, grade_id, codigo, tipo, eje, descripcion) VALUES ('88301e6b-4a62-4ab9-a639-c388c88554c7', 'f01affb7-b20d-4203-a5ac-f1f2d020903c', 'OA6', 'conocimiento', 'Interpretar y crear', 'Presentar su trabajo musical al curso y la comunidad, en forma individual y grupal, con compromiso y responsabilidad. ribir experiencias musicales y sonoras en su propia vida y en la iones, reuniones, festividades, situaciones cotidianas u otros).') ON CONFLICT (id) DO UPDATE SET grade_id = EXCLUDED.grade_id, codigo = EXCLUDED.codigo, tipo = EXCLUDED.tipo, eje = EXCLUDED.eje, descripcion = EXCLUDED.descripcion;
INSERT INTO curriculum_objectives (id, grade_id, codigo, tipo, eje, descripcion) VALUES ('67085cb5-484e-4c09-bc87-2dd43b1d20e8', 'f01affb7-b20d-4203-a5ac-f1f2d020903c', 'OA8', 'conocimiento', 'Reflexionar y contextualizar', 'Reflexionar sobre sus fortalezas y las áreas en que pueden mejorar su audición, su interpretación y su creación.') ON CONFLICT (id) DO UPDATE SET grade_id = EXCLUDED.grade_id, codigo = EXCLUDED.codigo, tipo = EXCLUDED.tipo, eje = EXCLUDED.eje, descripcion = EXCLUDED.descripcion;
INSERT INTO curriculum_grades (id, subject_id, grado, label, total_objetivos) VALUES ('016966be-2174-497f-9584-9369683ff4d5', '5210e053-5d22-41ec-92ce-b027725fe145', '5', '5° Básico', 7) ON CONFLICT (id) DO UPDATE SET subject_id = EXCLUDED.subject_id, grado = EXCLUDED.grado, label = EXCLUDED.label, total_objetivos = EXCLUDED.total_objetivos;
INSERT INTO curriculum_objectives (id, grade_id, codigo, tipo, eje, descripcion) VALUES ('817b19fd-fa1a-4388-b742-cb8595281f69', '016966be-2174-497f-9584-9369683ff4d5', 'OA1', 'conocimiento', 'Escuchar y apreciar', 'Describir la música escuchada e interpretada, basándose en los elementos del lenmusical (reiteraciones, contrastes, pulsos, acentos, patrones rítmicos y melódicos, diseños melódicos, variaciones, dinámica, tempo, secciones A-AB-ABA-otras, preguntas-respuestas y texturas) y su propósito expresivo.') ON CONFLICT (id) DO UPDATE SET grade_id = EXCLUDED.grade_id, codigo = EXCLUDED.codigo, tipo = EXCLUDED.tipo, eje = EXCLUDED.eje, descripcion = EXCLUDED.descripcion;
INSERT INTO curriculum_objectives (id, grade_id, codigo, tipo, eje, descripcion) VALUES ('86de03ad-7d6b-445e-8556-714044f7c1e1', '016966be-2174-497f-9584-9369683ff4d5', 'OA2', 'conocimiento', 'Escuchar y apreciar', 'Expresar, mostrando grados crecientes de elaboración y detalle, las sensaciones, emociones e ideas que les sugiere la música escuchada e interpretada, usando diversos medios expresivos (verbal, corporal, musical, visual).') ON CONFLICT (id) DO UPDATE SET grade_id = EXCLUDED.grade_id, codigo = EXCLUDED.codigo, tipo = EXCLUDED.tipo, eje = EXCLUDED.eje, descripcion = EXCLUDED.descripcion;
INSERT INTO curriculum_objectives (id, grade_id, codigo, tipo, eje, descripcion) VALUES ('b5ae525b-53a6-4b7c-a2eb-408d5ce7fbe8', '016966be-2174-497f-9584-9369683ff4d5', 'OA3', 'conocimiento', 'Escuchar y apreciar', 'Escuchar música en forma abundante de diversos contextos y culturas, poniendo énfasis en: - música de compositores americanos y del mundo (por ejemplo, Cantos de México - música americana y sus orígenes (por ejemplo, música africana, huaynos, joropos) - música de América (por ejemplo: tangos, jazz, cumbias) (Escuchar apreciativamente al menos 15 músicas variadas de corta y mediana duración).') ON CONFLICT (id) DO UPDATE SET grade_id = EXCLUDED.grade_id, codigo = EXCLUDED.codigo, tipo = EXCLUDED.tipo, eje = EXCLUDED.eje, descripcion = EXCLUDED.descripcion;
INSERT INTO curriculum_objective_items (objective_id, orden, descripcion) VALUES ('b5ae525b-53a6-4b7c-a2eb-408d5ce7fbe8', 1, 'Tradición escrita (docta) de C. Chávez, Malambo de C. Guastavino, Cinema de E. Satie)') ON CONFLICT (objective_id, orden) DO UPDATE SET descripcion = EXCLUDED.descripcion;
INSERT INTO curriculum_objective_items (objective_id, orden, descripcion) VALUES ('b5ae525b-53a6-4b7c-a2eb-408d5ce7fbe8', 2, 'Tradición oral (folclor, música de pueblos originarios)') ON CONFLICT (objective_id, orden) DO UPDATE SET descripcion = EXCLUDED.descripcion;
INSERT INTO curriculum_objective_items (objective_id, orden, descripcion) VALUES ('b5ae525b-53a6-4b7c-a2eb-408d5ce7fbe8', 3, 'Popular (jazz, rock, fusión, etc.)') ON CONFLICT (objective_id, orden) DO UPDATE SET descripcion = EXCLUDED.descripcion;
INSERT INTO curriculum_objectives (id, grade_id, codigo, tipo, eje, descripcion) VALUES ('da60ea4f-c898-4f5b-9b88-2ba0635e5e84', '016966be-2174-497f-9584-9369683ff4d5', 'OA4', 'conocimiento', 'Interpretar y crear', 'Cantar al unísono y a más voces y tocar instrumentos de percusión, melódicos (meono, flauta dulce u otros) y/o armónicos (guitarra, teclado, otros).') ON CONFLICT (id) DO UPDATE SET grade_id = EXCLUDED.grade_id, codigo = EXCLUDED.codigo, tipo = EXCLUDED.tipo, eje = EXCLUDED.eje, descripcion = EXCLUDED.descripcion;
INSERT INTO curriculum_objectives (id, grade_id, codigo, tipo, eje, descripcion) VALUES ('b9a8e499-9827-4b5a-ab99-b6ff7b8c4549', '016966be-2174-497f-9584-9369683ff4d5', 'OA5', 'conocimiento', 'Interpretar y crear', 'Improvisar y crear ideas musicales con un propósito dado y con un adecuado dominio del lenguaje musical.') ON CONFLICT (id) DO UPDATE SET grade_id = EXCLUDED.grade_id, codigo = EXCLUDED.codigo, tipo = EXCLUDED.tipo, eje = EXCLUDED.eje, descripcion = EXCLUDED.descripcion;
INSERT INTO curriculum_objectives (id, grade_id, codigo, tipo, eje, descripcion) VALUES ('d9ca8665-5eba-4d57-a5de-5af672796535', '016966be-2174-497f-9584-9369683ff4d5', 'OA6', 'conocimiento', 'Interpretar y crear', 'Presentar su trabajo musical al curso y la comunidad, en forma individual y grupal, con responsabilidad, dominio y musicalidad. entre las obras interpretadas y/o escuchadas, con elementos del en.') ON CONFLICT (id) DO UPDATE SET grade_id = EXCLUDED.grade_id, codigo = EXCLUDED.codigo, tipo = EXCLUDED.tipo, eje = EXCLUDED.eje, descripcion = EXCLUDED.descripcion;
INSERT INTO curriculum_objectives (id, grade_id, codigo, tipo, eje, descripcion) VALUES ('e02b66ef-e933-447e-8d3f-ada1bb26132f', '016966be-2174-497f-9584-9369683ff4d5', 'OA8', 'conocimiento', 'Reflexionar y contextualizar', 'Reflexionar sobre sus fortalezas y las áreas en que pueden mejorar la audición, la interpretación y la creación, propia y de los otros, con respeto y autocrítica.') ON CONFLICT (id) DO UPDATE SET grade_id = EXCLUDED.grade_id, codigo = EXCLUDED.codigo, tipo = EXCLUDED.tipo, eje = EXCLUDED.eje, descripcion = EXCLUDED.descripcion;
INSERT INTO curriculum_grades (id, subject_id, grado, label, total_objetivos) VALUES ('a643c276-7efb-4409-a58c-d10eb0037e7b', '5210e053-5d22-41ec-92ce-b027725fe145', '6', '6° Básico', 7) ON CONFLICT (id) DO UPDATE SET subject_id = EXCLUDED.subject_id, grado = EXCLUDED.grado, label = EXCLUDED.label, total_objetivos = EXCLUDED.total_objetivos;
INSERT INTO curriculum_objectives (id, grade_id, codigo, tipo, eje, descripcion) VALUES ('64c74e24-c4ef-480b-a286-fb727dfb0414', 'a643c276-7efb-4409-a58c-d10eb0037e7b', 'OA1', 'conocimiento', 'Escuchar y apreciar', 'Describir la música escuchada e interpretada, basándose en los elementos del aje musical (reiteraciones, contrastes, pulsos, acentos, patrones rítmicos y melódicos, diseños melódicos, variaciones, dinámica, tempo, secciones A-AB-ABAotras, preguntas-respuestas y texturas) y su propósito expresivo.') ON CONFLICT (id) DO UPDATE SET grade_id = EXCLUDED.grade_id, codigo = EXCLUDED.codigo, tipo = EXCLUDED.tipo, eje = EXCLUDED.eje, descripcion = EXCLUDED.descripcion;
INSERT INTO curriculum_objectives (id, grade_id, codigo, tipo, eje, descripcion) VALUES ('65e87323-856e-4fc3-9fcf-a2d51db28f1b', 'a643c276-7efb-4409-a58c-d10eb0037e7b', 'OA2', 'conocimiento', 'Escuchar y apreciar', 'Expresar, mostrando grados crecientes de elaboración y detalle, las sensaciones, emociones e ideas que les sugiere la música escuchada e interpretada, usando diversos medios expresivos (verbal, corporal, musical, visual).') ON CONFLICT (id) DO UPDATE SET grade_id = EXCLUDED.grade_id, codigo = EXCLUDED.codigo, tipo = EXCLUDED.tipo, eje = EXCLUDED.eje, descripcion = EXCLUDED.descripcion;
INSERT INTO curriculum_objectives (id, grade_id, codigo, tipo, eje, descripcion) VALUES ('d87d3b77-b637-4a6c-a5f8-9ac0a32feb91', 'a643c276-7efb-4409-a58c-d10eb0037e7b', 'OA3', 'conocimiento', 'Escuchar y apreciar', 'Escuchar música en forma abundante de diversos contextos y culturas, poniendo énfasis en: - música de compositores chilenos y del mundo (por ejemplo, La voz de las calles - música chilena y sus orígenes (por ejemplo, música mapuche, Rolando Alarcón,') ON CONFLICT (id) DO UPDATE SET grade_id = EXCLUDED.grade_id, codigo = EXCLUDED.codigo, tipo = EXCLUDED.tipo, eje = EXCLUDED.eje, descripcion = EXCLUDED.descripcion;
INSERT INTO curriculum_objective_items (objective_id, orden, descripcion) VALUES ('d87d3b77-b637-4a6c-a5f8-9ac0a32feb91', 1, 'Tradición escrita (docta) de P. H. Allende, Evocaciones Huilliches de Carlos Isamitt, Fanfarria para el hombre común de A. Copland)') ON CONFLICT (objective_id, orden) DO UPDATE SET descripcion = EXCLUDED.descripcion;
INSERT INTO curriculum_objective_items (objective_id, orden, descripcion) VALUES ('d87d3b77-b637-4a6c-a5f8-9ac0a32feb91', 2, 'Tradición oral (folclor, música de pueblos originarios)') ON CONFLICT (objective_id, orden) DO UPDATE SET descripcion = EXCLUDED.descripcion;
INSERT INTO curriculum_objectives (id, grade_id, codigo, tipo, eje, descripcion) VALUES ('308ac26d-06bb-4dd5-99ba-957035b30886', 'a643c276-7efb-4409-a58c-d10eb0037e7b', 'OA4', 'conocimiento', 'Interpretar y crear', 'Cantar al unísono y a más voces y tocar instrumentos de percusión, melódicos lófono, flauta dulce u otros) y/o armónicos (guitarra, teclado, otros).') ON CONFLICT (id) DO UPDATE SET grade_id = EXCLUDED.grade_id, codigo = EXCLUDED.codigo, tipo = EXCLUDED.tipo, eje = EXCLUDED.eje, descripcion = EXCLUDED.descripcion;
INSERT INTO curriculum_objectives (id, grade_id, codigo, tipo, eje, descripcion) VALUES ('4c5233b8-2704-47de-bfb5-b96c0ad218db', 'a643c276-7efb-4409-a58c-d10eb0037e7b', 'OA5', 'conocimiento', 'Interpretar y crear', 'Improvisar y crear ideas musicales con un propósito dado y con un adecuado dominio del lenguaje musical.') ON CONFLICT (id) DO UPDATE SET grade_id = EXCLUDED.grade_id, codigo = EXCLUDED.codigo, tipo = EXCLUDED.tipo, eje = EXCLUDED.eje, descripcion = EXCLUDED.descripcion;
INSERT INTO curriculum_objectives (id, grade_id, codigo, tipo, eje, descripcion) VALUES ('718abd76-c561-4226-b9fd-285a483afe55', 'a643c276-7efb-4409-a58c-d10eb0037e7b', 'OA6', 'conocimiento', 'Interpretar y crear', 'Presentar su trabajo musical al curso y la comunidad, en forma individual y grupal, con responsabilidad, dominio y musicalidad. ón entre las obras interpretadas y/o escuchadas, con elementos del rgen.') ON CONFLICT (id) DO UPDATE SET grade_id = EXCLUDED.grade_id, codigo = EXCLUDED.codigo, tipo = EXCLUDED.tipo, eje = EXCLUDED.eje, descripcion = EXCLUDED.descripcion;
INSERT INTO curriculum_objectives (id, grade_id, codigo, tipo, eje, descripcion) VALUES ('a08e4dcc-9fde-4a8e-b649-3dbc2b8f63a5', 'a643c276-7efb-4409-a58c-d10eb0037e7b', 'OA8', 'conocimiento', 'Reflexionar y contextualizar', 'Reflexionar sobre sus fortalezas y las áreas en que pueden mejorar la audición, la interpretación y la creación, propia y de otros, con respeto y autocrítica. ión tienen como propecífica de concretar este propósito en concordancia con rmación integral de los su proyecto educativo, y establecer los énfasis y opciones ersona es un individuo que se consideren pertinentes de acuerdo a su realidad y que se desarrolla con a las características y necesidades de sus estudiantes. romover su desarrollo r al alumno a desarrollar Los objetivos de aprendizaje propuestos se orientan al ea que compromete a desarrollo de actitudes y la adquisición de herramientas cativa que ofrece la esque permitan al estudiante crecer en el plano personal, stancias. La asignatura conocerse, respetarse y cuidarse; establecer relaciones io específico diseñado con los demás en un marco de respeto y colaboración; y perjuicio de que, a la participar de manera activa en su entorno. Se busca que cada estudiante posee aprenda a ejercer grados crecientes de responsabilidad, al en este proceso. Para autonomía y sentido de compromiso y que adquiera las s, por cualquier el mohabilidades relacionadas con la resolución de conflictos ión, la escuela adquiere y la toma de decisiones en una sociedad democrática. Se desarrollo. apunta así a la promoción de las capacidades, habilidades y actitudes que el alumno debe desarrollar para desenior, las bases currivolverse en su entorno de manera autónoma, con un a dotar a la educasentido positivo de sí mismo y, a la vez, relacionarse de que la Ley General de manera empática y responsable. l carácter integral y cación en su conjunto. Por otra parte, se busca desarrollar y promover conductas n es entendida como de autocuidado. En este aspecto, los objetivos de Oriennte que abarca las tación tienen una doble función. Por un lado, promueven personas y que tiene y potencian los factores protectores, y por otro, buscan llo espiritual, ético, que los alumnos identifiquen posibles situaciones de stico y físico”. Al mismo riesgo y aprendan a evitarlas. esta área promueven nancia con los prinPor último, las bases de Orientación incluyen también obción Política de Chile, la jetivos orientados a favorecer el proceso de aprendizaje, s y la Convención mediante el cultivo de actitudes como la responsabilidad, el esfuerzo, la perseverancia, la honestidad y la adquisición de estrategias para organizar el trabajo escolar. ón responde a la también como tarea La implementación de las bases desde 1° básico en los estudiantes. Cada adelante, promueve y exige cada vez mayores niveles de definir la manera esautonomía en los alumnos. A su vez, los objetivos proIntroducción 377 amiento de los temas mentos de la experiencia escolar. Esto implica que las n las dimensiones bases no establecen aprendizajes a lograr únicamente rsona. Así, los objetivos en las horas asignadas a Orientación. Tampoco son elandizajes simples y boradas en el entendido de que el trabajo realizado en acionar con su vida dichas horas resulte en sí mismo suficiente para el logro blemas. de estos objetivos. Por el contrario, se trata de objetivos cuyo logro depende también de la intencionalidad ntación se integran formativa que el docente imprima a las diversas esferas sas vías que se comde su quehacer con los estudiantes.') ON CONFLICT (id) DO UPDATE SET grade_id = EXCLUDED.grade_id, codigo = EXCLUDED.codigo, tipo = EXCLUDED.tipo, eje = EXCLUDED.eje, descripcion = EXCLUDED.descripcion;
INSERT INTO curriculum_subjects (id, slug, nombre, total_grados) VALUES ('34eebeb0-d5b8-4232-8cb8-a36f4d669eab', 'orientacion', 'Orientación', 6) ON CONFLICT (id) DO UPDATE SET slug = EXCLUDED.slug, nombre = EXCLUDED.nombre, total_grados = EXCLUDED.total_grados;
INSERT INTO curriculum_grades (id, subject_id, grado, label, total_objetivos) VALUES ('c880136a-3cd7-4c57-9803-007ac69b58f9', '34eebeb0-d5b8-4232-8cb8-a36f4d669eab', '1', '1° Básico', 7) ON CONFLICT (id) DO UPDATE SET subject_id = EXCLUDED.subject_id, grado = EXCLUDED.grado, label = EXCLUDED.label, total_objetivos = EXCLUDED.total_objetivos;
INSERT INTO curriculum_objectives (id, grade_id, codigo, tipo, eje, descripcion) VALUES ('d02ebbe7-7143-4c1e-bf6f-c827802d94ee', 'c880136a-3cd7-4c57-9803-007ac69b58f9', 'OA1', 'conocimiento', 'Dimensión personal', 'Observar, describir y valorar sus características personales, sus habilidades e intereses.') ON CONFLICT (id) DO UPDATE SET grade_id = EXCLUDED.grade_id, codigo = EXCLUDED.codigo, tipo = EXCLUDED.tipo, eje = EXCLUDED.eje, descripcion = EXCLUDED.descripcion;
INSERT INTO curriculum_objectives (id, grade_id, codigo, tipo, eje, descripcion) VALUES ('119d1a71-1e9f-4246-92ec-65e847eb150a', 'c880136a-3cd7-4c57-9803-007ac69b58f9', 'OA2', 'conocimiento', 'Dimensión personal', 'Identificar emociones experimentadas por ellos y por los demás (por ejemplo, pena, rabia, miedo, alegría) y distinguir diversas formas de expresarlas.') ON CONFLICT (id) DO UPDATE SET grade_id = EXCLUDED.grade_id, codigo = EXCLUDED.codigo, tipo = EXCLUDED.tipo, eje = EXCLUDED.eje, descripcion = EXCLUDED.descripcion;
INSERT INTO curriculum_objectives (id, grade_id, codigo, tipo, eje, descripcion) VALUES ('9eaa1505-c153-4403-b72f-27b5917e81ae', 'c880136a-3cd7-4c57-9803-007ac69b58f9', 'OA3', 'conocimiento', 'Dimensión personal', 'Observar, describir y valorar las expresiones de afecto y cariño, que dan y reciben, en los ámbitos familiar, escolar y social (por ejemplo, compartir tiempo, escuchar a los demás, dar y recibir ayuda).') ON CONFLICT (id) DO UPDATE SET grade_id = EXCLUDED.grade_id, codigo = EXCLUDED.codigo, tipo = EXCLUDED.tipo, eje = EXCLUDED.eje, descripcion = EXCLUDED.descripcion;
INSERT INTO curriculum_objectives (id, grade_id, codigo, tipo, eje, descripcion) VALUES ('0764c3e6-7322-4e7b-9c11-a9fd16240d76', 'c880136a-3cd7-4c57-9803-007ac69b58f9', 'OA4', 'conocimiento', 'Dimensión personal', 'Identificar y practicar, en forma guiada, conductas protectoras y de autocuidado en relación a:') ON CONFLICT (id) DO UPDATE SET grade_id = EXCLUDED.grade_id, codigo = EXCLUDED.codigo, tipo = EXCLUDED.tipo, eje = EXCLUDED.eje, descripcion = EXCLUDED.descripcion;
INSERT INTO curriculum_objective_items (objective_id, orden, descripcion) VALUES ('0764c3e6-7322-4e7b-9c11-a9fd16240d76', 1, 'rutinas de higiene') ON CONFLICT (objective_id, orden) DO UPDATE SET descripcion = EXCLUDED.descripcion;
INSERT INTO curriculum_objective_items (objective_id, orden, descripcion) VALUES ('0764c3e6-7322-4e7b-9c11-a9fd16240d76', 2, 'actividades de descanso, recreación y actividad física') ON CONFLICT (objective_id, orden) DO UPDATE SET descripcion = EXCLUDED.descripcion;
INSERT INTO curriculum_objective_items (objective_id, orden, descripcion) VALUES ('0764c3e6-7322-4e7b-9c11-a9fd16240d76', 3, 'hábitos de alimentación') ON CONFLICT (objective_id, orden) DO UPDATE SET descripcion = EXCLUDED.descripcion;
INSERT INTO curriculum_objective_items (objective_id, orden, descripcion) VALUES ('0764c3e6-7322-4e7b-9c11-a9fd16240d76', 4, 'resguardo del cuerpo y la intimidad') ON CONFLICT (objective_id, orden) DO UPDATE SET descripcion = EXCLUDED.descripcion;
INSERT INTO curriculum_objective_items (objective_id, orden, descripcion) VALUES ('0764c3e6-7322-4e7b-9c11-a9fd16240d76', 5, 'la entrega de información personal') ON CONFLICT (objective_id, orden) DO UPDATE SET descripcion = EXCLUDED.descripcion;
INSERT INTO curriculum_objectives (id, grade_id, codigo, tipo, eje, descripcion) VALUES ('76268894-d469-41b3-a861-9e11b1f7c38a', 'c880136a-3cd7-4c57-9803-007ac69b58f9', 'OA5', 'conocimiento', 'Dimensión social', 'Manifestar actitudes de solidaridad y respeto, que favorezcan la convivencia, como:') ON CONFLICT (id) DO UPDATE SET grade_id = EXCLUDED.grade_id, codigo = EXCLUDED.codigo, tipo = EXCLUDED.tipo, eje = EXCLUDED.eje, descripcion = EXCLUDED.descripcion;
INSERT INTO curriculum_objective_items (objective_id, orden, descripcion) VALUES ('76268894-d469-41b3-a861-9e11b1f7c38a', 1, 'utilizar formas de buen trato (por ejemplo, saludar, despedirse, pedir por favor)') ON CONFLICT (objective_id, orden) DO UPDATE SET descripcion = EXCLUDED.descripcion;
INSERT INTO curriculum_objective_items (objective_id, orden, descripcion) VALUES ('76268894-d469-41b3-a861-9e11b1f7c38a', 2, 'actuar en forma respetuosa (por ejemplo, escuchar, respetar turnos, rutinas y pertenencias)') ON CONFLICT (objective_id, orden) DO UPDATE SET descripcion = EXCLUDED.descripcion;
INSERT INTO curriculum_objective_items (objective_id, orden, descripcion) VALUES ('76268894-d469-41b3-a861-9e11b1f7c38a', 3, 'compartir con los pares (por ejemplo, jugar juntos, prestarse útiles, ayudar al que lo necesita)') ON CONFLICT (objective_id, orden) DO UPDATE SET descripcion = EXCLUDED.descripcion;
INSERT INTO curriculum_objectives (id, grade_id, codigo, tipo, eje, descripcion) VALUES ('cb82f5b3-57a9-4ee8-8d44-5adc5ea970a4', 'c880136a-3cd7-4c57-9803-007ac69b58f9', 'OA6', 'conocimiento', 'Dimensión social', 'Identificar conflictos que surgen entre pares y practicar formas de solucionarlos como escuchar al otro, ponerse en su lugar, buscar un acuerdo, reconciliarse.') ON CONFLICT (id) DO UPDATE SET grade_id = EXCLUDED.grade_id, codigo = EXCLUDED.codigo, tipo = EXCLUDED.tipo, eje = EXCLUDED.eje, descripcion = EXCLUDED.descripcion;
INSERT INTO curriculum_objectives (id, grade_id, codigo, tipo, eje, descripcion) VALUES ('5bda94bb-0a53-4c77-ad0e-ed4912bf3e59', 'c880136a-3cd7-4c57-9803-007ac69b58f9', 'OA7', 'conocimiento', 'Dimensión social', 'Reconocer, describir y valorar sus grupos de pertenencia (familia, curso, pares), las personas que los componen y sus características y participar activamente en ellos (por ejemplo, ayudando en el orden de la casa y sala de clases). bitos y actitudes que favorezcan el proceso de aprendizaje, como:') ON CONFLICT (id) DO UPDATE SET grade_id = EXCLUDED.grade_id, codigo = EXCLUDED.codigo, tipo = EXCLUDED.tipo, eje = EXCLUDED.eje, descripcion = EXCLUDED.descripcion;
INSERT INTO curriculum_objective_items (objective_id, orden, descripcion) VALUES ('5bda94bb-0a53-4c77-ad0e-ed4912bf3e59', 1, 'traer y cuidar los útiles escolares') ON CONFLICT (objective_id, orden) DO UPDATE SET descripcion = EXCLUDED.descripcion;
INSERT INTO curriculum_objective_items (objective_id, orden, descripcion) VALUES ('5bda94bb-0a53-4c77-ad0e-ed4912bf3e59', 2, 'mantener el orden de la sala de clases y materiales') ON CONFLICT (objective_id, orden) DO UPDATE SET descripcion = EXCLUDED.descripcion;
INSERT INTO curriculum_objective_items (objective_id, orden, descripcion) VALUES ('5bda94bb-0a53-4c77-ad0e-ed4912bf3e59', 3, 'identificar los nuevos aprendizajes adquiridos para incentivar la motivación') ON CONFLICT (objective_id, orden) DO UPDATE SET descripcion = EXCLUDED.descripcion;
INSERT INTO curriculum_grades (id, subject_id, grado, label, total_objetivos) VALUES ('e8e36731-0e87-4b4f-8027-f7d585ce751c', '34eebeb0-d5b8-4232-8cb8-a36f4d669eab', '2', '2° Básico', 7) ON CONFLICT (id) DO UPDATE SET subject_id = EXCLUDED.subject_id, grado = EXCLUDED.grado, label = EXCLUDED.label, total_objetivos = EXCLUDED.total_objetivos;
INSERT INTO curriculum_objectives (id, grade_id, codigo, tipo, eje, descripcion) VALUES ('d6345237-96b3-47fc-b536-557578622b49', 'e8e36731-0e87-4b4f-8027-f7d585ce751c', 'OA1', 'conocimiento', 'Dimensión personal', 'Observar, describir y valorar sus características personales, sus habilidades e intereses.') ON CONFLICT (id) DO UPDATE SET grade_id = EXCLUDED.grade_id, codigo = EXCLUDED.codigo, tipo = EXCLUDED.tipo, eje = EXCLUDED.eje, descripcion = EXCLUDED.descripcion;
INSERT INTO curriculum_objectives (id, grade_id, codigo, tipo, eje, descripcion) VALUES ('c2fe3d09-4cb3-4b33-a116-15711045230d', 'e8e36731-0e87-4b4f-8027-f7d585ce751c', 'OA2', 'conocimiento', 'Dimensión personal', 'Identificar emociones experimentadas por ellos y por los demás (por ejemplo, pena, rabia, miedo, alegría) y distinguir diversas formas de expresarlas.') ON CONFLICT (id) DO UPDATE SET grade_id = EXCLUDED.grade_id, codigo = EXCLUDED.codigo, tipo = EXCLUDED.tipo, eje = EXCLUDED.eje, descripcion = EXCLUDED.descripcion;
INSERT INTO curriculum_objectives (id, grade_id, codigo, tipo, eje, descripcion) VALUES ('5250beca-dc51-47dc-8e98-8d5232cb66b8', 'e8e36731-0e87-4b4f-8027-f7d585ce751c', 'OA3', 'conocimiento', 'Dimensión personal', 'Observar, describir y valorar las expresiones de afecto y cariño, que dan y reciben, en los ámbitos familiar, escolar y social (por ejemplo, compartir tiempo, escuchar a los demás, dar y recibir ayuda).') ON CONFLICT (id) DO UPDATE SET grade_id = EXCLUDED.grade_id, codigo = EXCLUDED.codigo, tipo = EXCLUDED.tipo, eje = EXCLUDED.eje, descripcion = EXCLUDED.descripcion;
INSERT INTO curriculum_objectives (id, grade_id, codigo, tipo, eje, descripcion) VALUES ('6baf8346-9a4e-4e6b-bbce-01f308cb2c9f', 'e8e36731-0e87-4b4f-8027-f7d585ce751c', 'OA4', 'conocimiento', 'Dimensión personal', 'Identificar y practicar, en forma guiada, conductas protectoras y de autocuidado en relación a:') ON CONFLICT (id) DO UPDATE SET grade_id = EXCLUDED.grade_id, codigo = EXCLUDED.codigo, tipo = EXCLUDED.tipo, eje = EXCLUDED.eje, descripcion = EXCLUDED.descripcion;
INSERT INTO curriculum_objective_items (objective_id, orden, descripcion) VALUES ('6baf8346-9a4e-4e6b-bbce-01f308cb2c9f', 1, 'rutinas de higiene') ON CONFLICT (objective_id, orden) DO UPDATE SET descripcion = EXCLUDED.descripcion;
INSERT INTO curriculum_objective_items (objective_id, orden, descripcion) VALUES ('6baf8346-9a4e-4e6b-bbce-01f308cb2c9f', 2, 'actividades de descanso, recreación y actividad física') ON CONFLICT (objective_id, orden) DO UPDATE SET descripcion = EXCLUDED.descripcion;
INSERT INTO curriculum_objective_items (objective_id, orden, descripcion) VALUES ('6baf8346-9a4e-4e6b-bbce-01f308cb2c9f', 3, 'hábitos de alimentación') ON CONFLICT (objective_id, orden) DO UPDATE SET descripcion = EXCLUDED.descripcion;
INSERT INTO curriculum_objective_items (objective_id, orden, descripcion) VALUES ('6baf8346-9a4e-4e6b-bbce-01f308cb2c9f', 4, 'resguardo del cuerpo y la intimidad') ON CONFLICT (objective_id, orden) DO UPDATE SET descripcion = EXCLUDED.descripcion;
INSERT INTO curriculum_objective_items (objective_id, orden, descripcion) VALUES ('6baf8346-9a4e-4e6b-bbce-01f308cb2c9f', 5, 'la entrega de información personal') ON CONFLICT (objective_id, orden) DO UPDATE SET descripcion = EXCLUDED.descripcion;
INSERT INTO curriculum_objectives (id, grade_id, codigo, tipo, eje, descripcion) VALUES ('f7e00274-56c9-43f6-bba6-a647cb8004e6', 'e8e36731-0e87-4b4f-8027-f7d585ce751c', 'OA5', 'conocimiento', 'Dimensión social', 'Manifestar actitudes de solidaridad y respeto, que favorezcan la convivencia, como:') ON CONFLICT (id) DO UPDATE SET grade_id = EXCLUDED.grade_id, codigo = EXCLUDED.codigo, tipo = EXCLUDED.tipo, eje = EXCLUDED.eje, descripcion = EXCLUDED.descripcion;
INSERT INTO curriculum_objective_items (objective_id, orden, descripcion) VALUES ('f7e00274-56c9-43f6-bba6-a647cb8004e6', 1, 'utilizar formas de buen trato (por ejemplo, saludar, despedirse, pedir por favor)') ON CONFLICT (objective_id, orden) DO UPDATE SET descripcion = EXCLUDED.descripcion;
INSERT INTO curriculum_objective_items (objective_id, orden, descripcion) VALUES ('f7e00274-56c9-43f6-bba6-a647cb8004e6', 2, 'actuar en forma respetuosa (por ejemplo, escuchar, respetar turnos, rutinas y pertenencias)') ON CONFLICT (objective_id, orden) DO UPDATE SET descripcion = EXCLUDED.descripcion;
INSERT INTO curriculum_objective_items (objective_id, orden, descripcion) VALUES ('f7e00274-56c9-43f6-bba6-a647cb8004e6', 3, 'compartir con los pares (por ejemplo, jugar juntos, prestarse útiles, ayudar al que lo necesita)') ON CONFLICT (objective_id, orden) DO UPDATE SET descripcion = EXCLUDED.descripcion;
INSERT INTO curriculum_objectives (id, grade_id, codigo, tipo, eje, descripcion) VALUES ('74b49d93-c2bd-431c-bdc8-8f9de8c9f034', 'e8e36731-0e87-4b4f-8027-f7d585ce751c', 'OA6', 'conocimiento', 'Dimensión social', 'Identificar conflictos que surgen entre pares y practicar formas de solucionarlos como escuchar al otro, ponerse en su lugar, buscar un acuerdo, reconciliarse.') ON CONFLICT (id) DO UPDATE SET grade_id = EXCLUDED.grade_id, codigo = EXCLUDED.codigo, tipo = EXCLUDED.tipo, eje = EXCLUDED.eje, descripcion = EXCLUDED.descripcion;
INSERT INTO curriculum_objectives (id, grade_id, codigo, tipo, eje, descripcion) VALUES ('74de7af5-fe66-40a9-9755-a0cf81415dfa', 'e8e36731-0e87-4b4f-8027-f7d585ce751c', 'OA7', 'conocimiento', 'Dimensión social', 'Reconocer, describir y valorar sus grupos de pertenencia (familia, curso, pares), las personas que los componen y sus características y participar activamente en ellos (por ejemplo, ayudando en el orden de la casa y sala de clases). bitos y actitudes que favorezcan el proceso de aprendizaje, como:') ON CONFLICT (id) DO UPDATE SET grade_id = EXCLUDED.grade_id, codigo = EXCLUDED.codigo, tipo = EXCLUDED.tipo, eje = EXCLUDED.eje, descripcion = EXCLUDED.descripcion;
INSERT INTO curriculum_objective_items (objective_id, orden, descripcion) VALUES ('74de7af5-fe66-40a9-9755-a0cf81415dfa', 1, 'traer y cuidar los útiles escolares') ON CONFLICT (objective_id, orden) DO UPDATE SET descripcion = EXCLUDED.descripcion;
INSERT INTO curriculum_objective_items (objective_id, orden, descripcion) VALUES ('74de7af5-fe66-40a9-9755-a0cf81415dfa', 2, 'mantener el orden de la sala de clases y materiales') ON CONFLICT (objective_id, orden) DO UPDATE SET descripcion = EXCLUDED.descripcion;
INSERT INTO curriculum_objective_items (objective_id, orden, descripcion) VALUES ('74de7af5-fe66-40a9-9755-a0cf81415dfa', 3, 'identificar los nuevos aprendizajes adquiridos para incentivar la motivación') ON CONFLICT (objective_id, orden) DO UPDATE SET descripcion = EXCLUDED.descripcion;
INSERT INTO curriculum_grades (id, subject_id, grado, label, total_objetivos) VALUES ('74272456-a0e6-4731-ae9e-dfcaf5230df5', '34eebeb0-d5b8-4232-8cb8-a36f4d669eab', '3', '3° Básico', 6) ON CONFLICT (id) DO UPDATE SET subject_id = EXCLUDED.subject_id, grado = EXCLUDED.grado, label = EXCLUDED.label, total_objetivos = EXCLUDED.total_objetivos;
INSERT INTO curriculum_objectives (id, grade_id, codigo, tipo, eje, descripcion) VALUES ('71f372ad-79d6-40b1-9614-2c974c697f55', '74272456-a0e6-4731-ae9e-dfcaf5230df5', 'OA1', 'conocimiento', 'Dimensión personal', 'Observar, describir y valorar sus características, habilidades y fortalezas (en lo familiar, afectivo, académico y social, entre otros) y proponerse acciones concretas para los aspectos que requiera superar.') ON CONFLICT (id) DO UPDATE SET grade_id = EXCLUDED.grade_id, codigo = EXCLUDED.codigo, tipo = EXCLUDED.tipo, eje = EXCLUDED.eje, descripcion = EXCLUDED.descripcion;
INSERT INTO curriculum_objectives (id, grade_id, codigo, tipo, eje, descripcion) VALUES ('4d39de32-d761-418c-a01e-691b9d5ea080', '74272456-a0e6-4731-ae9e-dfcaf5230df5', 'OA2', 'conocimiento', 'Dimensión personal', 'Identificar y aceptar sus propias emociones y las de los demás, y practicar estrategias personales de manejo emocional (por ejemplo, esperar un tiempo, escuchar al otro y considerar su impacto en los demás).') ON CONFLICT (id) DO UPDATE SET grade_id = EXCLUDED.grade_id, codigo = EXCLUDED.codigo, tipo = EXCLUDED.tipo, eje = EXCLUDED.eje, descripcion = EXCLUDED.descripcion;
INSERT INTO curriculum_objectives (id, grade_id, codigo, tipo, eje, descripcion) VALUES ('5cab883f-8c2c-4b8f-9f5b-c8c4a9412862', '74272456-a0e6-4731-ae9e-dfcaf5230df5', 'OA3', 'conocimiento', 'Dimensión personal', 'Reconocer y valorar la sexualidad como expresión de amor, vínculo e intimidad entre dos personas y como gestora de su propia vida.') ON CONFLICT (id) DO UPDATE SET grade_id = EXCLUDED.grade_id, codigo = EXCLUDED.codigo, tipo = EXCLUDED.tipo, eje = EXCLUDED.eje, descripcion = EXCLUDED.descripcion;
INSERT INTO curriculum_objectives (id, grade_id, codigo, tipo, eje, descripcion) VALUES ('ea50f8b3-2138-41f3-9ed2-a4fdc234562f', '74272456-a0e6-4731-ae9e-dfcaf5230df5', 'OA4', 'conocimiento', 'Dimensión personal', 'Identificar y practicar, en forma guiada, conductas protectoras y de autocuidado en relación a:') ON CONFLICT (id) DO UPDATE SET grade_id = EXCLUDED.grade_id, codigo = EXCLUDED.codigo, tipo = EXCLUDED.tipo, eje = EXCLUDED.eje, descripcion = EXCLUDED.descripcion;
INSERT INTO curriculum_objective_items (objective_id, orden, descripcion) VALUES ('ea50f8b3-2138-41f3-9ed2-a4fdc234562f', 1, 'rutinas de higiene') ON CONFLICT (objective_id, orden) DO UPDATE SET descripcion = EXCLUDED.descripcion;
INSERT INTO curriculum_objective_items (objective_id, orden, descripcion) VALUES ('ea50f8b3-2138-41f3-9ed2-a4fdc234562f', 2, 'actividades de descanso, recreación y actividad física') ON CONFLICT (objective_id, orden) DO UPDATE SET descripcion = EXCLUDED.descripcion;
INSERT INTO curriculum_objective_items (objective_id, orden, descripcion) VALUES ('ea50f8b3-2138-41f3-9ed2-a4fdc234562f', 3, 'hábitos de alimentación') ON CONFLICT (objective_id, orden) DO UPDATE SET descripcion = EXCLUDED.descripcion;
INSERT INTO curriculum_objective_items (objective_id, orden, descripcion) VALUES ('ea50f8b3-2138-41f3-9ed2-a4fdc234562f', 4, 'resguardo del cuerpo y la intimidad') ON CONFLICT (objective_id, orden) DO UPDATE SET descripcion = EXCLUDED.descripcion;
INSERT INTO curriculum_objective_items (objective_id, orden, descripcion) VALUES ('ea50f8b3-2138-41f3-9ed2-a4fdc234562f', 5, 'la entrega de información personal') ON CONFLICT (objective_id, orden) DO UPDATE SET descripcion = EXCLUDED.descripcion;
INSERT INTO curriculum_objective_items (objective_id, orden, descripcion) VALUES ('ea50f8b3-2138-41f3-9ed2-a4fdc234562f', 6, 'situaciones de potencial abuso') ON CONFLICT (objective_id, orden) DO UPDATE SET descripcion = EXCLUDED.descripcion;
INSERT INTO curriculum_objective_items (objective_id, orden, descripcion) VALUES ('ea50f8b3-2138-41f3-9ed2-a4fdc234562f', 7, 'consumo de drogas') ON CONFLICT (objective_id, orden) DO UPDATE SET descripcion = EXCLUDED.descripcion;
INSERT INTO curriculum_objectives (id, grade_id, codigo, tipo, eje, descripcion) VALUES ('3890dbd0-76bb-485d-a889-23631cfe13c5', '74272456-a0e6-4731-ae9e-dfcaf5230df5', 'OA5', 'conocimiento', 'Dimensión social', 'Manifestar actitudes de solidaridad y respeto, que favorezcan la convivencia, como:') ON CONFLICT (id) DO UPDATE SET grade_id = EXCLUDED.grade_id, codigo = EXCLUDED.codigo, tipo = EXCLUDED.tipo, eje = EXCLUDED.eje, descripcion = EXCLUDED.descripcion;
INSERT INTO curriculum_objective_items (objective_id, orden, descripcion) VALUES ('3890dbd0-76bb-485d-a889-23631cfe13c5', 1, 'actuar en forma empática (poniéndose en el lugar del otro)') ON CONFLICT (objective_id, orden) DO UPDATE SET descripcion = EXCLUDED.descripcion;
INSERT INTO curriculum_objective_items (objective_id, orden, descripcion) VALUES ('3890dbd0-76bb-485d-a889-23631cfe13c5', 2, 'utilizar un buen trato (por ejemplo, saludar, despedirse, pedir por favor)') ON CONFLICT (objective_id, orden) DO UPDATE SET descripcion = EXCLUDED.descripcion;
INSERT INTO curriculum_objective_items (objective_id, orden, descripcion) VALUES ('3890dbd0-76bb-485d-a889-23631cfe13c5', 3, 'evitar y rechazar toda forma de violencia y discriminación, ya sea por etnia, género, religión, nacionalidad, etc.') ON CONFLICT (objective_id, orden) DO UPDATE SET descripcion = EXCLUDED.descripcion;
INSERT INTO curriculum_objective_items (objective_id, orden, descripcion) VALUES ('3890dbd0-76bb-485d-a889-23631cfe13c5', 4, 'respetar el derecho de todos a expresar opiniones y ser diferente') ON CONFLICT (objective_id, orden) DO UPDATE SET descripcion = EXCLUDED.descripcion;
INSERT INTO curriculum_objective_items (objective_id, orden, descripcion) VALUES ('3890dbd0-76bb-485d-a889-23631cfe13c5', 5, 'prestar ayuda especialmente a quien lo necesite') ON CONFLICT (objective_id, orden) DO UPDATE SET descripcion = EXCLUDED.descripcion;
INSERT INTO curriculum_objective_items (objective_id, orden, descripcion) VALUES ('3890dbd0-76bb-485d-a889-23631cfe13c5', 6, 'respetar el ambiente de aprendizaje') ON CONFLICT (objective_id, orden) DO UPDATE SET descripcion = EXCLUDED.descripcion;
INSERT INTO curriculum_objectives (id, grade_id, codigo, tipo, eje, descripcion) VALUES ('14193c65-a476-4a02-9701-88f4efa19d27', '74272456-a0e6-4731-ae9e-dfcaf5230df5', 'OA6', 'conocimiento', 'Dimensión social', 'Resolver conflictos entre pares en forma guiada y aplicar estrategias diversas de resolución de problemas, tales como escuchar, describir los sentimientos del otro y buscar un acuerdo que satisfaga a ambas partes. n forma guiada en la comunidad escolar y en la organización del bilidades zaje, como:') ON CONFLICT (id) DO UPDATE SET grade_id = EXCLUDED.grade_id, codigo = EXCLUDED.codigo, tipo = EXCLUDED.tipo, eje = EXCLUDED.eje, descripcion = EXCLUDED.descripcion;
INSERT INTO curriculum_objective_items (objective_id, orden, descripcion) VALUES ('14193c65-a476-4a02-9701-88f4efa19d27', 1, 'proponiendo y aceptando iniciativas, y asumiendo responsabilidades') ON CONFLICT (objective_id, orden) DO UPDATE SET descripcion = EXCLUDED.descripcion;
INSERT INTO curriculum_objective_items (objective_id, orden, descripcion) VALUES ('14193c65-a476-4a02-9701-88f4efa19d27', 2, 'respetando los derechos de los demás en la distribución de roles y responsaábitos y actitudes de esfuerzo e interés que favorezcan el aprendi-') ON CONFLICT (objective_id, orden) DO UPDATE SET descripcion = EXCLUDED.descripcion;
INSERT INTO curriculum_objective_items (objective_id, orden, descripcion) VALUES ('14193c65-a476-4a02-9701-88f4efa19d27', 3, 'asistir puntualmente a clases y cumplir a tiempo con los trabajos pedidos') ON CONFLICT (objective_id, orden) DO UPDATE SET descripcion = EXCLUDED.descripcion;
INSERT INTO curriculum_objective_items (objective_id, orden, descripcion) VALUES ('14193c65-a476-4a02-9701-88f4efa19d27', 4, 'organizar su tiempo y sus útiles') ON CONFLICT (objective_id, orden) DO UPDATE SET descripcion = EXCLUDED.descripcion;
INSERT INTO curriculum_objective_items (objective_id, orden, descripcion) VALUES ('14193c65-a476-4a02-9701-88f4efa19d27', 5, 'respetar el estudio y el trabajo de otros') ON CONFLICT (objective_id, orden) DO UPDATE SET descripcion = EXCLUDED.descripcion;
INSERT INTO curriculum_objective_items (objective_id, orden, descripcion) VALUES ('14193c65-a476-4a02-9701-88f4efa19d27', 6, 'evitar el plagio y la copia') ON CONFLICT (objective_id, orden) DO UPDATE SET descripcion = EXCLUDED.descripcion;
INSERT INTO curriculum_objective_items (objective_id, orden, descripcion) VALUES ('14193c65-a476-4a02-9701-88f4efa19d27', 7, 'preguntar y buscar información sobre temas de su interés') ON CONFLICT (objective_id, orden) DO UPDATE SET descripcion = EXCLUDED.descripcion;
INSERT INTO curriculum_objective_items (objective_id, orden, descripcion) VALUES ('14193c65-a476-4a02-9701-88f4efa19d27', 8, 'desarrollar actividades en relación a sus propios intereses') ON CONFLICT (objective_id, orden) DO UPDATE SET descripcion = EXCLUDED.descripcion;
INSERT INTO curriculum_grades (id, subject_id, grado, label, total_objetivos) VALUES ('c2d25ad1-c4b8-4516-8de6-82d678ebd0ab', '34eebeb0-d5b8-4232-8cb8-a36f4d669eab', '4', '4° Básico', 7) ON CONFLICT (id) DO UPDATE SET subject_id = EXCLUDED.subject_id, grado = EXCLUDED.grado, label = EXCLUDED.label, total_objetivos = EXCLUDED.total_objetivos;
INSERT INTO curriculum_objectives (id, grade_id, codigo, tipo, eje, descripcion) VALUES ('87de1d75-4afb-4671-b0f3-71d51c64adbe', 'c2d25ad1-c4b8-4516-8de6-82d678ebd0ab', 'OA1', 'conocimiento', 'Dimensión personal', 'Observar, describir y valorar sus características, habilidades y fortalezas (en lo familiar, afectivo, académico y social, entre otros) y proponerse acciones concretas para los aspectos que requiera superar.') ON CONFLICT (id) DO UPDATE SET grade_id = EXCLUDED.grade_id, codigo = EXCLUDED.codigo, tipo = EXCLUDED.tipo, eje = EXCLUDED.eje, descripcion = EXCLUDED.descripcion;
INSERT INTO curriculum_objectives (id, grade_id, codigo, tipo, eje, descripcion) VALUES ('a0146f5a-d0b5-44c6-9df5-438757641e8d', 'c2d25ad1-c4b8-4516-8de6-82d678ebd0ab', 'OA2', 'conocimiento', 'Dimensión personal', 'Identificar y aceptar sus propias emociones y las de los demás y practicar estrategias personales de manejo emocional (por ejemplo, esperar un tiempo, escuchar al otro y considerar su impacto en los demás).') ON CONFLICT (id) DO UPDATE SET grade_id = EXCLUDED.grade_id, codigo = EXCLUDED.codigo, tipo = EXCLUDED.tipo, eje = EXCLUDED.eje, descripcion = EXCLUDED.descripcion;
INSERT INTO curriculum_objectives (id, grade_id, codigo, tipo, eje, descripcion) VALUES ('60b44acf-7399-4a0c-886b-e604f2ccb1fd', 'c2d25ad1-c4b8-4516-8de6-82d678ebd0ab', 'OA3', 'conocimiento', 'Dimensión personal', 'Reconocer y valorar la sexualidad como expresión de amor, vínculo e intimidad entre dos personas y como gestora de su propia vida.') ON CONFLICT (id) DO UPDATE SET grade_id = EXCLUDED.grade_id, codigo = EXCLUDED.codigo, tipo = EXCLUDED.tipo, eje = EXCLUDED.eje, descripcion = EXCLUDED.descripcion;
INSERT INTO curriculum_objectives (id, grade_id, codigo, tipo, eje, descripcion) VALUES ('cfe48341-57a0-458d-8acf-1d8fec4a2ca3', 'c2d25ad1-c4b8-4516-8de6-82d678ebd0ab', 'OA4', 'conocimiento', 'Dimensión personal', 'Reconocer y valorar el proceso de desarrollo afectivo y sexual, describiendo los cambios físicos y afectivos que ocurren en la pubertad y respetar los diferentes ritmos de desarrollo entre sus pares.') ON CONFLICT (id) DO UPDATE SET grade_id = EXCLUDED.grade_id, codigo = EXCLUDED.codigo, tipo = EXCLUDED.tipo, eje = EXCLUDED.eje, descripcion = EXCLUDED.descripcion;
INSERT INTO curriculum_objectives (id, grade_id, codigo, tipo, eje, descripcion) VALUES ('3bf907a9-a161-4c67-a9ec-1a6862b99ebf', 'c2d25ad1-c4b8-4516-8de6-82d678ebd0ab', 'OA5', 'conocimiento', 'Dimensión personal', 'Identificar y practicar en forma autónoma conductas protectoras y de autocuidado en relación a:') ON CONFLICT (id) DO UPDATE SET grade_id = EXCLUDED.grade_id, codigo = EXCLUDED.codigo, tipo = EXCLUDED.tipo, eje = EXCLUDED.eje, descripcion = EXCLUDED.descripcion;
INSERT INTO curriculum_objective_items (objective_id, orden, descripcion) VALUES ('3bf907a9-a161-4c67-a9ec-1a6862b99ebf', 1, 'rutinas de higiene') ON CONFLICT (objective_id, orden) DO UPDATE SET descripcion = EXCLUDED.descripcion;
INSERT INTO curriculum_objective_items (objective_id, orden, descripcion) VALUES ('3bf907a9-a161-4c67-a9ec-1a6862b99ebf', 2, 'actividades de descanso, recreación y actividad física') ON CONFLICT (objective_id, orden) DO UPDATE SET descripcion = EXCLUDED.descripcion;
INSERT INTO curriculum_objective_items (objective_id, orden, descripcion) VALUES ('3bf907a9-a161-4c67-a9ec-1a6862b99ebf', 3, 'hábitos de alimentación') ON CONFLICT (objective_id, orden) DO UPDATE SET descripcion = EXCLUDED.descripcion;
INSERT INTO curriculum_objective_items (objective_id, orden, descripcion) VALUES ('3bf907a9-a161-4c67-a9ec-1a6862b99ebf', 4, 'resguardo del cuerpo y la intimidad') ON CONFLICT (objective_id, orden) DO UPDATE SET descripcion = EXCLUDED.descripcion;
INSERT INTO curriculum_objective_items (objective_id, orden, descripcion) VALUES ('3bf907a9-a161-4c67-a9ec-1a6862b99ebf', 5, 'la entrega de información personal') ON CONFLICT (objective_id, orden) DO UPDATE SET descripcion = EXCLUDED.descripcion;
INSERT INTO curriculum_objective_items (objective_id, orden, descripcion) VALUES ('3bf907a9-a161-4c67-a9ec-1a6862b99ebf', 6, 'situaciones de potencial abuso') ON CONFLICT (objective_id, orden) DO UPDATE SET descripcion = EXCLUDED.descripcion;
INSERT INTO curriculum_objective_items (objective_id, orden, descripcion) VALUES ('3bf907a9-a161-4c67-a9ec-1a6862b99ebf', 7, 'consumo de drogas') ON CONFLICT (objective_id, orden) DO UPDATE SET descripcion = EXCLUDED.descripcion;
INSERT INTO curriculum_objectives (id, grade_id, codigo, tipo, eje, descripcion) VALUES ('dbe87230-f5a0-47be-9dfb-0ef0dc644b19', 'c2d25ad1-c4b8-4516-8de6-82d678ebd0ab', 'OA6', 'conocimiento', 'Dimensión social', 'Manifestar actitudes de solidaridad y respeto, que favorezcan la convivencia, como: actuar en forma empática (poniéndose en el lugar del otro) ú úutilizar un buen trato (por ejemplo, saludar, despedirse, pedir por favor) úevitar y rechazar toda forma de violencia y discriminación, ya sea por etnias, género, religión, nacionalidad, etc. úrespetar el derecho de todos a expresar opiniones y ser diferente úprestar ayuda especialmente a quien lo necesite úrespetar el ambiente de aprendizaje') ON CONFLICT (id) DO UPDATE SET grade_id = EXCLUDED.grade_id, codigo = EXCLUDED.codigo, tipo = EXCLUDED.tipo, eje = EXCLUDED.eje, descripcion = EXCLUDED.descripcion;
INSERT INTO curriculum_objectives (id, grade_id, codigo, tipo, eje, descripcion) VALUES ('820383cd-fc41-4f26-a3c3-65df6022426a', 'c2d25ad1-c4b8-4516-8de6-82d678ebd0ab', 'OA7', 'conocimiento', 'Dimensión social', 'Resolver conflictos entre pares en forma guiada y aplicando estrategias diversas de resolución de problemas, tales como escuchar, describir los sentimientos del otro y buscar un acuerdo que satisfaga a ambas partes. n forma guiada en la comunidad escolar y en la organización del mocráticas bilidades zaje, como:') ON CONFLICT (id) DO UPDATE SET grade_id = EXCLUDED.grade_id, codigo = EXCLUDED.codigo, tipo = EXCLUDED.tipo, eje = EXCLUDED.eje, descripcion = EXCLUDED.descripcion;
INSERT INTO curriculum_objective_items (objective_id, orden, descripcion) VALUES ('820383cd-fc41-4f26-a3c3-65df6022426a', 1, 'proponiendo y aceptando iniciativas, y asumiendo responsabilidades') ON CONFLICT (objective_id, orden) DO UPDATE SET descripcion = EXCLUDED.descripcion;
INSERT INTO curriculum_objective_items (objective_id, orden, descripcion) VALUES ('820383cd-fc41-4f26-a3c3-65df6022426a', 2, 'estableciendo acuerdos a través del diálogo y de la toma de decisiones de-') ON CONFLICT (objective_id, orden) DO UPDATE SET descripcion = EXCLUDED.descripcion;
INSERT INTO curriculum_objective_items (objective_id, orden, descripcion) VALUES ('820383cd-fc41-4f26-a3c3-65df6022426a', 3, 'respetando los derechos de los demás en la distribución de roles y responsaábitos y actitudes de esfuerzo e interés que favorezcan el aprendi-') ON CONFLICT (objective_id, orden) DO UPDATE SET descripcion = EXCLUDED.descripcion;
INSERT INTO curriculum_objective_items (objective_id, orden, descripcion) VALUES ('820383cd-fc41-4f26-a3c3-65df6022426a', 4, 'asistir puntualmente a clases y cumplir a tiempo con los trabajos pedidos') ON CONFLICT (objective_id, orden) DO UPDATE SET descripcion = EXCLUDED.descripcion;
INSERT INTO curriculum_objective_items (objective_id, orden, descripcion) VALUES ('820383cd-fc41-4f26-a3c3-65df6022426a', 5, 'organizar su tiempo y sus útiles') ON CONFLICT (objective_id, orden) DO UPDATE SET descripcion = EXCLUDED.descripcion;
INSERT INTO curriculum_objective_items (objective_id, orden, descripcion) VALUES ('820383cd-fc41-4f26-a3c3-65df6022426a', 6, 'respetar el estudio y el trabajo de otros') ON CONFLICT (objective_id, orden) DO UPDATE SET descripcion = EXCLUDED.descripcion;
INSERT INTO curriculum_objective_items (objective_id, orden, descripcion) VALUES ('820383cd-fc41-4f26-a3c3-65df6022426a', 7, 'evitar el plagio y la copia') ON CONFLICT (objective_id, orden) DO UPDATE SET descripcion = EXCLUDED.descripcion;
INSERT INTO curriculum_objective_items (objective_id, orden, descripcion) VALUES ('820383cd-fc41-4f26-a3c3-65df6022426a', 8, 'preguntar y buscar información sobre temas de su interés') ON CONFLICT (objective_id, orden) DO UPDATE SET descripcion = EXCLUDED.descripcion;
INSERT INTO curriculum_objective_items (objective_id, orden, descripcion) VALUES ('820383cd-fc41-4f26-a3c3-65df6022426a', 9, 'desarrollar actividades en relación a sus propios intereses') ON CONFLICT (objective_id, orden) DO UPDATE SET descripcion = EXCLUDED.descripcion;
INSERT INTO curriculum_grades (id, subject_id, grado, label, total_objetivos) VALUES ('8796e198-358c-4a51-8386-c9bbcb63fef0', '34eebeb0-d5b8-4232-8cb8-a36f4d669eab', '5', '5° Básico', 7) ON CONFLICT (id) DO UPDATE SET subject_id = EXCLUDED.subject_id, grado = EXCLUDED.grado, label = EXCLUDED.label, total_objetivos = EXCLUDED.total_objetivos;
INSERT INTO curriculum_objectives (id, grade_id, codigo, tipo, eje, descripcion) VALUES ('1f97fa65-afc8-4d9d-9e3b-b4aa83ad7e1f', '8796e198-358c-4a51-8386-c9bbcb63fef0', 'OA1', 'conocimiento', 'Dimensión personal', 'Demostrar una valoración positiva de sí mismo reconociendo habilidades, fortalezas y aspectos que requiera superar.') ON CONFLICT (id) DO UPDATE SET grade_id = EXCLUDED.grade_id, codigo = EXCLUDED.codigo, tipo = EXCLUDED.tipo, eje = EXCLUDED.eje, descripcion = EXCLUDED.descripcion;
INSERT INTO curriculum_objectives (id, grade_id, codigo, tipo, eje, descripcion) VALUES ('ba43c7e3-62bf-4243-a0cd-cf93e54f397f', '8796e198-358c-4a51-8386-c9bbcb63fef0', 'OA2', 'conocimiento', 'Dimensión personal', 'Distinguir y describir emociones y reconocer y practicar formas apropiadas de expresarlas, considerando el posible impacto en sí mismo y en otros.') ON CONFLICT (id) DO UPDATE SET grade_id = EXCLUDED.grade_id, codigo = EXCLUDED.codigo, tipo = EXCLUDED.tipo, eje = EXCLUDED.eje, descripcion = EXCLUDED.descripcion;
INSERT INTO curriculum_objectives (id, grade_id, codigo, tipo, eje, descripcion) VALUES ('1506df32-a838-4f06-aad9-96c9583e6e67', '8796e198-358c-4a51-8386-c9bbcb63fef0', 'OA3', 'conocimiento', 'Dimensión personal', 'Reconocer y valorar el proceso de desarrollo afectivo y sexual, que aprecia en sí mismo y en los demás, describiendo los cambios físicos, afectivos y sociales que ocurren en la pubertad, considerando la manifestación de estos en las motivaciones, formas de relacionarse y expresar afecto a los demás.') ON CONFLICT (id) DO UPDATE SET grade_id = EXCLUDED.grade_id, codigo = EXCLUDED.codigo, tipo = EXCLUDED.tipo, eje = EXCLUDED.eje, descripcion = EXCLUDED.descripcion;
INSERT INTO curriculum_objectives (id, grade_id, codigo, tipo, eje, descripcion) VALUES ('b35ae3d0-ce20-4df6-9626-c1217e957a1f', '8796e198-358c-4a51-8386-c9bbcb63fef0', 'OA4', 'conocimiento', 'Dimensión personal', 'Practicar en forma autónoma conductas protectoras y de autocuidado, como:') ON CONFLICT (id) DO UPDATE SET grade_id = EXCLUDED.grade_id, codigo = EXCLUDED.codigo, tipo = EXCLUDED.tipo, eje = EXCLUDED.eje, descripcion = EXCLUDED.descripcion;
INSERT INTO curriculum_objective_items (objective_id, orden, descripcion) VALUES ('b35ae3d0-ce20-4df6-9626-c1217e957a1f', 1, 'mantener una comunicación efectiva con la familia o adulto de su confianza') ON CONFLICT (objective_id, orden) DO UPDATE SET descripcion = EXCLUDED.descripcion;
INSERT INTO curriculum_objective_items (objective_id, orden, descripcion) VALUES ('b35ae3d0-ce20-4df6-9626-c1217e957a1f', 2, 'resguardar la intimidad (por ejemplo, evitar exponer información personal, fotos íntimas a través de redes sociales, protegerse de manifestaciones de índole sexual inapropiadas)') ON CONFLICT (objective_id, orden) DO UPDATE SET descripcion = EXCLUDED.descripcion;
INSERT INTO curriculum_objective_items (objective_id, orden, descripcion) VALUES ('b35ae3d0-ce20-4df6-9626-c1217e957a1f', 3, 'seleccionar y acudir a fuentes de información confiables (personas significativas, libros y páginas de internet especializadas)') ON CONFLICT (objective_id, orden) DO UPDATE SET descripcion = EXCLUDED.descripcion;
INSERT INTO curriculum_objective_items (objective_id, orden, descripcion) VALUES ('b35ae3d0-ce20-4df6-9626-c1217e957a1f', 4, 'realizar un uso seguro de redes sociales') ON CONFLICT (objective_id, orden) DO UPDATE SET descripcion = EXCLUDED.descripcion;
INSERT INTO curriculum_objectives (id, grade_id, codigo, tipo, eje, descripcion) VALUES ('2a02713d-8745-42bb-9446-9b82f23a0036', '8796e198-358c-4a51-8386-c9bbcb63fef0', 'OA5', 'conocimiento', 'Dimensión personal', 'Reconocer y describir causas y consecuencias del consumo de drogas (por ejemplo, tabaco, alcohol, marihuana), identificar factores que lo previenen y proponer estrategias para enfrentarlo, como mantener hábitos de vida saludable y aprender a manejar el stress.') ON CONFLICT (id) DO UPDATE SET grade_id = EXCLUDED.grade_id, codigo = EXCLUDED.codigo, tipo = EXCLUDED.tipo, eje = EXCLUDED.eje, descripcion = EXCLUDED.descripcion;
INSERT INTO curriculum_objectives (id, grade_id, codigo, tipo, eje, descripcion) VALUES ('c3a3bb75-cf64-43fd-92f7-8ce9e07c1a99', '8796e198-358c-4a51-8386-c9bbcb63fef0', 'OA6', 'conocimiento', 'Dimensión social', 'Manifestar actitudes de solidaridad y respeto, que favorezcan la convivencia, como:') ON CONFLICT (id) DO UPDATE SET grade_id = EXCLUDED.grade_id, codigo = EXCLUDED.codigo, tipo = EXCLUDED.tipo, eje = EXCLUDED.eje, descripcion = EXCLUDED.descripcion;
INSERT INTO curriculum_objective_items (objective_id, orden, descripcion) VALUES ('c3a3bb75-cf64-43fd-92f7-8ce9e07c1a99', 1, 'actuar en forma empática (poniéndose en el lugar del otro)') ON CONFLICT (objective_id, orden) DO UPDATE SET descripcion = EXCLUDED.descripcion;
INSERT INTO curriculum_objective_items (objective_id, orden, descripcion) VALUES ('c3a3bb75-cf64-43fd-92f7-8ce9e07c1a99', 2, 'utilizar un buen trato (por ejemplo, saludar, despedirse, pedir por favor)') ON CONFLICT (objective_id, orden) DO UPDATE SET descripcion = EXCLUDED.descripcion;
INSERT INTO curriculum_objective_items (objective_id, orden, descripcion) VALUES ('c3a3bb75-cf64-43fd-92f7-8ce9e07c1a99', 3, 'evitar y rechazar toda forma de violencia y discriminación, ya sea por etnia, género, religión, nacionalidad, etc.') ON CONFLICT (objective_id, orden) DO UPDATE SET descripcion = EXCLUDED.descripcion;
INSERT INTO curriculum_objective_items (objective_id, orden, descripcion) VALUES ('c3a3bb75-cf64-43fd-92f7-8ce9e07c1a99', 4, 'respetar el derecho de todos a expresar opiniones y ser diferente') ON CONFLICT (objective_id, orden) DO UPDATE SET descripcion = EXCLUDED.descripcion;
INSERT INTO curriculum_objective_items (objective_id, orden, descripcion) VALUES ('c3a3bb75-cf64-43fd-92f7-8ce9e07c1a99', 5, 'prestar ayuda especialmente a quien lo necesite') ON CONFLICT (objective_id, orden) DO UPDATE SET descripcion = EXCLUDED.descripcion;
INSERT INTO curriculum_objective_items (objective_id, orden, descripcion) VALUES ('c3a3bb75-cf64-43fd-92f7-8ce9e07c1a99', 6, 'respetar el ambiente de aprendizaje') ON CONFLICT (objective_id, orden) DO UPDATE SET descripcion = EXCLUDED.descripcion;
INSERT INTO curriculum_objectives (id, grade_id, codigo, tipo, eje, descripcion) VALUES ('7909c731-dc68-4440-b3a5-d7e4793e2e8b', '8796e198-358c-4a51-8386-c9bbcb63fef0', 'OA7', 'conocimiento', 'Dimensión social', 'Resolver conflictos de convivencia en forma autónoma, seleccionando y aplicando diversas estrategias de resolución de problemas. ctiva y colaborativamente en la comunidad escolar y en la organizaso: roles y responsabilidades, entre otros cráticas favorecer el aprendizaje y a desarrollar sus intereses, tales como:') ON CONFLICT (id) DO UPDATE SET grade_id = EXCLUDED.grade_id, codigo = EXCLUDED.codigo, tipo = EXCLUDED.tipo, eje = EXCLUDED.eje, descripcion = EXCLUDED.descripcion;
INSERT INTO curriculum_objective_items (objective_id, orden, descripcion) VALUES ('7909c731-dc68-4440-b3a5-d7e4793e2e8b', 1, 'planificando y evaluando actividades encaminadas a un objetivo') ON CONFLICT (objective_id, orden) DO UPDATE SET descripcion = EXCLUDED.descripcion;
INSERT INTO curriculum_objective_items (objective_id, orden, descripcion) VALUES ('7909c731-dc68-4440-b3a5-d7e4793e2e8b', 2, 'organizándose para resolver problemas cotidianos de la comunidad') ON CONFLICT (objective_id, orden) DO UPDATE SET descripcion = EXCLUDED.descripcion;
INSERT INTO curriculum_objective_items (objective_id, orden, descripcion) VALUES ('7909c731-dc68-4440-b3a5-d7e4793e2e8b', 3, 'asumiendo y cumpliendo responsabilidades') ON CONFLICT (objective_id, orden) DO UPDATE SET descripcion = EXCLUDED.descripcion;
INSERT INTO curriculum_objective_items (objective_id, orden, descripcion) VALUES ('7909c731-dc68-4440-b3a5-d7e4793e2e8b', 4, 'participando en las elecciones de curso y aceptando los resultados') ON CONFLICT (objective_id, orden) DO UPDATE SET descripcion = EXCLUDED.descripcion;
INSERT INTO curriculum_objective_items (objective_id, orden, descripcion) VALUES ('7909c731-dc68-4440-b3a5-d7e4793e2e8b', 5, 'respetando los derechos de los demás, sin discriminar en la distribución de') ON CONFLICT (objective_id, orden) DO UPDATE SET descripcion = EXCLUDED.descripcion;
INSERT INTO curriculum_objective_items (objective_id, orden, descripcion) VALUES ('7909c731-dc68-4440-b3a5-d7e4793e2e8b', 6, 'estableciendo acuerdos a través del diálogo y la toma de decisiones demo-') ON CONFLICT (objective_id, orden) DO UPDATE SET descripcion = EXCLUDED.descripcion;
INSERT INTO curriculum_objective_items (objective_id, orden, descripcion) VALUES ('7909c731-dc68-4440-b3a5-d7e4793e2e8b', 7, 'evaluando el cumplimiento de los acuerdos de curso forma autónoma y perseverante, hábitos y actitudes orientadas a') ON CONFLICT (objective_id, orden) DO UPDATE SET descripcion = EXCLUDED.descripcion;
INSERT INTO curriculum_objective_items (objective_id, orden, descripcion) VALUES ('7909c731-dc68-4440-b3a5-d7e4793e2e8b', 8, 'establecer metas de aprendizaje') ON CONFLICT (objective_id, orden) DO UPDATE SET descripcion = EXCLUDED.descripcion;
INSERT INTO curriculum_objective_items (objective_id, orden, descripcion) VALUES ('7909c731-dc68-4440-b3a5-d7e4793e2e8b', 9, 'estudiar con anticipación, organizando su tiempo') ON CONFLICT (objective_id, orden) DO UPDATE SET descripcion = EXCLUDED.descripcion;
INSERT INTO curriculum_objective_items (objective_id, orden, descripcion) VALUES ('7909c731-dc68-4440-b3a5-d7e4793e2e8b', 10, 'trabajar en forma colaborativa') ON CONFLICT (objective_id, orden) DO UPDATE SET descripcion = EXCLUDED.descripcion;
INSERT INTO curriculum_objective_items (objective_id, orden, descripcion) VALUES ('7909c731-dc68-4440-b3a5-d7e4793e2e8b', 11, 'respetar el estudio y el trabajo de otros') ON CONFLICT (objective_id, orden) DO UPDATE SET descripcion = EXCLUDED.descripcion;
INSERT INTO curriculum_objective_items (objective_id, orden, descripcion) VALUES ('7909c731-dc68-4440-b3a5-d7e4793e2e8b', 12, 'evitar el plagio y la copia') ON CONFLICT (objective_id, orden) DO UPDATE SET descripcion = EXCLUDED.descripcion;
INSERT INTO curriculum_objective_items (objective_id, orden, descripcion) VALUES ('7909c731-dc68-4440-b3a5-d7e4793e2e8b', 13, 'preguntar y buscar información sobre temas de su interés') ON CONFLICT (objective_id, orden) DO UPDATE SET descripcion = EXCLUDED.descripcion;
INSERT INTO curriculum_objective_items (objective_id, orden, descripcion) VALUES ('7909c731-dc68-4440-b3a5-d7e4793e2e8b', 14, 'desarrollar actividades en relación a sus propios intereses') ON CONFLICT (objective_id, orden) DO UPDATE SET descripcion = EXCLUDED.descripcion;
INSERT INTO curriculum_grades (id, subject_id, grado, label, total_objetivos) VALUES ('f3072032-9834-45bd-8440-a8e14bdf3b80', '34eebeb0-d5b8-4232-8cb8-a36f4d669eab', '6', '6° Básico', 7) ON CONFLICT (id) DO UPDATE SET subject_id = EXCLUDED.subject_id, grado = EXCLUDED.grado, label = EXCLUDED.label, total_objetivos = EXCLUDED.total_objetivos;
INSERT INTO curriculum_objectives (id, grade_id, codigo, tipo, eje, descripcion) VALUES ('c52f1b40-3a46-4f6e-b536-f3eb38398a68', 'f3072032-9834-45bd-8440-a8e14bdf3b80', 'OA1', 'conocimiento', 'Dimensión personal', 'Demostrar una valoración positiva de sí mismo reconociendo habilidades, fortalezas y aspectos que requiera superar.') ON CONFLICT (id) DO UPDATE SET grade_id = EXCLUDED.grade_id, codigo = EXCLUDED.codigo, tipo = EXCLUDED.tipo, eje = EXCLUDED.eje, descripcion = EXCLUDED.descripcion;
INSERT INTO curriculum_objectives (id, grade_id, codigo, tipo, eje, descripcion) VALUES ('66146dfe-8041-41d5-99f5-dd20fd33c39a', 'f3072032-9834-45bd-8440-a8e14bdf3b80', 'OA2', 'conocimiento', 'Dimensión personal', 'Distinguir y describir emociones y reconocer y practicar formas apropiadas de expresarlas, considerando el posible impacto en sí mismo y en otros.') ON CONFLICT (id) DO UPDATE SET grade_id = EXCLUDED.grade_id, codigo = EXCLUDED.codigo, tipo = EXCLUDED.tipo, eje = EXCLUDED.eje, descripcion = EXCLUDED.descripcion;
INSERT INTO curriculum_objectives (id, grade_id, codigo, tipo, eje, descripcion) VALUES ('2f2e96e4-1371-4034-bf12-b69b29119b34', 'f3072032-9834-45bd-8440-a8e14bdf3b80', 'OA3', 'conocimiento', 'Dimensión personal', 'Reconocer y valorar el proceso de desarrollo afectivo y sexual, que aprecia en sí mismo y en los demás, describiendo los cambios físicos, afectivos y sociales que ocurren en la pubertad, considerando la manifestación de estos en las motivaciones, formas de relacionarse y expresar afecto a los demás.') ON CONFLICT (id) DO UPDATE SET grade_id = EXCLUDED.grade_id, codigo = EXCLUDED.codigo, tipo = EXCLUDED.tipo, eje = EXCLUDED.eje, descripcion = EXCLUDED.descripcion;
INSERT INTO curriculum_objectives (id, grade_id, codigo, tipo, eje, descripcion) VALUES ('e02b22f6-f139-4e60-8038-a931785c12b2', 'f3072032-9834-45bd-8440-a8e14bdf3b80', 'OA4', 'conocimiento', 'Dimensión personal', 'Practicar en forma autónoma conductas protectoras y de autocuidado, como:') ON CONFLICT (id) DO UPDATE SET grade_id = EXCLUDED.grade_id, codigo = EXCLUDED.codigo, tipo = EXCLUDED.tipo, eje = EXCLUDED.eje, descripcion = EXCLUDED.descripcion;
INSERT INTO curriculum_objective_items (objective_id, orden, descripcion) VALUES ('e02b22f6-f139-4e60-8038-a931785c12b2', 1, 'mantener una comunicación efectiva con la familia o adulto de su confianza') ON CONFLICT (objective_id, orden) DO UPDATE SET descripcion = EXCLUDED.descripcion;
INSERT INTO curriculum_objective_items (objective_id, orden, descripcion) VALUES ('e02b22f6-f139-4e60-8038-a931785c12b2', 2, 'resguardar la intimidad (por ejemplo, evitar exponer información personal, fotos íntimas a través de redes sociales, protegerse de manifestaciones de índole sexual inapropiadas)') ON CONFLICT (objective_id, orden) DO UPDATE SET descripcion = EXCLUDED.descripcion;
INSERT INTO curriculum_objective_items (objective_id, orden, descripcion) VALUES ('e02b22f6-f139-4e60-8038-a931785c12b2', 3, 'seleccionar y acudir a fuentes de información confiables (personas significativas, libros y páginas de internet especializadas)') ON CONFLICT (objective_id, orden) DO UPDATE SET descripcion = EXCLUDED.descripcion;
INSERT INTO curriculum_objective_items (objective_id, orden, descripcion) VALUES ('e02b22f6-f139-4e60-8038-a931785c12b2', 4, 'realizar un uso seguro de redes sociales') ON CONFLICT (objective_id, orden) DO UPDATE SET descripcion = EXCLUDED.descripcion;
INSERT INTO curriculum_objectives (id, grade_id, codigo, tipo, eje, descripcion) VALUES ('ea788f02-3d9f-4d51-a1f8-b38581833b31', 'f3072032-9834-45bd-8440-a8e14bdf3b80', 'OA5', 'conocimiento', 'Dimensión personal', 'Reconocer y describir causas y consecuencias del consumo de drogas (por ejemplo, tabaco, alcohol, marihuana), identificar factores que lo previenen y proponer estrategias para enfrentarlo, como mantener hábitos de vida saludable y aprender a manejar el stress.') ON CONFLICT (id) DO UPDATE SET grade_id = EXCLUDED.grade_id, codigo = EXCLUDED.codigo, tipo = EXCLUDED.tipo, eje = EXCLUDED.eje, descripcion = EXCLUDED.descripcion;
INSERT INTO curriculum_objectives (id, grade_id, codigo, tipo, eje, descripcion) VALUES ('c54b705a-613a-447c-9894-15bc81c4d800', 'f3072032-9834-45bd-8440-a8e14bdf3b80', 'OA6', 'conocimiento', 'Dimensión social', 'Manifestar actitudes de solidaridad y respeto, que favorezcan la convivencia, como:') ON CONFLICT (id) DO UPDATE SET grade_id = EXCLUDED.grade_id, codigo = EXCLUDED.codigo, tipo = EXCLUDED.tipo, eje = EXCLUDED.eje, descripcion = EXCLUDED.descripcion;
INSERT INTO curriculum_objective_items (objective_id, orden, descripcion) VALUES ('c54b705a-613a-447c-9894-15bc81c4d800', 1, 'actuar en forma empática (poniéndose en el lugar del otro)') ON CONFLICT (objective_id, orden) DO UPDATE SET descripcion = EXCLUDED.descripcion;
INSERT INTO curriculum_objective_items (objective_id, orden, descripcion) VALUES ('c54b705a-613a-447c-9894-15bc81c4d800', 2, 'utilizar un buen trato (por ejemplo, saludar, despedirse, pedir por favor)') ON CONFLICT (objective_id, orden) DO UPDATE SET descripcion = EXCLUDED.descripcion;
INSERT INTO curriculum_objective_items (objective_id, orden, descripcion) VALUES ('c54b705a-613a-447c-9894-15bc81c4d800', 3, 'evitar y rechazar toda forma de violencia y discriminación, ya sea por etnia, género, religión, nacionalidad, etc.') ON CONFLICT (objective_id, orden) DO UPDATE SET descripcion = EXCLUDED.descripcion;
INSERT INTO curriculum_objective_items (objective_id, orden, descripcion) VALUES ('c54b705a-613a-447c-9894-15bc81c4d800', 4, 'respetar el derecho de todos a expresar opiniones y ser diferente') ON CONFLICT (objective_id, orden) DO UPDATE SET descripcion = EXCLUDED.descripcion;
INSERT INTO curriculum_objective_items (objective_id, orden, descripcion) VALUES ('c54b705a-613a-447c-9894-15bc81c4d800', 5, 'prestar ayuda especialmente a quien lo necesite') ON CONFLICT (objective_id, orden) DO UPDATE SET descripcion = EXCLUDED.descripcion;
INSERT INTO curriculum_objective_items (objective_id, orden, descripcion) VALUES ('c54b705a-613a-447c-9894-15bc81c4d800', 6, 'respetar el ambiente de aprendizaje') ON CONFLICT (objective_id, orden) DO UPDATE SET descripcion = EXCLUDED.descripcion;
INSERT INTO curriculum_objectives (id, grade_id, codigo, tipo, eje, descripcion) VALUES ('222dae56-2783-4b55-8079-3485c169dccb', 'f3072032-9834-45bd-8440-a8e14bdf3b80', 'OA7', 'conocimiento', 'Dimensión social', 'Resolver conflictos de convivencia en forma autónoma, seleccionando y aplicando diversas estrategias de resolución de problemas. ctiva y colaborativamente en la comunidad escolar y en la organizaso: roles y responsabilidades, entre otros cráticas favorecer el aprendizaje y a desarrollar sus intereses, tales como:') ON CONFLICT (id) DO UPDATE SET grade_id = EXCLUDED.grade_id, codigo = EXCLUDED.codigo, tipo = EXCLUDED.tipo, eje = EXCLUDED.eje, descripcion = EXCLUDED.descripcion;
INSERT INTO curriculum_objective_items (objective_id, orden, descripcion) VALUES ('222dae56-2783-4b55-8079-3485c169dccb', 1, 'planificando y evaluando actividades encaminadas a un objetivo') ON CONFLICT (objective_id, orden) DO UPDATE SET descripcion = EXCLUDED.descripcion;
INSERT INTO curriculum_objective_items (objective_id, orden, descripcion) VALUES ('222dae56-2783-4b55-8079-3485c169dccb', 2, 'organizándose para resolver problemas cotidianos de la comunidad') ON CONFLICT (objective_id, orden) DO UPDATE SET descripcion = EXCLUDED.descripcion;
INSERT INTO curriculum_objective_items (objective_id, orden, descripcion) VALUES ('222dae56-2783-4b55-8079-3485c169dccb', 3, 'asumiendo y cumpliendo responsabilidades') ON CONFLICT (objective_id, orden) DO UPDATE SET descripcion = EXCLUDED.descripcion;
INSERT INTO curriculum_objective_items (objective_id, orden, descripcion) VALUES ('222dae56-2783-4b55-8079-3485c169dccb', 4, 'participando en las elecciones de curso y aceptando los resultados') ON CONFLICT (objective_id, orden) DO UPDATE SET descripcion = EXCLUDED.descripcion;
INSERT INTO curriculum_objective_items (objective_id, orden, descripcion) VALUES ('222dae56-2783-4b55-8079-3485c169dccb', 5, 'respetando los derechos de los demás, sin discriminar en la distribución de') ON CONFLICT (objective_id, orden) DO UPDATE SET descripcion = EXCLUDED.descripcion;
INSERT INTO curriculum_objective_items (objective_id, orden, descripcion) VALUES ('222dae56-2783-4b55-8079-3485c169dccb', 6, 'estableciendo acuerdos a través del diálogo y la toma de decisiones demo-') ON CONFLICT (objective_id, orden) DO UPDATE SET descripcion = EXCLUDED.descripcion;
INSERT INTO curriculum_objective_items (objective_id, orden, descripcion) VALUES ('222dae56-2783-4b55-8079-3485c169dccb', 7, 'evaluando el cumplimiento de los acuerdos de curso forma autónoma y perseverante, hábitos y actitudes orientadas a') ON CONFLICT (objective_id, orden) DO UPDATE SET descripcion = EXCLUDED.descripcion;
INSERT INTO curriculum_objective_items (objective_id, orden, descripcion) VALUES ('222dae56-2783-4b55-8079-3485c169dccb', 8, 'establecer metas de aprendizaje') ON CONFLICT (objective_id, orden) DO UPDATE SET descripcion = EXCLUDED.descripcion;
INSERT INTO curriculum_objective_items (objective_id, orden, descripcion) VALUES ('222dae56-2783-4b55-8079-3485c169dccb', 9, 'estudiar con anticipación, organizando su tiempo') ON CONFLICT (objective_id, orden) DO UPDATE SET descripcion = EXCLUDED.descripcion;
INSERT INTO curriculum_objective_items (objective_id, orden, descripcion) VALUES ('222dae56-2783-4b55-8079-3485c169dccb', 10, 'trabajar en forma colaborativa') ON CONFLICT (objective_id, orden) DO UPDATE SET descripcion = EXCLUDED.descripcion;
INSERT INTO curriculum_objective_items (objective_id, orden, descripcion) VALUES ('222dae56-2783-4b55-8079-3485c169dccb', 11, 'respetar el estudio y el trabajo de otros') ON CONFLICT (objective_id, orden) DO UPDATE SET descripcion = EXCLUDED.descripcion;
INSERT INTO curriculum_objective_items (objective_id, orden, descripcion) VALUES ('222dae56-2783-4b55-8079-3485c169dccb', 12, 'evitar el plagio y la copia') ON CONFLICT (objective_id, orden) DO UPDATE SET descripcion = EXCLUDED.descripcion;
INSERT INTO curriculum_objective_items (objective_id, orden, descripcion) VALUES ('222dae56-2783-4b55-8079-3485c169dccb', 13, 'preguntar y buscar información sobre temas de su interés') ON CONFLICT (objective_id, orden) DO UPDATE SET descripcion = EXCLUDED.descripcion;
INSERT INTO curriculum_objective_items (objective_id, orden, descripcion) VALUES ('222dae56-2783-4b55-8079-3485c169dccb', 14, 'desarrollar actividades en relación a sus propios intereses ipografías ena diseñada riantes. para ara portadas. ostura al') ON CONFLICT (objective_id, orden) DO UPDATE SET descripcion = EXCLUDED.descripcion;
COMMIT;
